Activity Type,Date,Favorite,Title,Distance,Calories,Time,Avg HR,Max HR,Aerobic TE,Avg Run Cadence,Max Run Cadence,Avg Pace,Best Pace,Total Ascent,Total Descent,Avg Stride Length,Avg Vertical Ratio,Avg Vertical Oscillation,Avg Ground Contact Time,Avg GCT Balance,Avg GAP,Avg Run Cadence,Max Run Cadence,Normalized Power® (NP®),L/R Balance,Training Stress Score®,Max Avg Power (20 min),Avg Power,Avg Seated Power,Avg Standing Power,Seated Time,Standing Time,Max Power,Max Seated Power,Max Standing Power,Total Strokes,Avg. Swolf,Avg Stroke Rate,Steps,Total Reps,Total Sets,Total Routes,Climb Time,Max Ascent,Sends,Total Ascent,Falls,Total Rest,Body Battery Drain,Min Temp,Decompression,Best Lap Time,Number of Laps,Max Temp,Avg Resp,Min Resp,Max Resp,Stress Change,Stress Start,Stress End,Avg Stress,Max Stress,Moving Time,Elapsed Time,Min Elevation,Max Elevation
Running,2026-10-08 18:04:42,false,"Gothenburg Running","3.45","302","00:22:37","155","172","2.5","166","185","6:33","4:44","35","25","0.92","8.4","7.9","291","49.3% L / 50.8% R","6:32","--","--","329","--","0.0","--","322","--","--","--","--","506","--","--","--","--","--","3,700","--","--","--","--","--","--","--","--","--","'-3","14.0","No","00:03:05.3","4","28.0","36","20","42","--","--","--","--","--","00:22:29","00:22:37","4","20"
Trail Running,2026-10-06 17:17:19,false,"Lerum Trail Running","7.01","750","00:56:50","160","182","3.4","152","242","8:07","5:05","184","179","0.82","10.5","8.5","307","49.5% L / 50.5% R","7:35","--","--","312","--","0.0","--","289","--","--","--","--","561","--","--","--","--","--","8,464","--","--","--","--","--","--","--","--","--","'-9","--","No","00:00:01.6","8","--","36","25","46","--","--","--","--","--","00:56:39","00:56:50","17","139"
Yoga,2026-10-05 18:51:53,false,"Yoga","--","389","00:59:17","112","158","2.0","--","--","--","--","--","--","--","--","--","--","--","--","--","--","--","--","0.0","--","--","--","--","--","--","--","--","--","--","--","--","--","--","1","--","--","--","--","--","--","--","'-5","25.0","No","00:59:17","1","30.0","16","11","27","'-33","52","19","75","100","00:59:17","00:59:17","--","--"
Running,2026-10-04 15:30:23,false,"Bun run","6.35","556","00:52:27","140","168","2.7","140","226","8:15","2:19","78","74","0.86","8.0","7.0","304","49.4% L / 50.6% R","8:09","--","--","287","--","0.0","--","240","--","--","--","--","1,037","--","--","--","--","--","7,342","--","--","--","--","--","--","--","--","--","'-7","19.0","No","00:02:43.3","8","24.0","30","13","40","--","--","--","--","--","00:48:48","00:52:27","165","195"
Indoor Climbing,2026-10-02 10:52:09,false,"Indoor Climbing","--","442","01:04:38","113","150","1.3","--","--","--","--","13","--","--","--","--","--","--","--","--","--","--","--","0.0","--","--","--","--","--","--","--","--","--","--","--","--","882","--","--","3","4:24","6","--","13","--","1:00:14","'-4","27.0","No","01:04:38","1","30.0","--","--","--","--","--","--","--","--","00:00:00","01:04:38","'-14","'-2"
Running,2026-10-01 17:44:28,false,"Gothenburg - Base","5.87","492","00:36:02","153","166","3.0","168","188","6:08","5:15","29","37","0.97","8.6","8.5","261","49.4% L / 50.6% R","6:09","--","--","336","--","0.0","--","332","--","--","--","--","485","--","--","--","--","--","5,998","--","--","--","--","--","--","--","--","--","'-6","22.0","No","00:00:02.3","7","29.0","36","21","44","--","--","--","--","--","00:36:00","01:01:05","4","13"
Indoor Climbing,2026-09-30 18:00:41,false,"Indoor Climbing","--","254","00:30:44","117","167","1.9","--","--","--","--","20","--","--","--","--","--","--","--","--","--","--","--","0.0","--","--","--","--","--","--","--","--","--","--","--","--","250","--","--","2","4:35","10","--","20","--","26:09","'-3","27.0","No","00:30:44","1","30.0","--","--","--","--","--","--","--","--","00:00:00","00:30:44","19","29"
Running,2026-09-29 17:44:04,false,"Gothenburg - Threshold","6.28","532","00:36:03","165","183","3.6","171","195","5:45","4:38","37","33","1.02","7.5","7.8","257","49.3% L / 50.7% R","5:43","--","--","354","--","0.0","--","343","--","--","--","--","519","--","--","--","--","--","6,114","--","--","--","--","--","--","--","--","--","'-7","19.0","No","00:00:02.8","9","25.0","38","23","47","--","--","--","--","--","00:36:01","00:36:03","6","19"
Yoga,2026-09-28 18:52:00,false,"Yoga","--","364","00:59:06","110","154","1.7","--","--","--","--","--","--","--","--","--","--","--","--","--","--","--","--","0.0","--","--","--","--","--","--","--","--","--","--","--","--","--","--","1","--","--","--","--","--","--","--","'-5","26.0","No","00:59:06","1","29.0","16","9","22","78","22","100","81","100","00:59:06","00:59:06","--","--"
Trail Running,2026-09-27 17:57:29,false,"Gothenburg - Base","4.60","389","00:30:36","146","159","2.6","167","188","6:39","5:50","27","28","0.90","9.3","8.5","282","49.4% L / 50.6% R","6:37","--","--","324","--","0.0","--","321","--","--","--","--","445","--","--","--","--","--","5,074","--","--","--","--","--","--","--","--","--","'-5","--","No","00:00:35.7","6","--","33","17","39","--","--","--","--","--","00:30:33","00:30:36","4","21"
Indoor Climbing,2026-09-27 15:09:20,false,"Indoor Climbing","--","581","01:41:12","106","156","0.9","--","--","--","--","40","--","--","--","--","--","--","--","--","--","--","--","0.0","--","--","--","--","--","--","--","--","--","--","--","--","988","--","--","8","10:42","9","--","40","--","1:30:30","'-8","26.0","No","01:41:12","1","31.0","--","--","--","--","--","--","--","--","00:00:00","01:41:12","24","37"
Trail Running,2026-09-26 10:04:34,false,"Gothenburg - Base","7.65","742","00:57:40","153","173","3.2","153","221","7:32","4:38","226","160","0.87","9.1","7.9","281","49.3% L / 50.7% R","6:57","--","--","306","--","0.0","--","293","--","--","--","--","537","--","--","--","--","--","8,682","--","--","--","--","--","--","--","--","--","'-15","--","No","00:00:39.8","9","--","36","21","44","--","--","--","--","--","00:57:23","00:57:40","15","103"
Running,2026-09-24 17:13:51,false,"Gothenburg - Threshold","6.92","575","00:41:53","158","179","3.4","168","193","6:03","4:34","39","35","0.98","8.0","8.0","265","50.2% L / 49.8% R","6:01","--","--","346","--","0.0","--","330","--","--","--","--","479","--","--","--","--","--","6,954","--","--","--","--","--","--","--","--","--","'-10","21.0","No","00:00:42.0","12","30.0","35","19","46","--","--","--","--","--","00:41:48","00:41:53","5","18"
Indoor Climbing,2026-09-23 19:08:14,false,"Indoor Climbing","--","339","00:52:58","108","165","1.4","--","--","--","--","85","--","--","--","--","--","--","--","--","--","--","--","0.0","--","--","--","--","--","--","--","--","--","--","--","--","242","--","--","11","18:06","10","--","85","--","34:52","'-7","26.0","No","00:52:58","1","31.0","--","--","--","--","--","--","--","--","00:00:00","00:52:58","28","38"
Running,2026-09-22 17:23:13,false,"Gothenburg Running","6.69","574","00:40:56","160","193","3.7","163","198","6:07","3:31","75","31","0.99","7.6","7.7","275","48.8% L / 51.2% R","5:59","--","--","359","--","0.0","--","327","--","--","--","--","657","--","--","--","--","--","6,584","--","--","--","--","--","--","--","--","--","'-10","20.0","No","00:00:53.1","13","26.0","35","24","44","--","--","--","--","--","00:40:52","00:40:56","5","54"
Yoga,2026-09-21 18:52:05,false,"Yoga","--","389","00:59:18","113","157","2.0","--","--","--","--","--","--","--","--","--","--","--","--","--","--","--","--","0.0","--","--","--","--","--","--","--","--","--","--","--","--","--","--","1","--","--","--","--","--","--","--","'-6","25.0","No","00:59:18","1","28.0","14","7","25","9","91","100","84","100","00:59:18","00:59:18","--","--"
Running,2026-09-21 18:19:48,false,"Gothenburg Running","2.74","231","00:17:50","143","157","2.4","164","184","6:31","3:48","12","15","0.93","8.9","8.3","284","--","6:32","--","--","323","--","0.0","--","317","--","--","--","--","560","--","--","--","--","--","2,926","--","--","--","--","--","--","--","--","--","'-4","21.0","No","00:04:38.9","3","28.0","--","--","--","--","--","--","--","--","00:17:40","00:17:50","5","18"
Indoor Climbing,2026-09-19 16:30:24,false,"Indoor Climbing","--","595","01:55:46","103","144","0.7","--","--","--","--","17","--","--","--","--","--","--","--","--","--","--","--","0.0","--","--","--","--","--","--","--","--","--","--","--","--","1,316","--","--","5","4:26","4","--","17","--","1:51:20","'-7","27.0","No","01:55:46","1","29.0","--","--","--","--","--","--","--","--","00:00:00","01:55:46","'-8","1"
Trail Running,2026-09-18 10:27:20,false,"Gothenburg Running","18.31","1,679","02:42:47","148","177","3.6","138","181","8:54","5:37","389","388","0.80","9.5","7.4","314","--","8:33","--","--","258","--","0.0","--","234","--","--","--","--","423","--","--","--","--","--","23,030","--","--","--","--","--","--","--","--","--","'-21","18.0","No","00:01:59.7","19","26.0","--","--","--","--","--","--","--","--","02:41:25","02:42:47","59","131"
Running,2026-09-17 17:37:03,false,"Gothenburg - Base","6.83","567","00:45:44","149","167","2.9","166","188","6:42","5:19","54","51","0.90","8.8","8.1","277","48.6% L / 51.4% R","6:40","--","--","315","--","0.0","--","311","--","--","--","--","480","--","--","--","--","--","7,502","--","--","--","--","--","--","--","--","--","'-9","20.0","No","00:02:48.8","8","27.0","33","24","39","--","--","--","--","--","00:45:26","00:45:44","4","15"
Indoor Climbing,2026-09-16 18:53:51,false,"Indoor Climbing","--","387","01:00:51","110","173","1.2","--","--","--","--","114","--","--","--","--","--","--","--","--","--","--","--","0.0","--","--","--","--","--","--","--","--","--","--","--","--","306","--","--","13","22:23","12","--","114","--","38:28","'-7","23.0","No","01:00:51","1","31.0","--","--","--","--","--","--","--","--","00:00:00","01:00:51","19","35"
Running,2026-09-15 17:50:55,false,"Gothenburg - Threshold","6.05","498","00:36:03","163","186","3.4","169","188","5:57","4:41","37","30","0.99","8.3","8.4","253","49.9% L / 50.1% R","5:56","--","--","336","--","0.0","--","330","--","--","--","--","495","--","--","--","--","--","6,022","--","--","--","--","--","--","--","--","--","'-10","20.0","No","00:00:02.6","9","25.0","36","23","45","--","--","--","--","--","00:36:01","00:36:03","3","19"
Yoga,2026-09-14 18:50:24,false,"Yoga","--","364","01:00:58","114","161","2.0","--","--","--","--","--","--","--","--","--","--","--","--","--","--","--","--","0.0","--","--","--","--","--","--","--","--","--","--","--","--","--","--","1","--","--","--","--","--","--","--","'-6","25.0","No","01:00:58","1","28.0","15","9","23","'-37","56","19","89","100","01:00:58","01:01:14","--","--"
Indoor Climbing,2026-09-13 16:15:08,false,"Indoor Climbing","--","539","01:45:43","106","164","1.0","--","--","--","--","40","--","--","--","--","--","--","--","--","--","--","--","0.0","--","--","--","--","--","--","--","--","--","--","--","--","600","--","--","5","14:16","11","--","40","--","1:31:27","'-10","27.0","No","01:45:43","1","32.0","--","--","--","--","--","--","--","--","00:00:00","01:45:43","16","29"
Running,2026-09-12 17:47:07,false,"Borås Running","5.79","451","00:45:53","138","193","2.6","154","199","7:56","4:05","99","96","0.81","9.1","7.4","315","50.1% L / 49.9% R","7:44","--","--","333","--","0.0","--","264","--","--","--","--","745","--","--","--","--","--","7,026","--","--","--","--","--","--","--","--","--","'-6","18.0","No","00:06:07.4","6","25.0","31","14","44","--","--","--","--","--","00:45:52","00:45:53","256","291"
Running,2026-09-11 09:28:20,false,"Gothenburg - Base","10.04","892","01:15:16","158","179","3.2","163","191","7:30","4:56","211","199","0.82","10.0","8.3","276","49.5% L / 50.5% R","7:13","--","--","305","--","0.0","--","294","--","--","--","--","460","--","--","--","--","--","12,142","--","--","--","--","--","--","--","--","--","'-13","19.0","No","00:02:03.4","11","28.0","34","23","42","--","--","--","--","--","01:15:13","01:15:16","54","111"
Gravel/Unpaved Cycling,2026-09-10 17:03:06,false,"Gothenburg - Anaerobic","18.89","595","01:10:16","134","187","2.8","--","--","16.1","35.3","249","250","--","--","--","--","--","--","65","113","180","44% L / 56% R","60.2","152","115","--","--","--","--","669","--","--","4096","--","--","--","--","--","--","--","--","--","--","--","--","--","15.0","No","00:00:20","14","24.0","28","17","44","--","--","--","--","--","01:08:10","01:10:16","5","97"
Running,2026-09-08 15:28:16,false,"Gothenburg - Base","4.78","404","00:30:02","157","173","3.0","169","185","6:17","5:18","40","38","0.94","9.4","9.1","271","50.1% L / 49.9% R","6:15","--","--","353","--","0.0","--","349","--","--","--","--","496","--","--","--","--","--","5,018","--","--","--","--","--","--","--","--","--","'-8","23.0","No","00:00:02.3","6","29.0","36","20","43","--","--","--","--","--","00:30:00","00:30:02","2","21"
Gravel/Unpaved Cycling,2026-09-07 18:20:41,false,"Gothenburg Gravel/Unpaved Cycling","8.42","259","00:40:33","--","--","0.5","--","--","12.5","38.5","85","83","--","--","--","--","--","--","64","111","139","44% L / 56% R","20.7","90","80","--","--","--","--","659","--","--","1654","--","--","--","--","--","--","--","--","--","--","--","--","--","17.0","No","00:40:33","1","27.0","--","--","--","--","--","--","--","--","00:28:48","00:40:33","9","40"
Indoor Climbing,2026-09-06 15:43:03,false,"Indoor Climbing","--","264","01:27:29","82","130","0.2","--","--","--","--","42","--","--","--","--","--","--","--","--","--","--","--","0.0","--","--","--","--","--","--","--","--","--","--","--","--","554","--","--","4","8:52","12","--","42","--","1:18:37","'-4","26.0","No","01:27:29","1","28.0","--","--","--","--","--","--","--","--","00:00:00","01:27:29","16","31"
Running,2026-09-05 21:45:52,false,"Gothenburg - Midnattsloppet Gothenburg (10K)","10.15","863","00:55:45","179","196","4.7","174","181","5:30","4:44","58","58","1.04","7.5","8.0","243","48.6% L / 51.4% R","5:28","--","--","361","--","0.0","--","357","--","--","--","--","459","--","--","--","--","--","9,590","--","--","--","--","--","--","--","--","--","'-10","19.0","No","00:00:42.0","11","26.0","39","22","47","--","--","--","--","--","00:55:43","00:55:45","6","27"
Running,2026-09-02 17:43:45,false,"Gothenburg - Base","6.05","515","00:36:17","163","176","3.3","172","180","6:00","5:02","93","81","0.97","8.1","8.1","253","49.3% L / 50.7% R","5:52","--","--","352","--","0.0","--","346","--","--","--","--","466","--","--","--","--","--","6,180","--","--","--","--","--","--","--","--","--","'-6","24.0","No","00:00:17.0","7","26.0","35","19","43","--","--","--","--","--","00:36:14","00:36:17","8","86"
Yoga,2026-08-31 13:01:21,false,"Yoga","--","154","00:51:49","86","111","0.1","--","--","--","--","--","--","--","--","--","--","--","--","--","--","--","--","0.0","--","--","--","--","--","--","--","--","--","--","--","--","--","--","1","--","--","--","--","--","--","--","'-5","32.0","No","00:51:49","1","34.0","12","6","22","9","72","81","57","97","00:51:49","00:51:49","--","--"
Running,2026-08-31 10:10:02,false,"Gothenburg - Base","5.82","492","00:36:03","158","172","3.1","169","185","6:11","5:27","34","37","0.95","8.4","8.2","276","49.3% L / 50.7% R","6:12","--","--","336","--","0.0","--","333","--","--","--","--","481","--","--","--","--","--","6,052","--","--","--","--","--","--","--","--","--","--","23.0","No","00:00:02.6","7","28.0","36","21","42","--","--","--","--","--","00:36:00","00:36:03","3","12"
Indoor Climbing,2026-08-30 11:40:33,false,"Indoor Climbing","--","427","01:19:11","106","152","0.5","--","--","--","--","44","--","--","--","--","--","--","--","--","--","--","--","0.0","--","--","--","--","--","--","--","--","--","--","--","--","1,212","--","--","5","8:04","10","--","44","--","1:11:07","'-8","27.0","No","01:19:11","1","31.0","--","--","--","--","--","--","--","--","00:00:00","01:19:11","13","37"
Running,2026-08-27 18:14:06,false,"Gothenburg - Base","5.47","469","00:36:06","154","165","2.9","166","185","6:36","5:07","40","37","0.91","9.2","8.5","281","49.5% L / 50.5% R","6:35","--","--","318","--","0.0","--","315","--","--","--","--","465","--","--","--","--","--","5,938","--","--","--","--","--","--","--","--","--","'-8","26.0","No","00:00:05.6","7","30.0","35","24","40","--","--","--","--","--","00:36:04","00:36:06","4","15"
Running,2026-08-25 17:26:55,false,"Gothenburg - Threshold","6.06","506","00:36:11","161","179","3.4","168","192","5:58","4:52","34","37","1.00","8.3","8.4","270","50.0% L / 50.0% R","5:57","--","--","348","--","0.0","--","338","--","--","--","--","507","--","--","--","--","--","5,964","--","--","--","--","--","--","--","--","--","'-8","27.0","No","00:00:11.0","8","34.0","36","23","44","--","--","--","--","--","00:36:09","00:36:11","4","19"
Running,2026-08-23 14:36:01,false,"Gothenburg - Base","6.12","516","00:40:03","149","163","3.0","166","184","6:32","4:37","34","37","0.93","9.2","8.7","280","49.4% L / 50.6% R","6:32","--","--","326","--","0.0","--","322","--","--","--","--","498","--","--","--","--","--","6,598","--","--","--","--","--","--","--","--","--","'-12","23.0","No","00:00:02.7","8","29.0","32","21","39","--","--","--","--","--","00:40:01","00:40:03","4","13"
Trail Running,2026-08-22 13:26:41,false,"Säve trail","6.85","688","00:46:51","174","199","4.1","145","250","6:51","3:55","133","136","0.97","8.7","8.3","298","--","6:26","--","--","324","--","0.0","--","301","--","--","--","--","648","--","--","--","--","--","6,942","--","--","--","--","--","--","--","--","--","'-10","--","No","00:04:19.5","7","--","--","--","--","--","--","--","--","--","00:46:37","00:46:51","23","108"
Running,2026-08-21 09:21:30,false,"Gothenburg - Sprint","4.58","394","00:29:18","158","187","3.1","164","229","6:24","2:19","30","29","0.89","9.8","8.7","292","49.8% L / 50.2% R","6:40","--","--","355","--","0.0","--","334","--","--","--","--","941","--","--","--","--","--","4,720","--","--","--","--","--","--","--","--","--","'-8","22.0","No","00:00:03.0","14","29.0","36","21","43","--","--","--","--","--","00:29:17","00:29:18","4","11"
Indoor Climbing,2026-08-19 19:29:23,false,"Indoor Climbing","--","392","00:59:22","114","172","1.1","--","--","--","--","91","--","--","--","--","--","--","--","--","--","--","--","0.0","--","--","--","--","--","--","--","--","--","--","--","--","328","--","--","11","19:19","13","--","91","--","40:03","'-7","24.0","No","00:59:22","1","31.0","--","--","--","--","--","--","--","--","00:00:00","00:59:25","21","36"
Gravel/Unpaved Cycling,2026-08-18 19:22:43,false,"Gothenburg Gravel/Unpaved Cycling","18.11","498","00:43:09","139","164","2.5","--","--","25.2","41.8","89","89","--","--","--","--","--","--","80","105","186","46% L / 54% R","39.4","175","166","--","--","--","--","678","--","--","3449","--","--","--","--","--","--","--","--","--","--","--","--","--","17.0","No","00:18:06","2","25.0","32","18","41","--","--","--","--","--","00:43:07","00:43:55","5","24"
Running,2026-08-17 17:52:18,false,"Gothenburg - Tempo","7.53","635","00:46:04","159","178","3.6","166","197","6:07","4:20","39","35","0.98","8.4","8.3","273","50.1% L / 49.9% R","6:07","--","--","337","--","0.0","--","330","--","--","--","--","479","--","--","--","--","--","7,586","--","--","--","--","--","--","--","--","--","'-10","22.0","No","00:00:03.6","12","29.0","35","24","44","--","--","--","--","--","00:46:02","00:46:04","4","13"
Indoor Climbing,2026-08-16 15:07:05,false,"Indoor Climbing","--","642","02:05:51","107","168","1.6","--","--","--","--","76","--","--","--","--","--","--","--","--","--","--","--","0.0","--","--","--","--","--","--","--","--","--","--","--","--","710","--","--","8","23:29","13","--","76","--","1:42:21","'-8","28.0","No","02:05:51","1","32.0","--","--","--","--","--","--","--","--","00:00:00","02:05:51","25","39"
Running,2026-08-16 10:04:43,false,"Gothenburg - Recovery","3.67","280","00:26:05","139","149","2.3","163","182","7:07","4:57","24","23","0.87","9.9","8.7","284","49.1% L / 50.9% R","7:04","--","--","291","--","0.0","--","288","--","--","--","--","455","--","--","--","--","--","4,204","--","--","--","--","--","--","--","--","--","'-4","25.0","No","00:00:05.0","5","30.0","30","22","37","--","--","--","--","--","00:26:03","00:26:05","4","19"
Gravel/Unpaved Cycling,2026-08-15 12:20:02,false,"Gothenburg Gravel/Unpaved Cycling","22.73","662","01:10:16","136","185","3.2","--","--","19.4","50.2","331","337","--","--","--","--","--","--","71","110","206","46% L / 54% R","81.2","181","131","--","--","--","--","745","--","--","4382","--","--","--","--","--","--","--","--","--","--","--","--","--","19.0","No","01:10:16","1","23.0","30","17","47","--","--","--","--","--","01:10:07","01:13:09","10","89"
Trail Running,2026-08-14 16:07:42,false,"Gothenburg - Base","4.83","439","00:33:03","157","170","3.1","158","190","6:50","4:45","82","85","0.94","8.6","8.2","283","49.2% L / 50.8% R","6:32","--","--","315","--","0.0","--","307","--","--","--","--","511","--","--","--","--","--","5,154","--","--","--","--","--","--","--","--","--","'-7","--","No","00:00:02.6","6","--","36","19","45","--","--","--","--","--","00:32:49","00:33:03","12","81"
Road Cycling,2026-08-13 17:34:02,false,"Gothenburg Road Cycling","18.19","462","00:49:09","117","148","2.2","--","--","22.2","51.2","134","132","--","--","--","--","--","--","70","111","154","45% L / 55% R","31.7","138","131","--","--","--","--","691","--","--","3392","--","--","--","--","--","--","--","--","--","--","--","--","--","22.0","No","00:09:36.5","4","26.0","27","13","34","--","--","--","--","--","00:48:59","00:54:13","6","27"
Indoor Climbing,2026-08-12 18:10:37,false,"Indoor Climbing","--","338","01:05:26","101","162","1.0","--","--","--","--","70","--","--","--","--","--","--","--","--","--","--","--","0.0","--","--","--","--","--","--","--","--","--","--","--","--","1,442","--","--","9","17:58","10","--","70","--","47:28","'-7","24.0","No","01:05:26","1","31.0","--","--","--","--","--","--","--","--","00:00:00","01:05:26","10","36"
Running,2026-08-11 12:37:07,false,"Gothenburg - Base","6.71","561","00:43:03","155","165","3.2","166","204","6:25","4:47","43","48","0.94","8.6","8.2","275","48.6% L / 51.4% R","6:25","--","--","315","--","0.0","--","311","--","--","--","--","450","--","--","--","--","--","7,080","--","--","--","--","--","--","--","--","--","'-11","25.0","No","00:00:03.0","8","31.0","34","18","40","--","--","--","--","--","00:43:01","00:43:03","3","13"
Running,2026-08-10 17:45:24,false,"Gothenburg - Base","4.79","417","00:33:04","151","165","2.9","158","195","6:54","4:56","86","88","0.92","9.1","8.5","299","50.4% L / 49.6% R","6:36","--","--","324","--","0.0","--","317","--","--","--","--","498","--","--","--","--","--","5,142","--","--","--","--","--","--","--","--","--","'-9","23.0","No","00:00:03.8","6","29.0","34","23","42","--","--","--","--","--","00:32:49","00:33:04","14","84"
Cycling,2026-08-08 10:03:04,false,"Gothenburg Cycling","128.25","3,469","07:59:34","133","182","4.1","--","--","16.0","54.3","1,056","1,038","--","--","--","--","--","--","69","115","143","46% L / 54% R","229.6","167","107","--","--","--","--","623","--","--","24387","--","--","--","--","--","--","--","--","--","--","--","--","'-52","21.0","No","00:11:32","26","30.0","27","15","40","--","--","--","--","--","06:36:33","08:25:59","6","186"
Cycling,2026-08-07 12:57:05,false,"Gothenburg Cycling","18.27","479","00:53:05","121","164","2.3","--","--","20.6","43.2","121","123","--","--","--","--","--","--","72","95","155","46% L / 54% R","34.7","149","124","--","--","--","--","530","--","--","3431","--","--","--","--","--","--","--","--","--","--","--","--","'-8","23.0","No","00:11:04","4","29.0","26","13","35","--","--","--","--","--","00:48:48","00:53:05","4","25"
Indoor Climbing,2026-08-06 14:01:19,false,"Indoor Climbing","--","321","01:04:09","98","159","0.9","--","--","--","--","106","--","--","--","--","--","--","--","--","--","--","--","0.0","--","--","--","--","--","--","--","--","--","--","--","--","160","--","--","13","23:01","10","--","106","--","41:08","'-8","25.0","No","01:04:09","1","31.0","--","--","--","--","--","--","--","--","00:00:00","01:04:09","22","34"
Running,2026-08-05 20:00:32,false,"Gothenburg - Base","4.68","387","00:27:27","156","170","3.2","168","194","5:52","5:11","35","35","1.02","8.1","8.5","271","48.5% L / 51.5% R","5:51","--","--","348","--","0.0","--","345","--","--","--","--","484","--","--","--","--","--","4,576","--","--","--","--","--","--","--","--","--","'-6","25.0","No","00:04:02.1","5","30.0","37","22","44","--","--","--","--","--","00:27:25","00:27:27","5","12"
Running,2026-08-02 20:05:49,false,"Ebenthal in Kärnten - Base","5.56","467","00:33:02","162","174","3.3","166","183","5:56","5:15","12","13","1.01","8.0","8.3","260","49.5% L / 50.5% R","5:56","--","--","325","--","0.0","--","323","--","--","--","--","412","--","--","--","--","--","5,444","--","--","--","--","--","--","--","--","--","'-7","30.0","No","00:00:02.1","7","32.0","36","25","42","--","--","--","--","--","00:33:00","00:33:02","430","439"
Running,2026-07-31 07:44:53,false,"Medulin - Long Run","8.17","745","01:06:30","151","174","3.2","143","186","8:08","5:41","130","147","0.86","8.6","7.5","299","49.8% L / 50.2% R","8:00","--","--","278","--","0.0","--","242","--","--","--","--","488","--","--","--","--","--","9,406","--","--","--","--","--","--","--","--","--","'-13","31.0","No","00:04:14.5","9","35.0","33","21","42","--","--","--","--","--","01:06:13","01:06:30","4","57"
Running,2026-07-30 19:11:34,false,"Medulin Running","3.00","244","00:27:01","134","154","1.5","152","167","8:59","6:10","39","44","0.74","11.9","8.8","331","50.2% L / 49.8% R","8:49","--","--","271","--","0.0","--","265","--","--","--","--","370","--","--","--","--","--","4,090","--","--","--","--","--","--","--","--","--","'-2","32.0","No","00:00:02.4","4","33.0","31","24","38","--","--","--","--","--","00:26:50","00:27:01","20","48"
Running,2026-07-29 08:51:06,false,"Medulin - VO2 Max","6.51","609","00:49:46","158","191","3.5","135","209","7:39","4:36","96","113","0.92","7.9","7.4","334","49.9% L / 50.1% R","7:22","--","--","298","--","0.0","--","241","--","--","--","--","490","--","--","--","--","--","6,630","--","--","--","--","--","--","--","--","--","'-11","31.0","No","00:02:00","13","35.0","36","22","48","--","--","--","--","--","00:49:45","00:49:46","6","76"
Running,2026-07-28 19:52:34,false,"Medulin Running","4.01","327","00:36:09","133","155","1.8","149","197","9:01","6:44","48","62","0.75","11.6","8.7","329","50.8% L / 49.2% R","8:55","--","--","272","--","0.0","--","259","--","--","--","--","393","--","--","--","--","--","5,318","--","--","--","--","--","--","--","--","--","'-2","30.0","No","00:00:03.5","5","31.0","31","21","39","--","--","--","--","--","00:35:14","00:36:09","4","48"
Open Water Swimming,2026-07-27 14:35:24,false,"Medulin Open Water Swimming","320","148","00:15:24","122","162","1.6","--","--","4:48","0:47","--","--","--","--","--","--","--","--","--","--","--","--","0.0","--","--","--","--","--","--","--","--","--","301","96","21","--","--","--","--","--","--","--","--","--","--","'-2","26.0","No","00:00:44.6","4","26.0","--","--","--","--","--","--","--","--","00:13:49","00:17:00","--","--"
Running,2026-07-26 10:57:18,false,"Medulin Running","5.11","421","00:46:08","129","179","2.0","147","208","9:02","3:28","126","135","0.76","11.2","8.5","320","50.3% L / 49.7% R","8:46","--","--","289","--","0.0","--","259","--","--","--","--","641","--","--","--","--","--","6,696","--","--","--","--","--","--","--","--","--","'-9","23.0","No","00:01:58.6","6","28.0","29","18","39","--","--","--","--","--","00:43:47","00:46:08","'-3","53"
Indoor Climbing,2026-07-24 15:33:35,false,"Indoor Climbing","--","522","01:35:21","105","149","0.7","--","--","--","--","7","--","--","--","--","--","--","--","--","--","--","--","0.0","--","--","--","--","--","--","--","--","--","--","--","--","742","--","--","2","1:30","4","--","7","--","1:33:51","'-8","29.0","No","01:35:21","1","31.0","--","--","--","--","--","--","--","--","00:00:00","01:35:21","409","415"
Running,2026-07-23 16:06:59,false,"Ebenthal in Kärnten Running","3.61","295","00:26:34","141","161","2.0","163","172","7:22","5:11","23","11","0.83","9.6","8.1","286","48.8% L / 51.2% R","7:11","--","--","279","--","0.0","--","277","--","--","--","--","384","--","--","--","--","--","4,316","--","--","--","--","--","--","--","--","--","'-3","28.0","No","00:04:48.1","4","31.0","28","20","40","--","--","--","--","--","00:26:27","00:26:34","419","441"
Hiking,2026-07-22 15:45:07,false,"Ferlach Hiking","3.47","216","00:34:50","108","123","0.7","120","130","10:01","9:06","48","46","0.83","--","--","--","--","--","--","--","--","--","0.0","--","--","--","--","--","--","--","--","--","--","--","--","4,218","--","--","--","--","--","--","--","--","--","'-1","25.0","No","00:34:50","1","33.0","--","--","--","--","--","--","--","--","00:34:35","00:34:50","1,003","1,041"
Hiking,2026-07-22 12:57:49,false,"Ferlach Hiking","7.39","807","02:45:57","100","128","0.6","55","160","22:28","5:09","491","112","0.81","--","--","--","--","--","--","--","--","--","0.0","--","--","--","--","--","--","--","--","--","--","--","--","11,116","--","--","--","--","--","--","--","--","--","'-10","24.0","No","02:45:57","1","34.0","--","--","--","--","--","--","--","--","01:35:27","02:45:57","572","1,012"
Running,2026-07-21 07:57:33,false,"Gothenburg - Threshold","6.08","513","00:35:15","165","181","3.4","171","197","5:48","4:36","34","35","1.00","7.8","8.0","259","50.1% L / 49.9% R","5:47","--","--","340","--","0.0","--","334","--","--","--","--","483","--","--","--","--","--","5,994","--","--","--","--","--","--","--","--","--","'-12","22.0","No","00:00:15.3","8","27.0","37","20","46","--","--","--","--","--","00:35:14","00:35:15","4","13"
Running,2026-07-20 10:20:55,false,"Gothenburg - Base","4.86","412","00:30:18","151","163","2.9","167","186","6:14","5:06","37","36","0.96","8.5","8.4","260","49.3% L / 50.7% R","6:13","--","--","332","--","0.0","--","326","--","--","--","--","496","--","--","--","--","--","5,014","--","--","--","--","--","--","--","--","--","'-7","24.0","No","00:00:18.3","6","28.0","34","20","40","--","--","--","--","--","00:30:16","00:30:18","4","14"
Indoor Climbing,2026-07-19 15:27:41,false,"Indoor Climbing","--","394","01:26:04","94","148","0.5","--","--","--","--","64","--","--","--","--","--","--","--","--","--","--","--","0.0","--","--","--","--","--","--","--","--","--","--","--","--","542","--","--","6","17:38","12","--","64","--","1:08:25","'-7","27.0","No","01:26:04","1","30.0","--","--","--","--","--","--","--","--","00:00:00","01:26:04","5","23"
Running,2026-07-17 16:12:14,false,"Trollhättan - Kraftprovet (11.6 km)","11.61","1,129","01:18:57","179","196","4.1","162","192","6:48","4:23","172","168","0.90","9.1","8.1","287","--","6:39","--","--","327","--","0.0","--","312","--","--","--","--","514","--","--","--","--","--","12,882","--","--","--","--","--","--","--","--","--","'-15","31.0","No","00:03:20.0","12","34.0","36","20","40","--","--","--","--","--","01:18:34","01:18:57","13","86"
Cycling,2026-07-14 18:34:30,false,"Gothenburg - Base","5.91","151","00:13:12","137","148","1.6","--","--","26.9","40.9","34","32","--","--","--","--","--","--","74","91","170","47% L / 53% R","10.0","--","163","--","--","--","--","335","--","--","979","--","--","--","--","--","--","--","--","--","--","--","--","'-2","29.0","No","00:02:04.8","2","32.0","32","20","38","--","--","--","--","--","00:13:07","00:13:12","14","26"
Indoor Climbing,2026-07-14 11:03:15,false,"Indoor Climbing","--","370","01:20:39","99","138","0.3","--","--","--","--","7","--","--","--","--","--","--","--","--","--","--","--","0.0","--","--","--","--","--","--","--","--","--","--","--","--","518","--","--","2","1:42","3","--","7","--","1:18:57","'-8","27.0","No","01:20:39","1","30.0","--","--","--","--","--","--","--","--","00:00:00","01:20:39","'-4","1"
Running,2026-07-13 17:56:57,false,"Gothenburg - Tempo","6.95","586","00:42:05","165","188","3.4","164","189","6:03","4:56","29","32","1.01","7.7","7.9","262","49.8% L / 50.2% R","6:01","--","--","338","--","0.0","--","321","--","--","--","--","467","--","--","--","--","--","6,804","--","--","--","--","--","--","--","--","--","'-8","28.0","No","00:02:00","10","35.0","35","23","43","--","--","--","--","--","00:42:04","00:42:05","4","13"
Indoor Climbing,2026-07-12 15:14:11,false,"Indoor Climbing","--","674","02:11:08","106","159","0.9","--","--","--","--","108","--","--","--","--","--","--","--","--","--","--","--","0.0","--","--","--","--","--","--","--","--","--","--","--","--","602","--","--","12","25:35","12","--","108","--","1:45:33","'-9","29.0","No","02:11:08","1","32.0","--","--","--","--","--","--","--","--","00:00:00","02:11:08","34","48"
Trail Running,2026-07-12 09:09:38,false,"Bjursjöås gul","5.01","468","00:39:06","157","181","2.6","155","208","7:48","4:19","89","102","0.84","10.7","8.9","310","49.8% L / 50.2% R","7:38","--","--","308","--","0.0","--","296","--","--","--","--","462","--","--","--","--","--","5,912","--","--","--","--","--","--","--","--","--","'-8","24.0","No","00:00:05.7","6","29.0","33","18","39","--","--","--","--","--","00:38:39","00:39:06","89","120"
Cycling,2026-07-11 09:22:04,false,"Gothenburg - Base","18.08","470","00:44:31","136","154","2.3","--","--","24.4","47.8","116","120","--","--","--","--","--","--","76","104","160","47% L / 53% R","31.0","164","149","--","--","--","--","449","--","--","3356","--","--","--","--","--","--","--","--","--","--","--","--","'-7","26.0","No","00:04:30.9","5","31.0","31","18","37","--","--","--","--","--","00:44:27","00:44:31","5","29"
Indoor Climbing,2026-07-10 13:51:42,false,"Indoor Climbing","--","341","00:55:17","111","165","1.0","--","--","--","--","78","--","--","--","--","--","--","--","--","--","--","--","0.0","--","--","--","--","--","--","--","--","--","--","--","--","686","--","--","12","17:41","9","--","78","--","37:36","'-5","28.0","No","00:55:17","1","31.0","--","--","--","--","--","--","--","--","00:00:00","00:55:17","19","28"
Running,2026-07-09 17:52:29,false,"Gothenburg - Threshold","6.95","563","00:40:02","165","184","3.5","167","184","5:45","3:22","31","37","1.04","7.7","8.2","268","49.8% L / 50.2% R","5:45","--","--","351","--","0.0","--","338","--","--","--","--","563","--","--","--","--","--","6,628","--","--","--","--","--","--","--","--","--","'-10","27.0","No","00:00:02.1","9","32.0","35","24","43","--","--","--","--","--","00:40:00","00:40:02","4","21"
Cycling,2026-07-07 17:53:08,false,"Gothenburg Cycling","18.41","422","00:52:55","110","125","1.7","--","--","20.9","40.8","115","113","--","--","--","--","--","--","67","100","118","45% L / 55% R","19.8","118","107","107","--","--","--","486","486","--","3406","--","--","--","--","--","--","--","--","--","--","--","--","'-7","17.0","No","00:10:47","4","29.0","24","12","32","--","--","--","--","--","00:52:53","00:52:55","3","23"
Running,2026-07-06 12:08:13,false,"Gothenburg - Base","6.37","523","00:39:12","154","164","3.0","167","190","6:09","5:30","32","27","0.97","8.3","8.3","277","49.4% L / 50.6% R","6:08","--","--","339","--","0.0","--","336","--","--","--","--","476","--","--","--","--","--","6,500","--","--","--","--","--","--","--","--","--","'-11","21.0","No","00:02:17.6","7","26.0","33","19","39","--","--","--","--","--","00:39:10","00:39:12","3","13"
Indoor Climbing,2026-07-05 15:19:56,false,"Indoor Climbing","--","497","01:53:13","97","156","0.5","--","--","--","--","64","--","--","--","--","--","--","--","--","--","--","--","0.0","--","--","--","--","--","--","--","--","--","--","--","--","834","--","--","7","15:17","12","--","64","--","1:37:56","'-9","27.0","No","01:53:13","1","31.0","--","--","--","--","--","--","--","--","00:00:00","01:53:13","14","32"
Trail Running,2026-07-04 11:00:44,false,"Läckövarvet","10.66","901","01:19:51","155","188","3.0","157","251","7:29","3:56","115","115","0.86","9.8","8.4","304","50.9% L / 49.1% R","7:25","--","--","301","--","0.0","--","286","--","--","--","--","642","--","--","--","--","--","12,268","--","--","--","--","--","--","--","--","--","'-12","--","No","00:03:38.3","11","--","32","17","41","--","--","--","--","--","01:19:02","01:19:51","46","68"
Running,2026-07-03 19:04:45,false,"Falköping Running","3.79","314","00:27:38","146","175","2.2","158","236","7:17","2:19","46","44","0.87","9.5","8.1","307","50.9% L / 49.1% R","7:08","--","--","322","--","0.0","--","300","--","--","--","--","789","--","--","--","--","--","4,312","--","--","--","--","--","--","--","--","--","'-5","20.0","No","00:05:37.6","4","30.0","30","16","37","--","--","--","--","--","00:26:56","00:27:38","183","221"
Indoor Climbing,2026-07-02 18:59:05,false,"Indoor Climbing","--","249","00:33:23","118","161","1.1","--","--","--","--","88","--","--","--","--","--","--","--","--","--","--","--","0.0","--","--","--","--","--","--","--","--","--","--","--","--","322","--","--","10","18:16","11","--","88","--","15:07","'-5","27.0","No","00:33:23","1","30.0","--","--","--","--","--","--","--","--","00:00:00","00:33:23","32","44"
Cycling,2026-07-01 17:31:40,false,"Gothenburg Cycling","63.17","1,716","03:08:47","125","159","3.3","--","--","20.1","43.1","406","405","--","--","--","--","--","--","70","113","156","47% L / 53% R","124.4","158","125","--","--","--","--","709","--","--","12102","--","--","--","--","--","--","--","--","--","--","--","--","'-27","--","No","00:09:08.3","13","--","28","15","39","--","--","--","--","--","02:56:57","03:08:47","2","69"
Running,2026-06-30 17:07:28,false,"Gothenburg - Base","5.35","446","00:33:06","155","169","3.0","167","225","6:12","5:16","41","38","0.97","8.4","8.4","279","50.2% L / 49.8% R","6:08","--","--","342","--","0.0","--","337","--","--","--","--","493","--","--","--","--","--","5,452","--","--","--","--","--","--","--","--","--","'-9","23.0","No","00:00:06.4","7","30.0","33","17","41","--","--","--","--","--","00:32:55","00:33:06","5","23"
Running,2026-06-29 17:49:32,false,"Gothenburg - Threshold","7.01","572","00:42:05","161","180","3.3","164","188","6:00","4:48","44","50","1.01","7.9","8.0","280","50.1% L / 49.9% R","6:00","--","--","349","--","0.0","--","336","--","--","--","--","456","--","--","--","--","--","6,828","--","--","--","--","--","--","--","--","--","'-10","24.0","No","00:00:04.9","13","29.0","34","22","41","--","--","--","--","--","00:42:01","00:42:05","3","13"
Indoor Climbing,2026-06-28 14:32:46,false,"Indoor Climbing","--","212","00:48:09","95","155","0.5","--","--","--","--","67","--","--","--","--","--","--","--","--","--","--","--","0.0","--","--","--","--","--","--","--","--","--","--","--","--","264","--","--","8","16:36","11","--","67","--","31:33","'-4","30.0","No","00:48:09","1","32.0","--","--","--","--","--","--","--","--","00:00:00","00:48:09","18","33"
Running,2026-06-27 10:42:16,false,"Gothenburg - Long Run","9.56","838","01:07:07","160","173","3.3","159","218","7:01","4:21","190","176","0.90","9.0","8.2","290","50.3% L / 49.7% R","6:46","--","--","321","--","0.0","--","306","--","--","--","--","482","--","--","--","--","--","10,532","--","--","--","--","--","--","--","--","--","'-13","25.0","No","00:00:06.8","11","32.0","34","21","41","--","--","--","--","--","01:07:04","01:07:07","59","110"
Cycling,2026-06-26 21:12:32,false,"Gothenburg Cycling","7.29","200","00:22:07","122","137","1.1","--","--","19.8","44.4","23","50","--","--","--","--","--","--","--","--","--","--","0.0","--","--","--","--","--","--","--","--","--","--","--","--","--","--","--","--","--","--","--","--","--","--","'-1","--","No","00:07:14.3","2","--","--","--","--","--","--","--","--","--","00:22:00","00:22:07","7","44"
Cycling,2026-06-26 16:23:10,false,"Gothenburg Cycling","7.81","328","00:46:19","114","138","1.1","--","--","10.1","24.5","70","34","--","--","--","--","--","--","--","--","--","--","0.0","--","--","--","--","--","--","--","--","--","--","--","--","--","--","--","--","--","--","--","--","--","--","'-3","--","No","00:19:57","2","--","--","--","--","--","--","--","--","--","00:34:58","00:46:19","8","63"
Indoor Climbing,2026-06-26 13:39:31,false,"Indoor Climbing","--","327","00:36:29","131","155","1.8","--","--","--","--","14","--","--","--","--","--","--","--","--","--","--","--","0.0","--","--","--","--","--","--","--","--","--","--","--","--","780","--","--","4","3:29","4","--","14","--","33:00","'-3","30.0","No","00:36:29","1","31.0","--","--","--","--","--","--","--","--","00:00:00","00:36:29","19","24"
Cycling,2026-06-26 11:28:56,false,"Gothenburg Cycling","6.32","157","00:22:34","110","122","0.6","--","--","16.8","30.9","29","20","--","--","--","--","--","--","--","--","--","--","0.0","--","--","--","--","--","--","--","--","--","--","--","--","--","--","--","--","--","--","--","--","--","--","'-1","--","No","00:04:54.5","2","--","--","--","--","--","--","--","--","--","00:21:52","00:22:34","4","18"
Cycling,2026-06-26 09:58:03,false,"Gothenburg Cycling","5.81","154","00:24:35","106","120","0.5","--","--","14.2","26.0","13","21","--","--","--","--","--","--","--","--","--","--","0.0","--","--","--","--","--","--","--","--","--","--","--","--","--","--","--","--","--","--","--","--","--","--","'-2","--","No","00:06:04.1","2","--","--","--","--","--","--","--","--","--","00:23:04","00:24:35","7","21"
Cycling,2026-06-25 18:20:13,false,"Gothenburg Cycling","46.63","1,393","02:30:07","133","172","3.5","--","--","18.6","48.5","596","592","--","--","--","--","--","--","71","100","176","47% L / 53% R","127.0","185","128","--","--","--","--","715","--","--","9287","--","--","--","--","--","--","--","--","--","--","--","--","'-22","--","No","00:04:05.9","10","--","30","16","41","--","--","--","--","--","02:22:07","02:30:07","7","160"
Running,2026-06-24 17:21:03,false,"Gothenburg - Threshold","6.00","505","00:35:24","168","186","3.4","164","194","5:54","4:49","29","34","1.03","8.0","8.4","285","50.6% L / 49.4% R","5:51","--","--","355","--","0.0","--","347","--","--","--","--","513","--","--","--","--","--","5,746","--","--","--","--","--","--","--","--","--","'-9","26.0","No","00:02:16.4","7","33.0","35","22","43","--","--","--","--","--","00:35:22","00:35:24","3","12"
Cycling,2026-06-22 16:24:20,false,"Gothenburg - Recovery","31.02","1,033","02:57:03","126","165","3.0","--","--","10.5","38.2","442","447","--","--","--","--","--","--","61","104","133","46% L / 54% R","90.2","157","71","71","--","2:55:06","--","687","687","--","5938","--","--","--","--","--","--","--","--","--","--","--","--","'-18","--","No","00:04:14.2","7","--","27","13","38","--","--","--","--","--","02:40:56","02:57:03","7","152"
Indoor Climbing,2026-06-21 15:04:09,false,"Indoor Climbing","--","439","01:26:35","105","161","1.1","--","--","--","--","97","--","--","--","--","--","--","--","--","--","--","--","0.0","--","--","--","--","--","--","--","--","--","--","--","--","232","--","--","14","23:36","10","--","97","--","1:02:59","'-7","27.0","No","01:26:35","1","30.0","--","--","--","--","--","--","--","--","00:00:00","01:26:35","19","32"
Running,2026-06-20 11:44:02,false,"Gothenburg - Base","5.30","458","00:34:38","157","182","3.0","167","203","6:32","4:59","83","85","0.91","8.8","8.2","273","49.7% L / 50.3% R","6:19","--","--","352","--","0.0","--","326","--","--","--","--","542","--","--","--","--","--","5,710","--","--","--","--","--","--","--","--","--","'-8","24.0","No","00:01:50.8","6","29.0","35","22","43","--","--","--","--","--","00:34:29","00:34:38","6","80"
Running,2026-06-19 07:56:35,false,"Gothenburg - Threshold","6.01","501","00:35:03","166","187","3.4","167","190","5:50","4:45","31","30","1.03","7.8","8.1","267","49.9% L / 50.1% R","5:47","--","--","348","--","0.0","--","339","--","--","--","--","558","--","--","--","--","--","5,786","--","--","--","--","--","--","--","--","--","'-9","22.0","No","00:00:02.7","8","27.0","36","21","43","--","--","--","--","--","00:35:00","00:35:03","58","69"
Cycling,2026-06-18 16:26:47,false,"Gothenburg Cycling","14.92","400","00:56:47","113","140","1.6","--","--","15.8","33.8","157","162","--","--","--","--","--","--","60","91","117","45% L / 55% R","22.0","109","91","91","--","0:02","--","454","454","--","2978","--","--","--","--","--","--","--","--","--","--","--","--","'-6","--","No","00:15:27","3","--","24","15","31","--","--","--","--","--","00:54:37","00:56:47","4","76"
Indoor Climbing,2026-06-17 18:14:38,false,"Indoor Climbing","--","329","00:43:28","122","169","2.0","--","--","--","--","81","--","--","--","--","--","--","--","--","--","--","--","0.0","--","--","--","--","--","--","--","--","--","--","--","--","246","--","--","9","22:28","12","--","81","--","21:00","'-6","26.0","No","00:43:28","1","30.0","--","--","--","--","--","--","--","--","00:00:00","00:47:24","23","38"
Cycling,2026-06-16 15:30:11,false,"Gothenburg Cycling","54.20","1,464","02:32:58","134","166","3.3","--","--","21.3","49.3","420","418","--","--","--","--","--","--","72","103","162","46% L / 54% R","115.4","171","133","132","224","2:30:45","2:13","806","806","416","9722","--","--","--","--","--","--","--","--","--","--","--","--","'-19","--","No","00:10:39","11","--","29","17","41","--","--","--","--","--","02:26:20","02:32:58","3","89"
Running,2026-06-15 17:38:31,false,"Gothenburg - Threshold","6.25","517","00:36:03","167","190","3.4","167","182","5:46","4:51","42","47","1.03","7.6","8.1","269","49.7% L / 50.3% R","5:45","--","--","348","--","0.0","--","340","--","--","--","--","485","--","--","--","--","--","5,958","--","--","--","--","--","--","--","--","--","'-9","23.0","No","00:00:02.8","9","28.0","35","21","45","--","--","--","--","--","00:36:01","00:36:03","1","12"
Cycling,2026-06-12 10:37:51,false,"Gothenburg Cycling","20.33","580","00:47:06","153","176","3.1","--","--","25.9","39.8","169","166","--","--","--","--","--","--","79","107","197","47% L / 53% R","51.7","190","179","--","--","--","--","741","--","--","3700","--","--","--","--","--","--","--","--","--","--","--","--","'-10","--","No","00:00:58.3","5","--","36","14","43","--","--","--","--","--","00:46:44","00:47:06","5","25"
Indoor Climbing,2026-06-11 17:02:59,false,"Indoor Climbing","--","465","01:04:25","124","164","2.0","--","--","--","--","17","--","--","--","--","--","--","--","--","--","--","--","0.0","--","--","--","--","--","--","--","--","--","--","--","--","584","--","--","5","5:12","4","--","17","--","59:13","'-7","26.0","No","01:04:25","1","30.0","--","--","--","--","--","--","--","--","00:00:00","01:04:25","25","31"
Running,2026-06-10 16:39:26,false,"Gothenburg - Threshold","7.39","612","00:45:03","166","192","3.7","165","195","6:06","4:32","45","50","0.99","7.5","7.6","274","49.5% L / 50.5% R","6:06","--","--","337","--","0.0","--","320","--","--","--","--","501","--","--","--","--","--","7,334","--","--","--","--","--","--","--","--","--","'-12","21.0","No","00:00:03.2","13","28.0","36","20","45","--","--","--","--","--","00:44:58","00:45:45","2","12"
Cycling,2026-06-09 18:43:52,false,"Gothenburg Cycling","16.93","438","00:46:58","127","169","2.4","--","--","21.6","48.5","179","178","--","--","--","--","--","--","71","106","172","46% L / 54% R","36.0","159","129","--","--","--","--","602","--","--","3333","--","--","--","--","--","--","--","--","--","--","--","--","'-6","--","No","00:05:50.2","4","--","28","17","37","--","--","--","--","--","00:46:49","00:46:58","1","88"
Running,2026-06-08 17:44:44,false,"Gothenburg - Base","7.11","612","00:45:02","163","187","3.4","168","202","6:20","5:12","137","109","0.94","8.4","8.2","278","49.8% L / 50.2% R","6:07","--","--","357","--","0.0","--","340","--","--","--","--","538","--","--","--","--","--","7,490","--","--","--","--","--","--","--","--","--","'-11","22.0","No","00:00:02.3","9","29.0","35","16","42","--","--","--","--","--","00:45:00","00:45:02","59","96"
Indoor Climbing,2026-06-07 15:21:49,false,"Indoor Climbing","--","384","01:16:00","105","174","1.0","--","--","--","--","62","--","--","--","--","--","--","--","--","--","--","--","0.0","--","--","--","--","--","--","--","--","--","--","--","--","392","--","--","7","15:43","11","--","62","--","1:00:17","'-5","27.0","No","01:16:00","1","31.0","--","--","--","--","--","--","--","--","00:00:00","01:16:00","21","36"
Cycling,2026-06-07 08:37:01,false,"Gothenburg Cycling","20.24","457","00:52:05","126","155","2.1","--","--","23.3","42.5","126","125","--","--","--","--","--","--","--","--","--","--","0.0","--","--","--","--","--","--","--","--","--","--","--","--","--","--","--","--","--","--","--","--","--","--","'-7","--","No","00:00:36.3","5","--","28","15","35","--","--","--","--","--","00:52:04","00:52:05","5","25"
Running,2026-06-06 14:56:43,false,"Gothenburg - Base","6.53","558","00:40:09","163","182","3.5","171","206","6:09","5:17","42","44","0.95","8.5","8.3","275","49.1% L / 50.9% R","6:09","--","--","339","--","0.0","--","336","--","--","--","--","471","--","--","--","--","--","6,772","--","--","--","--","--","--","--","--","--","'-9","22.0","No","00:00:08.9","8","27.0","35","19","44","--","--","--","--","--","00:40:07","00:40:09","2","12"
Cycling,2026-06-05 09:29:31,false,"Gothenburg Cycling","34.14","1,148","02:40:05","123","177","2.6","--","--","12.8","40.5","460","470","--","--","--","--","--","--","--","--","--","--","0.0","--","--","--","--","--","--","--","--","--","--","--","--","--","--","--","--","--","--","--","--","--","--","'-19","--","No","00:12:01","7","--","--","--","--","--","--","--","--","--","02:28:30","02:40:05","1","146"
Running,2026-06-02 18:13:42,false,"Gothenburg - VO2 Max","2.78","228","00:16:25","166","196","2.8","160","198","5:55","3:48","17","23","1.03","7.9","8.0","268","--","5:54","--","--","371","--","0.0","--","329","--","--","--","--","578","--","--","--","--","--","2,654","--","--","--","--","--","--","--","--","--","'-4","21.0","No","00:01:09.0","8","26.0","--","--","--","--","--","--","--","--","00:16:25","00:16:25","2","12"
Multisport,2026-06-02 17:14:25,false,"Gothenburg Multisport","11.74","558","00:47:13","--","172","3.2","--","--","14.9","--","66","61","--","--","--","--","--","--","--","--","--","--","0.0","--","--","--","--","--","--","--","--","--","--","--","--","--","--","--","--","--","--","--","--","--","--","--","--","No","--:--:--","3","--","--","--","--","--","--","--","--","--","--:--:--","00:53:30","4","31"
Multisport,2026-06-01 17:06:00,false,"Gothenburg Multisport","6.98","353","00:33:05","--","176","3.0","--","--","12.7","--","46","46","--","--","--","--","--","--","--","--","--","--","0.0","--","--","--","--","--","--","--","--","--","--","--","--","--","--","--","--","--","--","--","--","--","--","--","--","No","--:--:--","2","--","--","--","--","--","--","--","--","--","--:--:--","00:46:30","4","34"
Running,2026-05-30 10:14:56,false,"Gothenburg - Long Run","10.15","863","01:04:03","161","182","3.7","170","190","6:19","4:47","69","67","0.93","8.4","8.0","271","49.8% L / 50.2% R","6:18","--","--","339","--","0.0","--","334","--","--","--","--","482","--","--","--","--","--","10,728","--","--","--","--","--","--","--","--","--","'-20","20.0","No","00:00:02.6","12","26.0","34","16","41","--","--","--","--","--","01:04:00","01:04:03","4","13"
Cycling,2026-05-29 13:56:46,false,"Gothenburg Cycling","3.43","104","00:08:44.8","138","159","2.0","--","--","23.5","38.7","14","30","--","--","--","--","--","--","--","--","--","--","0.0","--","--","--","--","--","--","--","--","--","--","--","--","--","--","--","--","--","--","--","--","--","--","'-2","--","No","00:08:44.8","1","--","31","21","38","--","--","--","--","--","00:08:20","00:08:44.8","11","33"
Cycling,2026-05-29 11:10:53,false,"Gothenburg Cycling","40.02","881","02:30:19","113","151","1.8","--","--","16.0","41.6","422","399","--","--","--","--","--","--","--","--","--","--","0.0","--","--","--","--","--","--","--","--","--","--","--","--","--","--","--","--","--","--","--","--","--","--","'-16","--","No","00:00:04.8","9","--","24","13","33","--","--","--","--","--","02:25:35","02:30:19","3","88"
Indoor Climbing,2026-05-28 18:18:00,false,"Indoor Climbing","--","352","00:58:57","115","146","0.8","--","--","--","--","6","--","--","--","--","--","--","--","--","--","--","--","0.0","--","--","--","--","--","--","--","--","--","--","--","--","700","--","--","2","1:39","3","--","6","--","57:18","'-9","25.0","No","00:58:57","1","29.0","--","--","--","--","--","--","--","--","00:00:00","00:58:57","25","34"
Cycling,2026-05-27 18:04:59,false,"Gothenburg Cycling","20.35","511","00:54:14","129","157","2.3","--","--","22.5","42.8","154","152","--","--","--","--","--","--","--","--","--","--","0.0","--","--","--","--","--","--","--","--","--","--","--","--","--","--","--","--","--","--","--","--","--","--","'-10","--","No","00:01:00.9","5","--","29","18","37","--","--","--","--","--","00:53:17","00:54:14","3","26"
Running,2026-05-26 18:27:20,false,"Gothenburg - Threshold","7.12","590","00:42:04","166","184","3.8","170","203","5:55","4:50","38","43","0.99","8.2","8.3","275","49.9% L / 50.1% R","5:56","--","--","366","--","0.0","--","359","--","--","--","--","514","--","--","--","--","--","7,068","--","--","--","--","--","--","--","--","--","'-9","20.0","No","00:00:04.3","13","26.0","34","20","40","--","--","--","--","--","00:42:00","00:42:04","4","15"
Cycling,2026-05-24 11:03:30,false,"Klagenfurt Cycling","52.65","1,920","05:37:19","109","158","2.0","--","--","9.4","37.6","249","251","--","--","--","--","--","--","--","--","--","--","0.0","--","--","--","--","--","--","--","--","--","--","--","--","--","--","--","--","--","--","--","--","--","--","'-27","--","No","00:03:51.4","20","--","--","--","--","--","--","--","--","--","03:42:51","05:37:19","443","473"
Hiking,2026-05-23 11:50:32,false,"Sankt Margareten im Rosental Hiking","13.09","1,535","04:32:15","119","164","2.1","58","160","20:48","9:29","723","715","0.85","--","--","--","--","--","--","--","--","--","0.0","--","--","--","--","--","--","--","--","--","--","--","--","18,286","--","--","--","--","--","--","--","--","--","'-21","26.0","No","00:36:30","3","36.0","--","--","--","--","--","--","--","--","02:44:34","04:32:16","932","1,612"
Cycling,2026-05-22 16:40:56,false,"Klagenfurt Cycling","9.95","338","00:34:27","132","165","2.4","--","--","17.3","31.9","22","30","--","--","--","--","--","--","--","--","--","--","0.0","--","--","--","--","--","--","--","--","--","--","--","--","--","--","--","--","--","--","--","--","--","--","'-4","--","No","00:14:06","2","--","--","--","--","--","--","--","--","--","00:32:02","00:34:27","427","440"
Indoor Climbing,2026-05-22 15:30:36,false,"Indoor Climbing","--","512","01:03:58","133","172","2.1","--","--","--","--","10","--","--","--","--","--","--","--","--","--","--","--","0.0","--","--","--","--","--","--","--","--","--","--","--","--","1,298","--","--","3","2:53","4","--","10","--","1:01:05","'-6","27.0","No","01:03:58","1","29.0","--","--","--","--","--","--","--","--","00:00:00","01:03:58","440","445"
Cycling,2026-05-22 15:07:09,false,"Klagenfurt Cycling","4.54","145","00:14:54","124","134","1.3","--","--","18.3","23.4","9","1","--","--","--","--","--","--","--","--","--","--","0.0","--","--","--","--","--","--","--","--","--","--","--","--","--","--","--","--","--","--","--","--","--","--","'-2","--","No","00:14:54","1","--","--","--","--","--","--","--","--","--","00:13:52","00:14:54","431","441"
Running,2026-05-21 17:33:08,false,"Ebenthal in Kärnten - Threshold","6.77","564","00:40:07","170","192","3.8","162","187","5:55","4:47","12","15","1.02","8.3","8.5","275","--","5:55","--","--","348","--","0.0","--","333","--","--","--","--","442","--","--","--","--","--","6,606","--","--","--","--","--","--","--","--","--","'-10","25.0","No","00:00:07.0","9","31.0","--","--","--","--","--","--","--","--","00:40:05","00:40:07","415","429"
Running,2026-05-20 18:12:01,false,"Ebenthal in Kärnten Running","6.21","482","00:49:25","141","163","2.3","162","180","7:58","6:17","29","28","0.78","10.1","7.8","305","--","7:53","--","--","264","--","0.0","--","261","--","--","--","--","348","--","--","--","--","--","7,960","--","--","--","--","--","--","--","--","--","'-9","21.0","No","00:01:40.5","7","30.0","--","--","--","--","--","--","--","--","00:49:22","00:49:25","420","443"
Yoga,2026-05-19 18:48:35,false,"Yoga","--","326","01:26:12","96","149","0.9","--","--","--","--","--","--","--","--","--","--","--","--","--","--","--","--","0.0","--","--","--","--","--","--","--","--","--","--","--","--","--","--","1","--","--","--","--","--","--","--","'-11","27.0","No","01:26:12","1","29.0","15","8","23","17","23","40","69","100","01:26:12","01:26:12","--","--"
Hiking,2026-05-17 11:51:45,false,"Klagenfurt Hiking","14.88","1,023","03:34:50","108","142","0.8","82","160","14:27","5:15","390","388","0.84","--","--","--","--","--","--","--","--","--","0.0","--","--","--","--","--","--","--","--","--","--","--","--","19,094","--","--","--","--","--","--","--","--","--","'-18","20.0","No","01:27:08","2","30.0","--","--","--","--","--","--","--","--","02:54:33","03:34:50","444","590"
Running,2026-05-15 17:38:28,false,"Ebenthal in Kärnten Running","5.81","465","00:45:09","145","161","2.3","158","174","7:46","5:50","24","18","0.81","9.8","8.0","301","--","7:45","--","--","274","--","0.0","--","267","--","--","--","--","372","--","--","--","--","--","7,156","--","--","--","--","--","--","--","--","--","'-10","17.0","No","00:06:08.4","6","28.0","--","--","--","--","--","--","--","--","00:44:05","00:45:09","428","443"
Indoor Climbing,2026-05-14 15:59:26,false,"Indoor Climbing","--","687","01:57:06","118","171","1.5","--","--","--","--","18","--","--","--","--","--","--","--","--","--","--","--","0.0","--","--","--","--","--","--","--","--","--","--","--","--","922","--","--","5","9:41","4","--","18","--","1:47:25","'-14","25.0","No","01:57:06","1","30.0","--","--","--","--","--","--","--","--","00:00:00","01:57:06","442","450"
Running,2026-05-13 15:18:42,false,"Ebenthal in Kärnten Running","7.61","654","00:51:07","163","186","3.3","165","179","6:43","5:11","34","29","0.90","9.1","8.2","289","--","6:39","--","--","313","--","0.0","--","308","--","--","--","--","468","--","--","--","--","--","8,444","--","--","--","--","--","--","--","--","--","'-11","23.0","No","00:04:26.7","8","34.0","--","--","--","--","--","--","--","--","00:51:02","00:51:07","420","444"
Yoga,2026-05-12 18:58:32,false,"Yoga","--","341","01:22:28","99","154","0.8","--","--","--","--","--","--","--","--","--","--","--","--","--","--","--","--","0.0","--","--","--","--","--","--","--","--","--","--","--","--","--","--","1","--","--","--","--","--","--","--","'-10","27.0","No","01:22:28","1","30.0","16","9","24","16","35","51","75","99","01:22:28","01:22:28","--","--"
Indoor Climbing,2026-05-10 12:59:34,false,"Indoor Climbing","--","567","01:52:31","108","153","0.7","--","--","--","--","26","--","--","--","--","--","--","--","--","--","--","--","0.0","--","--","--","--","--","--","--","--","--","--","--","--","878","--","--","7","6:42","5","--","26","--","1:45:49","'-9","27.0","No","01:52:31","1","30.0","--","--","--","--","--","--","--","--","00:00:00","01:52:31","445","463"
Hiking,2026-05-09 10:57:29,false,"Feistritz im Rosental Hiking","11.90","1,172","04:57:11","95","154","1.7","64","160","24:59","7:37","881","862","0.75","--","--","--","--","--","--","--","--","--","0.0","--","--","--","--","--","--","--","--","--","--","--","--","21,226","--","--","--","--","--","--","--","--","--","'-21","17.0","No","00:20:46","6","32.0","--","--","--","--","--","--","--","--","03:07:52","04:57:11","1,147","2,016"
Cycling,2026-05-06 17:43:52,false,"Gothenburg Cycling","46.06","1,103","02:29:17","128","169","2.7","--","--","18.5","47.2","342","342","--","--","--","--","--","--","--","--","--","--","0.0","--","--","--","--","--","--","--","--","--","--","--","--","--","--","--","--","--","--","--","--","--","--","'-13","--","No","00:03:29.9","10","--","27","18","39","--","--","--","--","--","02:24:47","02:29:17","0","88"
Running,2026-05-05 12:40:29,false,"Gothenburg - Threshold","6.54","556","00:38:06","169","185","3.9","169","192","5:50","4:29","45","47","1.01","7.9","8.2","267","49.3% L / 50.7% R","5:50","--","--","366","--","0.0","--","352","--","--","--","--","520","--","--","--","--","--","6,346","--","--","--","--","--","--","--","--","--","'-9","19.0","No","00:00:06.4","10","28.0","37","26","44","--","--","--","--","--","00:38:04","00:38:06","1","11"
Cycling,2026-05-04 17:19:06,false,"Gothenburg Cycling","20.23","628","00:52:00","144","167","3.2","--","--","23.3","42.3","181","180","--","--","--","--","--","--","--","--","--","--","0.0","--","--","--","--","--","--","--","--","--","--","--","--","--","--","--","--","--","--","--","--","--","--","'-8","--","No","00:00:34.5","5","--","34","16","40","--","--","--","--","--","00:51:32","00:52:00","3","25"
Indoor Climbing,2026-05-03 15:22:06,false,"Indoor Climbing","--","402","01:17:32","103","149","0.5","--","--","--","--","49","--","--","--","--","--","--","--","--","--","--","--","0.0","--","--","--","--","--","--","--","--","--","--","--","--","648","--","--","5","10:48","15","--","49","--","1:06:44","'-5","27.0","No","01:17:32","1","30.0","--","--","--","--","--","--","--","--","00:00:00","01:17:39","42","60"
Cycling,2026-05-02 11:24:24,false,"Gothenburg Cycling","4.84","147","00:15:05","125","141","1.4","--","--","19.2","31.3","23","19","--","--","--","--","--","--","--","--","--","--","0.0","--","--","--","--","--","--","--","--","--","--","--","--","--","--","--","--","--","--","--","--","--","--","'-2","--","No","00:15:55","1","--","--","--","--","--","--","--","--","--","00:14:12","00:15:05","4","11"
Cycling,2026-05-02 10:27:09,false,"Gothenburg Cycling","5.71","189","00:20:10","124","146","1.6","--","--","17.0","26.4","29","36","--","--","--","--","--","--","--","--","--","--","0.0","--","--","--","--","--","--","--","--","--","--","--","--","--","--","--","--","--","--","--","--","--","--","'-2","--","No","00:03:57.8","2","--","--","--","--","--","--","--","--","--","00:18:24","00:20:10","8","22"
Cycling,2026-05-01 15:00:13,false,"Gothenburg Cycling","8.13","249","00:27:58","121","153","2.1","--","--","17.4","36.2","27","71","--","--","--","--","--","--","--","--","--","--","0.0","--","--","--","--","--","--","--","--","--","--","--","--","--","--","--","--","--","--","--","--","--","--","'-2","--","No","00:08:31.5","2","--","--","--","--","--","--","--","--","--","00:26:03","00:27:58","5","61"
Cycling,2026-05-01 10:38:09,false,"Gothenburg Cycling","7.51","202","00:29:13","108","160","1.6","--","--","15.4","32.1","74","34","--","--","--","--","--","--","--","--","--","--","0.0","--","--","--","--","--","--","--","--","--","--","--","--","--","--","--","--","--","--","--","--","--","--","'-2","--","No","00:14:33","2","--","--","--","--","--","--","--","--","--","00:25:20","00:29:13","4","61"
Running,2026-04-30 12:05:49,false,"Gothenburg - Base","6.83","586","00:44:03","167","200","3.6","179","184","6:27","4:01","47","55","0.87","8.1","7.1","272","56.5% L / 43.5% R","6:25","--","--","330","--","0.0","--","316","--","--","--","--","574","--","--","--","--","--","2,794","--","--","--","--","--","--","--","--","--","'-11","21.0","No","00:00:03.3","8","27.0","36","22","42","--","--","--","--","--","00:43:50","00:44:03","3","12"
Running,2026-04-28 18:06:31,false,"Gothenburg Running","5.03","411","00:29:47","168","185","3.5","169","187","5:55","5:15","29","30","1.00","8.0","8.2","282","50.3% L / 49.7% R","5:55","--","--","344","--","0.0","--","339","--","--","--","--","517","--","--","--","--","--","4,894","--","--","--","--","--","--","--","--","--","'-8","19.0","No","00:00:07.9","6","27.0","36","22","45","--","--","--","--","--","00:29:45","00:29:47","4","12"
Indoor Climbing,2026-04-26 15:04:29,false,"Indoor Climbing","--","550","01:53:04","108","167","0.9","--","--","--","--","115","--","--","--","--","--","--","--","--","--","--","--","0.0","--","--","--","--","--","--","--","--","--","--","--","--","472","--","--","13","28:16","14","--","115","--","1:24:47","'-7","26.0","No","01:53:04","1","30.0","--","--","--","--","--","--","--","--","00:00:00","01:53:04","23","37"
Cycling,2026-04-25 11:27:05,false,"Gothenburg Cycling","17.84","660","00:56:52","147","177","3.6","--","--","18.8","45.5","185","178","--","--","--","--","--","--","--","--","--","--","0.0","--","--","--","--","--","--","--","--","--","--","--","--","--","--","--","--","--","--","--","--","--","--","'-13","--","No","00:08:44.3","4","--","33","20","40","--","--","--","--","--","00:56:23","00:56:52","6","90"
Running,2026-04-22 07:14:43,false,"Lulea Running","5.49","448","00:32:39","163","193","3.8","164","196","5:57","4:51","31","28","1.03","8.4","8.6","276","--","5:54","--","--","360","--","0.0","--","350","--","--","--","--","490","--","--","--","--","--","5,356","--","--","--","--","--","--","--","--","--","'-5","16.0","No","00:03:01.1","6","28.0","--","--","--","--","--","--","--","--","00:31:59","00:32:39","'-1","13"
Indoor Climbing,2026-04-21 18:20:15,false,"Indoor Climbing","--","812","02:18:16","118","181","1.9","--","--","--","--","70","--","--","--","--","--","--","--","--","--","--","--","0.0","--","--","--","--","--","--","--","--","--","--","--","--","836","--","--","12","17:20","14","--","70","--","2:00:57","'-4","27.0","No","02:18:16","1","31.0","--","--","--","--","--","--","--","--","00:00:00","02:18:16","55","76"
Indoor Climbing,2026-04-19 15:09:20,false,"Indoor Climbing","--","430","01:42:09","100","139","0.4","--","--","--","--","94","--","--","--","--","--","--","--","--","--","--","--","0.0","--","--","--","--","--","--","--","--","--","--","--","--","628","--","--","9","20:55","11","--","94","--","1:21:14","'-8","25.0","No","01:42:09","1","29.0","--","--","--","--","--","--","--","--","00:00:00","01:42:09","21","36"
Indoor Climbing,2026-04-17 11:13:29,false,"Indoor Climbing","--","555","01:33:51","119","165","1.5","--","--","--","--","10","--","--","--","--","--","--","--","--","--","--","--","0.0","--","--","--","--","--","--","--","--","--","--","--","--","634","--","--","3","2:29","3","--","10","--","1:31:22","'-7","27.0","No","01:33:51","1","30.0","--","--","--","--","--","--","--","--","00:00:00","01:33:51","'-5","1"
Cycling,2026-04-16 17:45:13,false,"Gothenburg Cycling","20.03","638","00:50:26","151","173","3.9","--","--","23.8","39.8","148","145","--","--","--","--","--","--","--","--","--","--","0.0","--","--","--","--","--","--","--","--","--","--","--","--","--","--","--","--","--","--","--","--","--","--","'-10","--","No","00:00:05.3","5","--","35","19","42","--","--","--","--","--","00:50:23","00:50:26","4","25"
Running,2026-04-15 17:34:16,false,"Gothenburg Running","4.42","375","00:30:56","159","184","3.2","164","202","7:00","5:56","82","80","0.87","9.4","8.2","300","50.7% L / 49.3% R","6:41","--","--","344","--","0.0","--","317","--","--","--","--","695","--","--","--","--","--","4,992","--","--","--","--","--","--","--","--","--","'-7","17.0","No","00:02:46.2","5","29.0","35","20","42","--","--","--","--","--","00:30:55","00:30:56","10","79"
Indoor Climbing,2026-04-13 18:20:51,false,"Indoor Climbing","--","288","00:44:11","118","161","1.6","--","--","--","--","84","--","--","--","--","--","--","--","--","--","--","--","0.0","--","--","--","--","--","--","--","--","--","--","--","--","218","--","--","11","20:30","10","--","84","--","23:41","'-4","25.0","No","00:44:11","1","28.0","--","--","--","--","--","--","--","--","00:00:00","00:44:11","20","32"
Pool Swim,2026-04-12 14:44:27,false,"Pool Swim","1,500","414","00:43:59","134","170","2.4","--","--","2:34","1:25","--","--","--","--","--","--","--","--","--","--","--","--","0.0","--","--","--","--","--","--","--","--","--","782","52","20","--","--","--","--","--","--","--","--","--","--","--","--","No","00:00:08.9","22","--","--","--","--","--","--","--","--","--","00:38:35","00:44:56","--","--"
Running,2026-04-11 14:24:17,false,"Gothenburg Running","4.34","354","00:32:44","150","180","2.7","161","176","7:32","6:30","75","77","0.83","9.8","8.2","311","50.9% L / 49.1% R","7:04","--","--","318","--","0.0","--","297","--","--","--","--","537","--","--","--","--","--","5,142","--","--","--","--","--","--","--","--","--","'-6","16.0","No","00:02:26.5","5","26.0","32","21","40","--","--","--","--","--","00:32:43","00:32:44","15","83"
Indoor Climbing,2026-04-10 14:20:37,false,"Indoor Climbing","--","335","00:42:18","129","167","2.1","--","--","--","--","102","--","--","--","--","--","--","--","--","--","--","--","0.0","--","--","--","--","--","--","--","--","--","--","--","--","330","--","--","11","22:13","12","--","102","--","20:05","'-5","26.0","No","00:42:18","1","29.0","--","--","--","--","--","--","--","--","00:00:00","00:42:18","17","30"
Cycling,2026-04-07 17:30:10,false,"Gothenburg Cycling","20.11","681","00:52:52","154","178","4.2","--","--","22.8","36.0","112","118","--","--","--","--","--","--","--","--","--","--","0.0","--","--","--","--","--","--","--","--","--","--","--","--","--","--","--","--","--","--","--","--","--","--","'-13","--","No","00:00:17.4","5","--","34","19","43","--","--","--","--","--","00:51:28","00:52:52","5","28"
Pool Swim,2026-04-03 11:07:41,false,"Pool Swim","1,225","356","00:34:38","142","168","2.6","--","--","2:31","1:00","--","--","--","--","--","--","--","--","--","--","--","--","0.0","--","--","--","--","--","--","--","--","--","632","51","21","--","--","--","--","--","--","--","--","--","--","--","--","No","00:00:10.4","11","--","--","--","--","--","--","--","--","--","00:30:44","00:35:25","--","--"
Running,2026-03-31 17:17:50,false,"Gothenburg Running","2.79","218","00:21:58","131","152","2.2","154","178","7:53","4:15","22","29","0.84","8.8","7.5","310","50.0% L / 50.0% R","7:47","--","--","280","--","0.0","--","256","--","--","--","--","482","--","--","--","--","--","3,342","--","--","--","--","--","--","--","--","--","'-5","19.0","No","00:06:36.4","3","27.0","28","17","35","--","--","--","--","--","00:21:53","00:21:58","4","13"
Indoor Climbing,2026-03-30 18:45:48,false,"Indoor Climbing","--","288","00:43:33","119","172","1.6","--","--","--","--","107","--","--","--","--","--","--","--","--","--","--","--","0.0","--","--","--","--","--","--","--","--","--","--","--","--","328","--","--","12","20:23","11","--","107","--","23:10","'-5","25.0","No","00:43:33","1","28.0","--","--","--","--","--","--","--","--","00:00:00","00:43:33","15","31"
Volleyball,2026-03-29 16:30:24,false,"Volleyball","0.30","540","01:30:37","122","160","2.0","11","236","0.2","12.7","--","--","0.30","--","--","--","--","--","--","--","--","--","0.0","--","--","--","--","--","--","--","--","--","--","--","--","3,080","--","--","--","--","--","--","--","--","--","'-9","--","No","01:30:37","1","--","--","--","--","--","--","--","--","--","00:04:22","01:30:37","--","--"
Running,2026-03-28 10:07:00,false,"Gothenburg Running","1.30","109","00:09:08.3","162","176","2.1","162","170","7:03","3:52","11","5","0.89","9.4","8.3","295","--","6:56","--","--","300","--","0.0","--","293","--","--","--","--","532","--","--","--","--","--","1,480","--","--","--","--","--","--","--","--","--","'-4","21.0","No","00:02:05.3","2","27.0","--","--","--","--","--","--","--","--","00:08:58","00:09:08.3","4","16"
Strength Training,2026-03-28 09:36:12,false,"Strength","0.00","237","00:29:40","130","175","2.0","--","--","--","--","--","--","--","--","--","--","--","--","--","--","--","--","0.0","--","--","--","--","--","--","--","--","--","--","--","--","102","51","9","--","--","--","--","--","--","--","'-5","20.0","No","00:29:40","1","26.0","--","--","--","--","--","--","--","--","00:04:34.0","00:29:40","--","--"
Running,2026-03-28 09:25:27,false,"Gothenburg Running","0.96","78","00:06:27.3","148","166","2.0","165","172","6:45","4:16","3","3","0.89","9.1","8.1","286","--","6:43","--","--","306","--","0.0","--","304","--","--","--","--","497","--","--","--","--","--","1,076","--","--","--","--","--","--","--","--","--","'-3","19.0","No","00:06:27.3","1","25.0","--","--","--","--","--","--","--","--","00:06:27","00:06:27.3","10","14"
Running,2026-03-26 17:18:02,false,"Gothenburg Running","5.01","431","00:36:38","158","185","3.1","164","190","7:19","5:36","105","107","0.84","9.6","8.2","297","50.9% L / 49.1% R","6:58","--","--","328","--","0.0","--","308","--","--","--","--","485","--","--","--","--","--","5,978","--","--","--","--","--","--","--","--","--","'-9","15.0","No","00:00:05.1","6","28.0","36","13","43","--","--","--","--","--","00:36:34","00:36:38","58","96"
Indoor Climbing,2026-03-24 19:16:56,false,"Indoor Climbing","--","233","00:35:00","119","155","1.3","--","--","--","--","96","--","--","--","--","--","--","--","--","--","--","--","0.0","--","--","--","--","--","--","--","--","--","--","--","--","216","--","--","10","17:51","11","--","96","--","17:08","'-4","25.0","No","00:35:00","1","28.0","--","--","--","--","--","--","--","--","00:00:00","00:35:00","22","36"
Running,2026-03-23 17:17:54,false,"Gothenburg Running","5.01","401","00:35:58","148","165","2.9","160","186","7:11","5:04","28","30","0.87","9.6","8.5","303","50.1% L / 49.9% R","7:10","--","--","304","--","0.0","--","299","--","--","--","--","449","--","--","--","--","--","5,682","--","--","--","--","--","--","--","--","--","'-8","14.0","No","00:00:02.7","6","28.0","33","19","40","--","--","--","--","--","00:35:54","00:35:58","4","11"
Running,2026-03-19 17:24:13,false,"Gothenburg Running","6.02","474","00:43:33","144","160","2.8","164","184","7:14","5:21","35","42","0.84","9.7","8.3","297","50.9% L / 49.1% R","7:14","--","--","295","--","0.0","--","291","--","--","--","--","439","--","--","--","--","--","7,078","--","--","--","--","--","--","--","--","--","'-8","15.0","No","00:00:09.3","7","28.0","28","21","35","--","--","--","--","--","00:43:28","00:43:33","2","13"
Indoor Climbing,2026-03-18 19:16:36,false,"Indoor Climbing","--","328","00:48:17","123","163","1.8","--","--","--","--","13","--","--","--","--","--","--","--","--","--","--","--","0.0","--","--","--","--","--","--","--","--","--","--","--","--","736","--","--","4","3:12","4","--","13","--","45:05","'-5","25.0","No","00:48:17","1","28.0","--","--","--","--","--","--","--","--","00:00:00","00:48:17","19","28"
Running,2026-03-16 19:53:25,false,"Gothenburg Running","5.23","411","00:34:42","158","183","3.4","163","179","6:38","5:12","34","32","0.92","9.2","8.5","297","50.3% L / 49.8% R","6:37","--","--","326","--","0.0","--","315","--","--","--","--","469","--","--","--","--","--","5,592","--","--","--","--","--","--","--","--","--","'-9","14.0","No","00:01:47.9","6","29.0","34","20","44","--","--","--","--","--","00:34:41","00:34:42","5","34"
Indoor Climbing,2026-03-15 15:23:28,false,"Indoor Climbing","--","593","02:00:40","108","164","1.2","--","--","--","--","103","--","--","--","--","--","--","--","--","--","--","--","0.0","--","--","--","--","--","--","--","--","--","--","--","--","882","--","--","10","25:27","12","--","103","--","1:35:13","'-11","25.0","No","02:00:40","1","28.0","--","--","--","--","--","--","--","--","00:00:00","02:00:41","20","34"
Running,2026-03-13 13:05:13,false,"Gothenburg Running","2.36","197","00:17:41","151","172","2.3","155","224","7:29","4:15","41","33","0.87","9.7","8.6","306","50.7% L / 49.3% R","7:20","--","--","321","--","0.0","--","306","--","--","--","--","709","--","--","--","--","--","2,706","--","--","--","--","--","--","--","--","--","'-4","12.0","No","00:02:32.7","3","28.0","29","20","35","--","--","--","--","--","00:16:58","00:17:41","8","23"
Running,2026-03-13 08:22:11,false,"Gothenburg Running","2.36","190","00:16:21","146","160","2.4","161","179","6:56","5:05","41","42","0.92","9.2","8.5","292","50.0% L / 50.0% R","7:02","--","--","308","--","0.0","--","299","--","--","--","--","513","--","--","--","--","--","2,590","--","--","--","--","--","--","--","--","--","'-4","21.0","No","00:02:24.8","3","28.0","32","22","40","--","--","--","--","--","00:16:10","00:16:21","7","25"
Running,2026-03-12 18:39:02,false,"Gothenburg Running","5.30","409","00:41:29","145","161","2.4","158","167","7:49","4:25","94","87","0.81","10.5","8.7","316","50.5% L / 49.5% R","7:46","--","--","297","--","0.0","--","294","--","--","--","--","406","--","--","--","--","--","6,482","--","--","--","--","--","--","--","--","--","'-7","12.0","No","00:02:17.7","6","27.0","29","17","35","--","--","--","--","--","00:41:27","00:41:29","7","37"
Indoor Climbing,2026-03-11 18:43:46,false,"Indoor Climbing","--","349","00:44:44","129","168","2.1","--","--","--","--","17","--","--","--","--","--","--","--","--","--","--","--","0.0","--","--","--","--","--","--","--","--","--","--","--","--","608","--","--","5","4:24","4","--","17","--","40:20","'-6","25.0","No","00:44:44","1","27.0","--","--","--","--","--","--","--","--","00:00:00","00:44:44","21","29"
Running,2026-03-09 16:53:18,false,"Gothenburg Running","5.11","418","00:34:52","150","172","3.2","164","193","6:49","5:06","31","32","0.90","9.5","8.7","293","50.5% L / 49.5% R","6:49","--","--","317","--","0.0","--","312","--","--","--","--","478","--","--","--","--","--","5,656","--","--","--","--","--","--","--","--","--","'-9","17.0","No","00:00:50.7","6","29.0","34","16","41","--","--","--","--","--","00:34:50","00:34:52","4","12"
Indoor Climbing,2026-03-08 15:15:16,false,"Indoor Climbing","--","637","02:18:44","106","146","0.7","--","--","--","--","86","--","--","--","--","--","--","--","--","--","--","--","0.0","--","--","--","--","--","--","--","--","--","--","--","--","910","--","--","9","21:16","12","--","86","--","1:57:28","'-11","24.0","No","02:18:44","1","29.0","--","--","--","--","--","--","--","--","00:00:00","02:18:48","28","42"
Running,2026-03-05 17:27:56,false,"Gothenburg Running","5.01","406","00:36:09","146","166","2.7","163","188","7:13","6:34","32","30","0.85","9.7","8.4","298","50.5% L / 49.5% R","7:11","--","--","303","--","0.0","--","299","--","--","--","--","471","--","--","--","--","--","5,826","--","--","--","--","--","--","--","--","--","'-7","15.0","No","00:00:03.2","6","29.0","30","17","38","--","--","--","--","--","00:35:58","00:36:09","4","13"
Indoor Climbing,2026-03-04 18:12:36,false,"Indoor Climbing","--","295","00:39:16","124","175","2.2","--","--","--","--","87","--","--","--","--","--","--","--","--","--","--","--","0.0","--","--","--","--","--","--","--","--","--","--","--","--","442","--","--","10","18:32","11","--","87","--","20:43","'-5","25.0","No","00:39:16","1","27.0","--","--","--","--","--","--","--","--","00:00:00","00:39:16","16","28"
Running,2026-03-02 18:08:53,false,"Gothenburg Running","4.02","332","00:26:08","157","184","3.3","163","226","6:30","4:44","29","28","0.94","8.6","8.3","301","50.4% L / 49.6% R","6:28","--","--","342","--","0.0","--","325","--","--","--","--","531","--","--","--","--","--","4,122","--","--","--","--","--","--","--","--","--","'-8","15.0","No","00:00:08.5","5","28.0","33","18","41","--","--","--","--","--","00:26:03","00:26:08","4","16"
Indoor Climbing,2026-03-01 15:35:57,false,"Indoor Climbing","--","485","01:32:10","112","165","1.4","--","--","--","--","63","--","--","--","--","--","--","--","--","--","--","--","0.0","--","--","--","--","--","--","--","--","--","--","--","--","362","--","--","10","17:38","12","--","63","--","1:14:32","'-7","25.0","No","01:32:10","1","30.0","--","--","--","--","--","--","--","--","00:00:00","01:32:10","21","33"
Indoor Climbing,2026-02-27 11:47:12,false,"Indoor Climbing","--","350","00:45:57","127","163","2.0","--","--","--","--","14","--","--","--","--","--","--","--","--","--","--","--","0.0","--","--","--","--","--","--","--","--","--","--","--","--","718","--","--","4","4:19","4","--","14","--","41:37","'-8","25.0","No","00:45:57","1","26.0","--","--","--","--","--","--","--","--","00:00:00","00:45:57","22","31"
Running,2026-02-26 18:42:57,false,"Gothenburg Running","3.09","239","00:20:33","134","152","2.5","162","177","6:39","5:51","23","19","0.93","9.1","8.5","293","--","6:38","--","--","326","--","0.0","--","321","--","--","--","--","429","--","--","--","--","--","3,322","--","--","--","--","--","--","--","--","--","'-6","14.0","No","00:00:34.9","4","24.0","--","--","--","--","--","--","--","--","00:20:32","00:20:33","7","26"
Indoor Climbing,2026-02-25 19:21:18,false,"Indoor Climbing","--","274","00:32:46","132","172","2.2","--","--","--","--","101","--","--","--","--","--","--","--","--","--","--","--","0.0","--","--","--","--","--","--","--","--","--","--","--","--","288","--","--","11","17:37","11","--","101","--","15:09","'-4","22.0","No","00:32:46","1","27.0","--","--","--","--","--","--","--","--","00:00:00","00:34:47","22","33"
Running,2026-02-22 10:17:54,false,"Klagenfurt Running","5.01","422","00:37:06","156","190","3.1","156","172","7:24","5:29","11","5","0.86","9.6","8.2","302","--","7:23","--","--","294","--","0.0","--","281","--","--","--","--","425","--","--","--","--","--","5,842","--","--","--","--","--","--","--","--","--","'-8","13.0","No","00:00:04.0","6","28.0","--","--","--","--","--","--","--","--","00:36:29","00:37:06","441","450"
Indoor Climbing,2026-02-20 16:04:54,false,"Indoor Climbing","--","570","01:37:18","117","167","1.4","--","--","--","--","22","--","--","--","--","--","--","--","--","--","--","--","0.0","--","--","--","--","--","--","--","--","--","--","--","--","940","--","--","6","5:04","4","--","22","--","1:32:14","'-8","25.0","No","01:37:18","1","28.0","--","--","--","--","--","--","--","--","00:00:00","01:37:18","419","436"
Strength Training,2026-02-17 18:40:12,false,"Strength","0.00","639","01:21:46","132","183","2.6","--","--","--","--","--","--","--","--","--","--","--","--","--","--","--","--","0.0","--","--","--","--","--","--","--","--","--","--","--","--","176","88","13","--","--","--","--","--","--","--","'-7","28.0","No","01:21:46","1","29.0","--","--","--","--","--","--","--","--","00:29:57","01:21:46","--","--"
Running,2026-02-15 15:55:39,false,"Ebenthal in Kärnten Running","3.86","331","00:29:41","150","165","2.5","154","167","7:41","6:27","12","7","0.85","9.7","8.2","304","--","7:38","--","--","279","--","0.0","--","271","--","--","--","--","333","--","--","--","--","--","4,594","--","--","--","--","--","--","--","--","--","'-5","18.0","No","00:06:17.4","4","30.0","--","--","--","--","--","--","--","--","00:28:52","00:29:41","427","439"
Indoor Climbing,2026-02-14 12:07:58,false,"Indoor Climbing","--","373","01:03:35","115","158","1.4","--","--","--","--","66","--","--","--","--","--","--","--","--","--","--","--","0.0","--","--","--","--","--","--","--","--","--","--","--","--","306","--","--","6","18:05","15","--","66","--","45:30","'-2","26.0","No","01:03:35","1","29.0","--","--","--","--","--","--","--","--","00:00:00","01:03:35","436","452"
Resort Skiing,2026-02-13 14:43:01,false,"Turracher Hohe Ski","7.79","471","01:13:11","119","160","1.8","--","--","10.4","66.6","1,153","1,257","--","--","--","--","--","--","--","--","--","--","0.0","--","--","--","--","--","--","--","--","--","--","--","--","--","--","--","--","--","--","--","--","--","--","'-4","--","No","00:00:05.6","4","--","--","--","--","--","--","--","--","--","00:45:23","01:13:11","1,663","2,201"
Resort Skiing,2026-02-13 10:56:40,false,"Stadl-Predlitz Resort Skiing","15.96","921","02:56:21","111","178","1.7","--","--","7.5","68.0","2,762","2,637","--","--","--","--","--","--","--","--","--","--","0.0","--","--","--","--","--","--","--","--","--","--","--","--","--","--","--","--","--","--","--","--","--","--","'-13","--","No","00:13:01","11","--","--","--","--","--","--","--","--","--","01:35:03","02:56:21","1,629","2,205"
Running,2026-02-11 18:25:59,false,"Ebenthal in Kärnten Running","4.51","351","00:37:19","143","159","2.0","154","165","8:16","7:05","16","10","0.78","10.2","8.0","316","--","8:15","--","--","260","--","0.0","--","257","--","--","--","--","331","--","--","--","--","--","5,718","--","--","--","--","--","--","--","--","--","'-4","13.0","No","00:04:24.6","5","30.0","--","--","--","--","--","--","--","--","00:37:06","00:37:19","424","434"
Indoor Climbing,2026-02-04 18:05:03,false,"Indoor Climbing","--","366","00:55:29","120","163","1.4","--","--","--","--","128","--","--","--","--","--","--","--","--","--","--","--","0.0","--","--","--","--","--","--","--","--","--","--","--","--","384","--","--","15","25:51","11","--","128","--","29:37","'-6","24.0","No","00:55:29","1","26.0","--","--","--","--","--","--","--","--","00:00:00","00:55:33","21","33"
Running,2026-02-02 17:52:15,false,"Gothenburg Running","3.99","308","00:32:28","142","160","2.0","155","167","8:09","7:16","28","25","0.79","10.8","8.7","323","50.6% L / 49.4% R","8:08","--","--","289","--","0.0","--","283","--","--","--","--","414","--","--","--","--","--","4,996","--","--","--","--","--","--","--","--","--","'-5","14.0","No","00:07:59.8","4","27.0","28","20","33","--","--","--","--","--","00:32:25","00:32:28","7","26"
Indoor Climbing,2026-02-01 15:34:06,false,"Indoor Climbing","--","520","02:05:47","97","153","0.6","--","--","--","--","85","--","--","--","--","--","--","--","--","--","--","--","0.0","--","--","--","--","--","--","--","--","--","--","--","--","684","--","--","8","21:27","11","--","85","--","1:44:20","'-9","24.0","No","02:05:47","1","26.0","--","--","--","--","--","--","--","--","00:00:00","02:05:47","22","34"
Strength Training,2026-01-31 10:19:02,false,"Strength","0.00","526","01:24:15","119","165","1.6","--","--","--","--","--","--","--","--","--","--","--","--","--","--","--","--","0.0","--","--","--","--","--","--","--","--","--","--","--","--","378","189","29","--","--","--","--","--","--","--","'-11","25.0","No","01:24:15","1","28.0","--","--","--","--","--","--","--","--","00:35:47","01:24:23","--","--"
Running,2026-01-30 19:11:52,false,"Gothenburg Running","2.96","238","00:23:19","143","160","2.0","159","167","7:52","6:34","22","19","0.80","10.0","8.0","307","--","7:51","--","--","282","--","0.0","--","278","--","--","--","--","398","--","--","--","--","--","3,710","--","--","--","--","--","--","--","--","--","'-4","18.0","No","00:07:12.9","3","29.0","--","--","--","--","--","--","--","--","00:23:14","00:23:19","7","24"
Running,2026-01-28 19:32:35,false,"Gothenburg Running","2.32","173","00:19:51","133","147","1.0","157","165","8:34","3:14","14","12","0.74","10.4","7.7","314","--","8:33","--","--","260","--","0.0","--","257","--","--","--","--","350","--","--","--","--","--","3,116","--","--","--","--","--","--","--","--","--","'-3","21.0","No","00:02:35.5","3","29.0","--","--","--","--","--","--","--","--","00:19:50","00:19:51","7","17"
Indoor Climbing,2026-01-27 19:33:20,false,"Indoor Climbing","--","350","00:53:49","117","169","1.4","--","--","--","--","97","--","--","--","--","--","--","--","--","--","--","--","0.0","--","--","--","--","--","--","--","--","--","--","--","--","140","--","--","11","22:34","11","--","97","--","31:15","'-8","25.0","No","00:53:49","1","28.0","--","--","--","--","--","--","--","--","00:00:00","00:53:49","21","33"
Strength Training,2026-01-26 18:45:13,false,"Strength","0.00","496","01:16:07","119","161","1.5","--","--","--","--","--","--","--","--","--","--","--","--","--","--","--","--","0.0","--","--","--","--","--","--","--","--","--","--","--","--","280","140","25","--","--","--","--","--","--","--","'-7","26.0","No","01:16:07","1","28.0","--","--","--","--","--","--","--","--","00:28:35","01:16:07","--","--"
Indoor Climbing,2026-01-25 15:16:20,false,"Indoor Climbing","--","414","01:33:59","99","163","0.6","--","--","--","--","101","--","--","--","--","--","--","--","--","--","--","--","0.0","--","--","--","--","--","--","--","--","--","--","--","--","516","--","--","9","25:32","14","--","101","--","1:08:26","'-8","25.0","No","01:33:59","1","28.0","--","--","--","--","--","--","--","--","00:00:00","01:33:59","25","38"
Running,2026-01-24 09:36:09,false,"Borås Running","4.48","352","00:38:02","137","156","2.0","164","182","8:29","6:31","40","37","0.72","10.4","7.6","312","50.7% L / 49.3% R","8:25","--","--","276","--","0.0","--","269","--","--","--","--","398","--","--","--","--","--","6,168","--","--","--","--","--","--","--","--","--","'-7","13.0","No","00:04:42.1","5","31.0","29","17","36","--","--","--","--","--","00:38:00","00:38:02","267","292"
Strength Training,2026-01-23 09:03:02,false,"Strength","0.00","468","01:30:29","105","151","0.8","--","--","--","--","--","--","--","--","--","--","--","--","--","--","--","--","0.0","--","--","--","--","--","--","--","--","--","--","--","--","226","113","22","--","--","--","--","--","--","--","'-12","25.0","No","01:30:29","1","27.0","--","--","--","--","--","--","--","--","00:32:34","01:30:33","--","--"
Indoor Climbing,2026-01-21 19:42:18,false,"Indoor Climbing","--","396","00:52:27","125","168","1.9","--","--","--","--","140","--","--","--","--","--","--","--","--","--","--","--","0.0","--","--","--","--","--","--","--","--","--","--","--","--","396","--","--","16","29:22","10","--","140","--","23:05","'-6","25.0","No","00:52:27","1","27.0","--","--","--","--","--","--","--","--","00:00:00","00:52:27","26","38"
Strength Training,2026-01-20 19:05:28,false,"Strength","0.00","276","00:46:45","112","151","0.8","--","--","--","--","--","--","--","--","--","--","--","--","--","--","--","--","0.0","--","--","--","--","--","--","--","--","--","--","--","--","--","--","15","--","--","--","--","--","--","--","'-5","26.0","No","00:46:45","1","27.0","--","--","--","--","--","--","--","--","00:23:22","00:46:45","--","--"
Indoor Climbing,2026-01-18 15:26:08,false,"Indoor Climbing","--","488","01:58:12","97","170","1.0","--","--","--","--","82","--","--","--","--","--","--","--","--","--","--","--","0.0","--","--","--","--","--","--","--","--","--","--","--","--","740","--","--","8","19:58","12","--","82","--","1:38:14","'-10","25.0","No","01:58:12","1","28.0","--","--","--","--","--","--","--","--","00:00:00","01:58:12","25","38"
Running,2026-01-17 13:25:06,false,"Gothenburg Running","3.67","302","00:26:11","145","166","2.5","163","176","7:08","6:09","29","18","0.86","9.4","8.1","295","--","6:56","--","--","308","--","0.0","--","301","--","--","--","--","399","--","--","--","--","--","4,276","--","--","--","--","--","--","--","--","--","'-6","14.0","No","00:04:31.9","4","29.0","--","--","--","--","--","--","--","--","00:26:02","00:26:11","5","35"
Indoor Climbing,2026-01-16 13:43:13,false,"Indoor Climbing","--","443","01:24:03","108","152","0.6","--","--","--","--","127","--","--","--","--","--","--","--","--","--","--","--","0.0","--","--","--","--","--","--","--","--","--","--","--","--","280","--","--","15","26:52","11","--","127","--","57:10","'-10","24.0","No","01:24:03","1","27.0","--","--","--","--","--","--","--","--","00:00:00","01:24:03","13","31"
Strength Training,2026-01-15 18:35:25,false,"Strength","0.00","244","00:43:28","108","146","0.6","--","--","--","--","--","--","--","--","--","--","--","--","--","--","--","--","0.0","--","--","--","--","--","--","--","--","--","--","--","--","--","--","12","--","--","--","--","--","--","--","'-3","26.0","No","00:43:28","1","29.0","--","--","--","--","--","--","--","--","00:09:32.1","00:43:28","--","--"
Indoor Rowing,2026-01-15 18:25:29,false,"Indoor Rowing","--","61","05:00.10","145","161","1.4","--","--","--","--","--","--","--","--","--","--","--","--","--","--","--","--","0.0","--","--","--","--","--","--","--","--","--","95","--","--","--","--","--","--","--","--","--","--","--","--","'-2","--","No","00:05:01.0","1","--","--","--","--","--","--","--","--","--","00:00:00","00:05:01.0","--","--"
Indoor Climbing,2026-01-13 19:49:00,false,"Indoor Climbing","--","454","01:03:37","122","169","2.0","--","--","--","--","137","--","--","--","--","--","--","--","--","--","--","--","0.0","--","--","--","--","--","--","--","--","--","--","--","--","296","--","--","17","27:01","10","--","137","--","36:36","'-6","25.0","No","01:03:37","1","28.0","--","--","--","--","--","--","--","--","00:00:00","01:03:37","22","34"
Strength Training,2026-01-12 18:53:37,false,"Strength","0.00","645","01:36:56","121","176","2.0","--","--","--","--","--","--","--","--","--","--","--","--","--","--","--","--","0.0","--","--","--","--","--","--","--","--","--","--","--","--","--","--","26","--","--","--","--","--","--","--","'-10","25.0","No","01:36:56","1","28.0","--","--","--","--","--","--","--","--","00:38:31","01:36:56","--","--"
Indoor Climbing,2026-01-11 15:25:47,false,"Indoor Climbing","--","444","01:22:54","109","153","0.9","--","--","--","--","78","--","--","--","--","--","--","--","--","--","--","--","0.0","--","--","--","--","--","--","--","--","--","--","--","--","390","--","--","9","18:51","11","--","78","--","1:04:03","'-9","24.0","No","01:22:54","1","27.0","--","--","--","--","--","--","--","--","00:00:00","01:22:54","23","36"
Cross Country Classic Skiing,2026-01-10 14:35:49,false,"Borås Cross Country Classic Skiing","7.17","431","00:53:34","130","166","2.3","--","--","8.0","20.2","53","62","--","--","--","--","--","--","--","--","--","--","0.0","--","--","--","--","--","--","--","--","--","--","--","--","2,710","--","--","--","--","--","--","--","--","--","'-6","--","No","00:02:18.0","8","--","--","--","--","--","--","--","--","--","00:52:51","01:09:12","253","263"
Strength Training,2026-01-09 17:44:06,false,"Strength","0.00","477","01:08:50","122","156","1.6","--","--","--","--","--","--","--","--","--","--","--","--","--","--","--","--","0.0","--","--","--","--","--","--","--","--","--","--","--","--","--","--","22","--","--","--","--","--","--","--","'-5","26.0","No","01:08:50","1","29.0","--","--","--","--","--","--","--","--","00:36:45","01:08:50","--","--"
Indoor Climbing,2026-01-07 18:38:46,false,"Indoor Climbing","--","600","01:21:37","126","174","2.1","--","--","--","--","183","--","--","--","--","--","--","--","--","--","--","--","0.0","--","--","--","--","--","--","--","--","--","--","--","--","392","--","--","20","39:29","11","--","183","--","42:08","'-10","24.0","No","01:21:37","1","28.0","--","--","--","--","--","--","--","--","00:00:00","01:21:37","22","34"
Strength Training,2026-01-05 18:26:05,false,"Strength","0.00","512","01:11:15","123","172","2.0","--","--","--","--","--","--","--","--","--","--","--","--","--","--","--","--","0.0","--","--","--","--","--","--","--","--","--","--","--","--","--","--","18","--","--","--","--","--","--","--","'-8","24.0","No","01:11:15","1","27.0","--","--","--","--","--","--","--","--","00:35:42","01:11:15","--","--"
Indoor Climbing,2026-01-04 15:18:07,false,"Indoor Climbing","--","405","01:24:28","102","139","0.4","--","--","--","--","79","--","--","--","--","--","--","--","--","--","--","--","0.0","--","--","--","--","--","--","--","--","--","--","--","--","492","--","--","8","20:34","12","--","79","--","1:03:54","'-9","25.0","No","01:24:28","1","27.0","--","--","--","--","--","--","--","--","00:00:00","01:24:28","12","32"
Indoor Climbing,2025-12-28 11:33:17,false,"Indoor Climbing","--","537","01:53:45","103","152","0.4","--","--","--","--","71","--","--","--","--","--","--","--","--","--","--","--","0.0","--","--","--","--","--","--","--","--","--","--","--","--","682","--","--","7","18:46","14","--","71","--","1:34:59","'-8","25.0","No","01:53:45","1","28.0","--","--","--","--","--","--","--","--","00:00:00","01:53:45","23","49"
Running,2025-12-27 12:16:26,false,"Gothenburg Running","5.00","436","00:40:24","144","184","2.5","148","222","8:05","3:06","108","110","0.85","8.6","7.3","322","50.4% L / 49.6% R","7:41","--","--","319","--","0.0","--","268","--","--","--","--","1,134","--","--","--","--","--","5,766","--","--","--","--","--","--","--","--","--","'-8","17.0","No","00:07:44.7","5","28.0","29","17","38","--","--","--","--","--","00:40:17","00:40:24","61","103"
Indoor Climbing,2025-12-21 15:16:45,false,"Indoor Climbing","--","559","01:49:39","106","158","0.8","--","--","--","--","89","--","--","--","--","--","--","--","--","--","--","--","0.0","--","--","--","--","--","--","--","--","--","--","--","--","644","--","--","9","28:00","13","--","89","--","1:21:39","'-10","24.0","No","01:49:39","1","28.0","--","--","--","--","--","--","--","--","00:00:00","02:03:44","23","36"
Strength Training,2025-12-19 16:29:09,false,"Strength","0.00","522","00:58:18","137","164","2.2","--","--","--","--","--","--","--","--","--","--","--","--","--","--","--","--","0.0","--","--","--","--","--","--","--","--","--","--","--","--","--","--","22","--","--","--","--","--","--","--","'-6","27.0","No","00:58:18","1","30.0","26","16","36","--","--","--","--","--","00:20:02","00:58:18","--","--"
Treadmill Running,2025-12-19 15:57:50,false,"interval","2.99","329","00:23:10","163","186","3.2","136","226","7:44","5:09","--","--","0.96","8.8","8.4","288","50.1% L / 49.9% R","--","--","--","319","--","0.0","--","271","--","--","--","--","434","--","--","--","--","--","3,158","--","--","--","--","--","--","--","--","--","'-5","--","No","00:00:03.1","21","--","35","17","44","--","--","--","--","--","00:19:35","00:23:10","--","--"
Indoor Climbing,2025-12-18 18:48:55,false,"Indoor Climbing","--","465","01:26:19","108","163","0.9","--","--","--","--","97","--","--","--","--","--","--","--","--","--","--","--","0.0","--","--","--","--","--","--","--","--","--","--","--","--","264","--","--","10","23:29","12","--","97","--","1:02:50","'-9","25.0","No","01:26:19","1","29.0","--","--","--","--","--","--","--","--","00:00:00","01:26:19","16","31"
Strength Training,2025-12-16 18:33:50,false,"Strength","0.00","317","00:46:08","117","159","1.3","--","--","--","--","--","--","--","--","--","--","--","--","--","--","--","--","0.0","--","--","--","--","--","--","--","--","--","--","--","--","--","--","13","--","--","--","--","--","--","--","'-5","24.0","No","00:46:08","1","28.0","--","--","--","--","--","--","--","--","00:18:44","00:46:08","--","--"
Running,2025-12-15 17:34:56,false,"Gothenburg Running","4.33","358","00:32:11","145","165","2.4","162","193","7:26","5:47","41","41","0.84","10.1","8.6","299","50.1% L / 49.9% R","7:22","--","--","313","--","0.0","--","307","--","--","--","--","480","--","--","--","--","--","5,172","--","--","--","--","--","--","--","--","--","'-6","16.0","No","00:02:29.6","5","28.0","32","17","41","--","--","--","--","--","00:32:10","00:32:11","3","20"
Indoor Climbing,2025-12-14 15:04:53,false,"Indoor Climbing","--","609","01:52:05","111","161","1.1","--","--","--","--","101","--","--","--","--","--","--","--","--","--","--","--","0.0","--","--","--","--","--","--","--","--","--","--","--","--","800","--","--","10","26:08","12","--","101","--","1:25:57","'-8","26.0","No","01:52:05","1","28.0","--","--","--","--","--","--","--","--","00:00:00","01:52:05","19","32"
Strength Training,2025-12-13 11:20:45,false,"Strength","0.00","410","01:02:59","117","158","1.3","--","--","--","--","--","--","--","--","--","--","--","--","--","--","--","--","0.0","--","--","--","--","--","--","--","--","--","--","--","--","--","--","19","--","--","--","--","--","--","--","'-5","23.0","No","01:02:59","1","28.0","--","--","--","--","--","--","--","--","00:21:56","01:02:59","--","--"
Indoor Climbing,2025-12-12 11:16:54,false,"Indoor Climbing","--","289","00:38:31","121","166","1.8","--","--","--","--","76","--","--","--","--","--","--","--","--","--","--","--","0.0","--","--","--","--","--","--","--","--","--","--","--","--","306","--","--","10","17:06","10","--","76","--","21:24","'-5","26.0","No","00:38:31","1","27.0","--","--","--","--","--","--","--","--","00:00:00","00:38:31","20","31"
Running,2025-12-10 18:01:19,false,"Gothenburg Running","4.42","374","00:32:20","151","174","2.6","158","189","7:19","4:59","28","37","0.87","9.8","8.6","303","50.4% L / 49.6% R","7:20","--","--","319","--","0.0","--","304","--","--","--","--","461","--","--","--","--","--","5,044","--","--","--","--","--","--","--","--","--","'-6","18.0","No","00:03:16.7","5","27.0","34","19","40","--","--","--","--","--","00:32:18","00:32:20","3","13"
Indoor Climbing,2025-12-09 19:03:51,false,"Indoor Climbing","--","479","00:58:42","128","180","2.2","--","--","--","--","126","--","--","--","--","--","--","--","--","--","--","--","0.0","--","--","--","--","--","--","--","--","--","--","--","--","386","--","--","15","28:37","11","--","126","--","30:05","'-6","26.0","No","00:58:42","1","30.0","--","--","--","--","--","--","--","--","00:00:00","00:58:42","15","28"
Strength Training,2025-12-08 19:06:48,false,"Strength","0.00","491","00:58:50","135","171","2.2","--","--","--","--","--","--","--","--","--","--","--","--","--","--","--","--","0.0","--","--","--","--","--","--","--","--","--","--","--","--","--","--","17","--","--","--","--","--","--","--","'-5","27.0","No","00:58:50","1","29.0","26","18","37","--","--","--","--","--","00:32:12","00:58:50","--","--"
Treadmill Running,2025-12-08 18:36:43,false,"interval","2.50","280","00:19:42","164","186","3.1","139","174","7:53","5:36","--","--","0.94","8.7","8.1","285","--","--","--","--","295","--","0.0","--","254","--","--","--","--","370","--","--","--","--","--","2,618","--","--","--","--","--","--","--","--","--","'-5","--","No","00:00:01.6","21","--","35","20","45","--","--","--","--","--","00:16:35","00:19:42","--","--"
Indoor Climbing,2025-12-07 15:41:30,false,"Indoor Climbing","--","522","01:33:17","110","172","1.0","--","--","--","--","83","--","--","--","--","--","--","--","--","--","--","--","0.0","--","--","--","--","--","--","--","--","--","--","--","--","418","--","--","8","20:21","11","--","83","--","1:12:56","'-8","27.0","No","01:33:17","1","30.0","--","--","--","--","--","--","--","--","00:00:00","01:33:17","26","38"
Indoor Climbing,2025-12-04 18:19:23,false,"Indoor Climbing","--","632","01:56:55","109","164","0.8","--","--","--","--","65","--","--","--","--","--","--","--","--","--","--","--","0.0","--","--","--","--","--","--","--","--","--","--","--","--","532","--","--","13","17:35","10","--","65","--","1:39:20","'-8","26.0","No","01:56:55","1","31.0","--","--","--","--","--","--","--","--","00:00:00","01:56:55","'-13","'-2"
Strength Training,2025-12-02 18:15:23,false,"Strength","0.00","388","00:58:56","119","153","1.4","--","--","--","--","--","--","--","--","--","--","--","--","--","--","--","--","0.0","--","--","--","--","--","--","--","--","--","--","--","--","--","--","14","--","--","--","--","--","--","--","'-7","18.0","No","00:58:56","1","29.0","--","--","--","--","--","--","--","--","00:29:15","00:58:56","--","--"
Running,2025-12-01 18:00:53,false,"Gothenburg Running","4.53","362","00:34:52","138","158","2.2","158","172","7:42","6:26","37","34","0.82","9.7","8.1","311","50.2% L / 49.8% R","7:42","--","--","299","--","0.0","--","287","--","--","--","--","399","--","--","--","--","--","5,452","--","--","--","--","--","--","--","--","--","'-6","13.0","No","00:03:53.4","5","27.0","32","17","41","--","--","--","--","--","00:34:49","00:34:52","5","30"
Indoor Climbing,2025-11-30 15:27:47,false,"Indoor Climbing","--","613","02:01:59","107","159","0.9","--","--","--","--","78","--","--","--","--","--","--","--","--","--","--","--","0.0","--","--","--","--","--","--","--","--","--","--","--","--","608","--","--","9","21:15","12","--","78","--","1:40:43","'-11","26.0","No","02:01:59","1","30.0","--","--","--","--","--","--","--","--","00:00:00","02:01:59","16","29"
Strength Training,2025-11-28 11:25:50,false,"Strength","0.00","318","00:36:13","132","165","2.1","--","--","--","--","--","--","--","--","--","--","--","--","--","--","--","--","0.0","--","--","--","--","--","--","--","--","--","--","--","--","--","--","12","--","--","--","--","--","--","--","'-5","26.0","No","00:36:13","1","29.0","--","--","--","--","--","--","--","--","00:18:53","00:36:13","--","--"
Treadmill Running,2025-11-28 10:52:39,false,"interval","3.04","358","00:25:33","167","194","3.4","136","176","8:24","5:03","--","--","0.95","8.7","8.0","289","--","--","--","--","282","--","0.0","--","236","--","--","--","--","414","--","--","--","--","--","3,382","--","--","--","--","--","--","--","--","--","'-7","--","No","00:00:30","21","--","--","--","--","--","--","--","--","--","00:20:45","00:25:33","--","--"
Indoor Climbing,2025-11-26 19:12:25,false,"Indoor Climbing","--","417","01:01:04","119","175","1.9","--","--","--","--","98","--","--","--","--","--","--","--","--","--","--","--","0.0","--","--","--","--","--","--","--","--","--","--","--","--","402","--","--","12","24:11","11","--","98","--","36:53","'-7","25.0","No","01:01:04","1","29.0","--","--","--","--","--","--","--","--","00:00:00","01:01:07","21","35"
Strength Training,2025-11-25 18:40:02,false,"Strength","0.00","641","01:29:45","125","165","2.0","--","--","--","--","--","--","--","--","--","--","--","--","--","--","--","--","0.0","--","--","--","--","--","--","--","--","--","--","--","--","--","--","29","--","--","--","--","--","--","--","'-12","23.0","No","01:29:45","1","28.0","--","--","--","--","--","--","--","--","00:43:16","01:29:45","--","--"
Running,2025-11-24 19:16:55,false,"Gothenburg Running","4.13","332","00:30:59","144","155","2.2","163","175","7:30","5:30","31","29","0.82","10.1","8.5","303","50.5% L / 49.5% R","7:28","--","--","309","--","0.0","--","304","--","--","--","--","469","--","--","--","--","--","5,020","--","--","--","--","--","--","--","--","--","'-5","10.0","No","00:00:59.7","5","28.0","31","19","40","--","--","--","--","--","00:30:57","00:30:59","2","15"
Indoor Climbing,2025-11-23 15:45:16,false,"Indoor Climbing","--","564","02:20:47","95","151","0.6","--","--","--","--","97","--","--","--","--","--","--","--","--","--","--","--","0.0","--","--","--","--","--","--","--","--","--","--","--","--","844","--","--","10","33:04","13","--","97","--","1:47:43","'-9","26.0","No","02:20:47","1","29.0","--","--","--","--","--","--","--","--","00:00:00","02:20:47","24","42"
Strength Training,2025-11-21 14:17:27,false,"Strength","0.00","454","00:47:57","142","169","2.5","--","--","--","--","--","--","--","--","--","--","--","--","--","--","--","--","0.0","--","--","--","--","--","--","--","--","--","--","--","--","--","--","18","--","--","--","--","--","--","--","'-6","27.0","No","00:47:57","1","29.0","27","18","37","--","--","--","--","--","00:19:12","00:47:57","--","--"
Treadmill Running,2025-11-21 13:45:03,false,"interval","2.35","266","00:19:28","161","183","3.0","130","180","8:16","5:38","--","--","0.94","8.9","8.2","298","49.8% L / 50.2% R","--","--","--","285","--","0.0","--","244","--","--","--","--","387","--","--","--","--","--","2,432","--","--","--","--","--","--","--","--","--","'-5","--","No","00:00:00.9","22","--","33","17","40","--","--","--","--","--","00:15:23","00:19:28","--","--"
Indoor Climbing,2025-11-20 18:35:39,false,"Indoor Climbing","--","349","00:49:53","121","166","1.7","--","--","--","--","92","--","--","--","--","--","--","--","--","--","--","--","0.0","--","--","--","--","--","--","--","--","--","--","--","--","144","--","--","11","20:44","11","--","92","--","29:08","'-6","23.0","No","00:49:53","1","28.0","--","--","--","--","--","--","--","--","00:00:00","00:49:53","16","32"
Running,2025-11-19 17:32:21,false,"Gothenburg Running","4.97","415","00:35:17","147","166","2.6","169","207","7:06","5:19","36","36","0.84","9.0","7.7","288","50.6% L / 49.4% R","7:04","--","--","303","--","0.0","--","295","--","--","--","--","450","--","--","--","--","--","5,922","--","--","--","--","--","--","--","--","--","'-8","13.0","No","00:06:41.4","5","28.0","32","18","42","--","--","--","--","--","00:34:57","00:35:17","5","21"
Strength Training,2025-11-18 19:15:00,false,"Strength","0.00","311","00:50:24","114","147","1.0","--","--","--","--","--","--","--","--","--","--","--","--","--","--","--","--","0.0","--","--","--","--","--","--","--","--","--","--","--","--","--","--","14","--","--","--","--","--","--","--","'-5","25.0","No","00:50:24","1","29.0","--","--","--","--","--","--","--","--","00:15:56","00:50:24","--","--"
Indoor Cycling,2025-11-18 19:03:12,false,"Indoor Cycling","0.00","103","00:10:26","121","143","1.2","--","--","--","--","--","--","--","--","--","--","--","--","--","--","--","--","0.0","--","--","--","--","--","--","--","--","--","--","--","--","--","--","--","--","--","--","--","--","--","--","'-2","--","No","00:10:26","1","--","--","--","--","--","--","--","--","--","00:00:00","00:10:26","--","--"
Indoor Climbing,2025-11-16 15:33:20,false,"Indoor Climbing","--","579","01:54:09","107","180","1.1","--","--","--","--","79","--","--","--","--","--","--","--","--","--","--","--","0.0","--","--","--","--","--","--","--","--","--","--","--","--","674","--","--","8","17:39","12","--","79","--","1:36:30","'-7","26.0","No","01:54:09","1","28.0","--","--","--","--","--","--","--","--","00:00:00","01:54:09","46","60"
Strength Training,2025-11-15 10:28:58,false,"Strength","0.00","652","01:26:17","126","168","2.2","--","--","--","--","--","--","--","--","--","--","--","--","--","--","--","--","0.0","--","--","--","--","--","--","--","--","--","--","--","--","--","--","27","--","--","--","--","--","--","--","'-11","19.0","No","01:26:17","1","28.0","--","--","--","--","--","--","--","--","00:38:25","01:26:17","--","--"
Indoor Climbing,2025-11-13 18:00:33,false,"Indoor Climbing","--","542","01:48:13","105","158","0.6","--","--","--","--","72","--","--","--","--","--","--","--","--","--","--","--","0.0","--","--","--","--","--","--","--","--","--","--","--","--","494","--","--","7","18:46","12","--","72","--","1:29:27","'-7","25.0","No","01:48:13","1","29.0","--","--","--","--","--","--","--","--","00:00:00","01:48:13","'-35","7"
Running,2025-11-12 18:07:42,false,"Gothenburg Running","4.61","416","00:29:45","164","201","3.4","162","179","6:27","5:24","67","19","0.95","8.6","8.0","275","--","6:15","--","--","352","--","0.0","--","328","--","--","--","--","524","--","--","--","--","--","4,714","--","--","--","--","--","--","--","--","--","'-7","20.0","No","00:05:35.9","5","27.0","--","--","--","--","--","--","--","--","00:29:43","00:29:45","3","61"
Hiking,2025-11-08 11:20:30,false,"Ferlach Hiking","11.53","1,405","04:46:16","108","150","2.0","52","160","24:50","7:34","817","808","1.03","--","--","--","--","--","--","--","--","--","0.0","--","--","--","--","--","--","--","--","--","--","--","--","17,560","--","--","--","--","--","--","--","--","--","'-12","15.0","No","00:18:32","3","32.0","--","--","--","--","--","--","--","--","02:35:33","04:46:16","1,002","1,776"
Indoor Climbing,2025-11-07 16:33:00,false,"Indoor Climbing","--","632","01:46:01","116","164","1.2","--","--","--","--","15","--","--","--","--","--","--","--","--","--","--","--","0.0","--","--","--","--","--","--","--","--","--","--","--","--","710","--","--","4","11:08","5","--","15","--","1:34:53","'-10","26.0","No","01:46:01","1","29.0","--","--","--","--","--","--","--","--","00:00:00","01:46:01","433","441"
Yoga,2025-11-04 18:40:42,false,"Yoga","--","382","01:24:41","103","156","1.5","--","--","--","--","--","--","--","--","--","--","--","--","--","--","--","--","0.0","--","--","--","--","--","--","--","--","--","--","--","--","--","--","1","--","--","--","--","--","--","--","'-7","27.0","No","01:24:41","1","30.0","16","7","27","59","34","93","73","100","01:24:41","01:24:41","--","--"
Running,2025-11-02 13:50:04,false,"Ebenthal in Kärnten Running","7.95","641","01:04:31","143","191","3.2","133","185","8:07","4:02","32","30","0.87","8.3","7.2","294","--","8:03","--","--","297","--","0.0","--","226","--","--","--","--","580","--","--","--","--","--","8,910","--","--","--","--","--","--","--","--","--","'-10","21.0","No","00:06:49.8","8","29.0","--","--","--","--","--","--","--","--","01:04:18","01:04:31","421","446"
Hiking,2025-11-01 10:57:52,false,"Velden am Wörther See Hiking","9.21","679","02:29:58","102","133","0.7","75","160","16:18","6:00","229","235","0.82","--","--","--","--","--","--","--","--","--","0.0","--","--","--","--","--","--","--","--","--","--","--","--","12,290","--","--","--","--","--","--","--","--","--","'-7","24.0","No","00:55:21","2","34.0","--","--","--","--","--","--","--","--","01:56:28","02:29:58","492","641"
Walking,2025-10-31 14:30:19,false,"Klagenfurt Walking","6.95","562","01:47:00","105","126","1.3","81","158","15:24","3:40","24","23","0.79","--","--","--","--","--","--","--","--","--","0.0","--","--","--","--","--","--","--","--","--","--","--","--","8,922","--","--","--","--","--","--","--","--","--","'-5","--","No","00:10:01","7","--","--","--","--","--","--","--","--","--","01:19:05","01:47:00","439","453"
Indoor Climbing,2025-10-31 12:57:00,false,"Indoor Climbing","--","573","01:21:33","126","167","2.0","--","--","--","--","23","--","--","--","--","--","--","--","--","--","--","--","0.0","--","--","--","--","--","--","--","--","--","--","--","--","884","--","--","6","6:08","5","--","23","--","1:15:25","'-7","27.0","No","01:21:33","1","30.0","--","--","--","--","--","--","--","--","00:00:00","01:21:33","446","454"
Hiking,2025-10-30 11:03:46,false,"Lesachtal Hiking","3.06","242","00:49:46","104","128","0.7","90","160","16:15","9:32","126","128","0.68","--","--","--","--","--","--","--","--","--","0.0","--","--","--","--","--","--","--","--","--","--","--","--","4,802","--","--","--","--","--","--","--","--","--","'-2","18.0","No","00:49:46","1","28.0","--","--","--","--","--","--","--","--","00:44:21","00:49:46","1,273","1,402"
Hiking,2025-10-28 10:58:28,false,"Tarvisio Hiking","13.35","1,649","05:08:23","114","151","2.1","75","160","23:05","8:03","1,012","1,005","0.58","--","--","--","--","--","--","--","--","--","0.0","--","--","--","--","--","--","--","--","--","--","--","--","25,086","--","--","--","--","--","--","--","--","--","'-16","17.0","No","05:08:23","1","28.0","--","--","--","--","--","--","--","--","03:40:45","05:08:23","808","1,789"
Hiking,2025-10-27 11:08:15,false,"Bad Bleiberg Hiking","9.95","999","03:20:48","108","140","1.5","73","167","20:11","4:29","593","588","0.68","--","--","--","--","--","--","--","--","--","0.0","--","--","--","--","--","--","--","--","--","--","--","--","15,000","--","--","--","--","--","--","--","--","--","'-15","11.0","No","03:20:48","1","32.0","--","--","--","--","--","--","--","--","02:21:19","03:20:48","1,727","2,175"
Indoor Climbing,2025-10-26 11:15:09,false,"Indoor Climbing","--","549","01:27:52","121","170","2.0","--","--","--","--","19","--","--","--","--","--","--","--","--","--","--","--","0.0","--","--","--","--","--","--","--","--","--","--","--","--","664","--","--","5","5:07","5","--","19","--","1:22:45","'-10","27.0","No","01:27:52","1","30.0","--","--","--","--","--","--","--","--","00:00:00","01:27:52","438","449"
Hiking,2025-10-25 12:23:08,false,"Ferlach Hiking","8.35","565","02:08:55","100","136","0.7","84","176","15:26","1:37","189","189","0.77","--","--","--","--","--","--","--","--","--","0.0","--","--","--","--","--","--","--","--","--","--","--","--","11,160","--","--","--","--","--","--","--","--","--","'-6","18.0","No","02:08:55","1","31.0","--","--","--","--","--","--","--","--","01:42:49","02:08:55","1,002","1,171"
Indoor Climbing,2025-10-22 18:31:03,false,"Indoor Climbing","--","197","00:39:29","100","154","1.0","--","--","--","--","71","--","--","--","--","--","--","--","--","--","--","--","0.0","--","--","--","--","--","--","--","--","--","--","--","--","260","--","--","7","16:52","12","--","71","--","22:37","'-5","24.0","No","00:39:29","1","28.0","--","--","--","--","--","--","--","--","00:00:00","00:39:29","19","34"
Strength Training,2025-10-20 17:42:57,false,"Strength","0.00","176","00:23:31","120","144","0.9","--","--","--","--","--","--","--","--","--","--","--","--","--","--","--","--","0.0","--","--","--","--","--","--","--","--","--","--","--","--","--","--","7","--","--","--","--","--","--","--","'-4","25.0","No","00:23:31","1","28.0","--","--","--","--","--","--","--","--","00:04:21.6","00:23:31","--","--"
Treadmill Running,2025-10-20 17:26:20,false,"interval","1.78","202","00:15:20","156","182","2.7","132","177","8:38","5:17","--","--","0.93","8.6","7.8","292","--","--","--","--","280","--","0.0","--","228","--","--","--","--","402","--","--","--","--","--","1,948","--","--","--","--","--","--","--","--","--","'-3","--","No","00:00:30","16","--","--","--","--","--","--","--","--","--","00:12:24","00:15:20","--","--"
Indoor Climbing,2025-10-19 15:36:20,false,"Indoor Climbing","--","558","01:53:24","105","168","0.9","--","--","--","--","82","--","--","--","--","--","--","--","--","--","--","--","0.0","--","--","--","--","--","--","--","--","--","--","--","--","896","--","--","8","20:33","11","--","82","--","1:32:50","'-10","25.0","No","01:53:24","1","28.0","--","--","--","--","--","--","--","--","00:00:00","01:53:24","26","46"
Strength Training,2025-10-17 12:00:46,false,"Strength","0.00","575","01:11:09","132","182","2.2","--","--","--","--","--","--","--","--","--","--","--","--","--","--","--","--","0.0","--","--","--","--","--","--","--","--","--","--","--","--","--","--","22","--","--","--","--","--","--","--","'-9","27.0","No","01:11:09","1","28.0","26","18","36","--","--","--","--","--","00:29:36","01:11:09","--","--"
Treadmill Running,2025-10-17 11:41:36,false,"Treadmill Running","1.61","121","00:09:36.0","149","167","2.1","165","181","5:58","5:04","--","--","1.02","7.4","7.8","278","50.2% L / 49.8% R","--","--","--","353","--","0.0","--","328","--","--","--","--","408","--","--","--","--","--","1,576","--","--","--","--","--","--","--","--","--","--","--","No","00:03:27.5","2","--","32","20","38","--","--","--","--","--","00:09:28","00:09:36.0","--","--"
Running,2025-10-16 18:02:07,false,"Gothenburg Running","6.49","561","00:45:53","155","179","3.1","168","187","7:04","6:07","60","60","0.84","8.8","7.6","288","50.3% L / 49.7% R","6:57","--","--","314","--","0.0","--","300","--","--","--","--","500","--","--","--","--","--","7,566","--","--","--","--","--","--","--","--","--","'-10","19.0","No","00:03:29.2","7","26.0","33","19","42","--","--","--","--","--","00:45:38","00:45:53","58","72"
Indoor Climbing,2025-10-15 18:16:10,false,"Indoor Climbing","--","416","01:08:25","113","166","1.1","--","--","--","--","115","--","--","--","--","--","--","--","--","--","--","--","0.0","--","--","--","--","--","--","--","--","--","--","--","--","388","--","--","15","27:18","10","--","115","--","41:06","'-8","26.0","No","01:08:25","1","30.0","--","--","--","--","--","--","--","--","00:00:00","01:08:25","20","33"
Strength Training,2025-10-13 18:49:27,false,"Strength","0.00","474","01:03:06","128","163","1.9","--","--","--","--","--","--","--","--","--","--","--","--","--","--","--","--","0.0","--","--","--","--","--","--","--","--","--","--","--","--","--","--","22","--","--","--","--","--","--","--","'-7","26.0","No","01:03:06","1","28.0","25","17","33","--","--","--","--","--","00:21:58","01:03:06","--","--"
Treadmill Running,2025-10-13 18:19:29,false,"interval","2.44","269","00:20:00","159","187","3.1","125","197","8:13","5:03","--","--","0.96","7.3","7.0","302","50.1% L / 49.9% R","--","--","--","305","--","0.0","--","235","--","--","--","--","440","--","--","--","--","--","2,406","--","--","--","--","--","--","--","--","--","'-5","--","No","00:00:30","21","--","34","17","43","--","--","--","--","--","00:15:35","00:20:00","--","--"
Indoor Climbing,2025-10-12 16:17:27,false,"Indoor Climbing","--","213","00:39:35","105","152","0.7","--","--","--","--","67","--","--","--","--","--","--","--","--","--","--","--","0.0","--","--","--","--","--","--","--","--","--","--","--","--","188","--","--","9","15:57","10","--","67","--","23:38","'-5","25.0","No","00:39:35","1","29.0","--","--","--","--","--","--","--","--","00:00:00","00:39:35","4","18"
Strength Training,2025-10-10 10:51:41,false,"Strength","0.00","406","00:59:39","115","157","1.9","--","--","--","--","--","--","--","--","--","--","--","--","--","--","--","--","0.0","--","--","--","--","--","--","--","--","--","--","--","--","--","--","21","--","--","--","--","--","--","--","'-6","21.0","No","00:59:39","1","27.0","--","--","--","--","--","--","--","--","00:21:46","00:59:39","--","--"
Running,2025-10-10 09:48:50,false,"Gothenburg Running","5.01","436","00:33:43","157","177","3.1","173","191","6:44","6:11","31","34","0.86","9.1","8.0","278","50.5% L / 49.5% R","6:44","--","--","328","--","0.0","--","321","--","--","--","--","506","--","--","--","--","--","5,770","--","--","--","--","--","--","--","--","--","'-9","20.0","No","00:00:02.8","6","28.0","35","17","44","--","--","--","--","--","00:33:42","00:33:43","4","13"
Indoor Climbing,2025-10-09 17:44:51,false,"Indoor Climbing","--","526","01:47:57","103","166","0.8","--","--","--","--","88","--","--","--","--","--","--","--","--","--","--","--","0.0","--","--","--","--","--","--","--","--","--","--","--","--","608","--","--","9","24:35","15","--","88","--","1:23:22","'-10","26.0","No","01:47:57","1","29.0","--","--","--","--","--","--","--","--","00:00:00","01:47:57","24","37"
Running,2025-10-08 17:40:11,false,"Gothenburg Running","2.83","231","00:16:13","165","187","3.0","179","193","5:44","4:40","27","25","0.98","7.9","7.9","264","50.8% L / 49.2% R","5:41","--","--","385","--","0.0","--","374","--","--","--","--","481","--","--","--","--","--","2,874","--","--","--","--","--","--","--","--","--","'-5","18.0","No","00:04:12.7","3","26.0","35","21","42","--","--","--","--","--","00:16:11","00:16:13","58","69"
Strength Training,2025-10-06 18:09:10,false,"Strength","0.00","498","01:04:44","126","171","2.1","--","--","--","--","--","--","--","--","--","--","--","--","--","--","--","--","0.0","--","--","--","--","--","--","--","--","--","--","--","--","--","--","23","--","--","--","--","--","--","--","'-8","26.0","No","01:04:44","1","29.0","--","--","--","--","--","--","--","--","00:21:56","01:04:44","--","--"
Treadmill Running,2025-10-06 17:45:52,false,"interval","2.14","289","00:21:54","158","186","3.1","121","200","10:13","4:58","--","--","0.93","8.6","7.5","287","--","--","--","--","268","--","0.0","--","196","--","--","--","--","421","--","--","--","--","--","2,546","--","--","--","--","--","--","--","--","--","'-6","--","No","00:00:30","21","--","--","--","--","--","--","--","--","--","00:15:15","00:21:54","--","--"
Indoor Climbing,2025-10-05 11:25:27,false,"Indoor Climbing","--","726","02:16:37","112","158","0.9","--","--","--","--","84","--","--","--","--","--","--","--","--","--","--","--","0.0","--","--","--","--","--","--","--","--","--","--","--","--","948","--","--","10","20:11","14","--","84","--","1:56:26","'-14","26.0","No","02:16:37","1","31.0","--","--","--","--","--","--","--","--","00:00:00","02:16:37","'-6","10"
Strength Training,2025-10-04 14:20:41,false,"Strength","0.00","343","00:57:36","111","173","0.9","--","--","--","--","--","--","--","--","--","--","--","--","--","--","--","--","0.0","--","--","--","--","--","--","--","--","--","--","--","--","--","--","15","--","--","--","--","--","--","--","'-6","24.0","No","00:57:36","1","27.0","--","--","--","--","--","--","--","--","00:28:36","00:57:36","--","--"
Strength Training,2025-10-03 09:35:13,false,"Strength","0.00","315","00:52:42","109","159","1.5","--","--","--","--","--","--","--","--","--","--","--","--","--","--","--","--","0.0","--","--","--","--","--","--","--","--","--","--","--","--","--","--","1","--","--","--","--","--","--","--","'-6","24.0","No","00:52:42","1","27.0","--","--","--","--","--","--","--","--","00:52:42","00:52:42","--","--"
Running,2025-10-02 17:44:43,false,"Gothenburg Running","6.47","563","00:41:57","161","186","3.5","172","185","6:29","5:29","36","42","0.89","8.5","7.8","276","50.8% L / 49.3% R","6:28","--","--","330","--","0.0","--","322","--","--","--","--","478","--","--","--","--","--","7,162","--","--","--","--","--","--","--","--","--","'-11","18.0","No","00:02:56.7","7","25.0","37","20","45","--","--","--","--","--","00:41:20","00:41:57","2","11"
Indoor Climbing,2025-10-01 18:23:16,false,"Indoor Climbing","--","350","00:54:51","116","158","1.2","--","--","--","--","90","--","--","--","--","--","--","--","--","--","--","--","0.0","--","--","--","--","--","--","--","--","--","--","--","--","402","--","--","11","21:57","12","--","90","--","32:54","'-7","26.0","No","00:54:51","1","29.0","--","--","--","--","--","--","--","--","00:00:00","00:54:51","16","31"
Strength Training,2025-09-29 18:33:35,false,"Strength","0.00","325","00:49:03","116","164","1.1","--","--","--","--","--","--","--","--","--","--","--","--","--","--","--","--","0.0","--","--","--","--","--","--","--","--","--","--","--","--","--","--","21","--","--","--","--","--","--","--","'-4","27.0","No","00:49:03","1","30.0","--","--","--","--","--","--","--","--","00:15:45","00:49:03","--","--"
Treadmill Running,2025-09-29 18:06:55,false,"interval","2.42","286","00:20:48","162","184","3.1","135","180","8:36","5:07","--","--","0.93","8.4","7.7","282","--","--","--","--","285","--","0.0","--","230","--","--","--","--","417","--","--","--","--","--","2,724","--","--","--","--","--","--","--","--","--","'-6","--","No","00:00:30","22","--","--","--","--","--","--","--","--","--","00:15:55","00:20:48","--","--"
Indoor Climbing,2025-09-28 15:31:22,false,"Indoor Climbing","--","481","01:39:28","104","168","1.1","--","--","--","--","79","--","--","--","--","--","--","--","--","--","--","--","0.0","--","--","--","--","--","--","--","--","--","--","--","--","436","--","--","11","23:08","13","--","79","--","1:16:20","'-7","26.0","No","01:39:28","1","29.0","--","--","--","--","--","--","--","--","00:00:00","01:39:28","31","45"
Strength Training,2025-09-26 10:57:37,false,"Strength","0.00","585","01:22:01","125","159","2.0","--","--","--","--","--","--","--","--","--","--","--","--","--","--","--","--","0.0","--","--","--","--","--","--","--","--","--","--","--","--","--","--","24","--","--","--","--","--","--","--","'-8","26.0","No","01:22:01","1","28.0","--","--","--","--","--","--","--","--","00:39:06","01:22:01","--","--"
Running,2025-09-25 17:50:31,false,"Gothenburg Running","5.99","520","00:38:47","160","189","3.4","176","193","6:29","4:59","31","38","0.87","8.6","7.6","269","49.9% L / 50.1% R","6:29","--","--","323","--","0.0","--","318","--","--","--","--","463","--","--","--","--","--","6,768","--","--","--","--","--","--","--","--","--","'-10","20.0","No","00:05:55.6","6","27.0","36","17","46","--","--","--","--","--","00:38:45","00:38:47","3","12"
Strength Training,2025-09-22 18:59:00,false,"Strength","0.00","454","00:54:05","134","165","2.1","--","--","--","--","--","--","--","--","--","--","--","--","--","--","--","--","0.0","--","--","--","--","--","--","--","--","--","--","--","--","--","--","19","--","--","--","--","--","--","--","'-5","27.0","No","00:54:05","1","29.0","25","18","34","--","--","--","--","--","00:23:27","00:54:05","--","--"
Treadmill Running,2025-09-22 18:27:50,false,"interval","2.57","288","00:22:47","157","187","3.1","123","197","8:52","5:28","--","--","0.92","8.1","7.3","296","51.0% L / 49.0% R","--","--","--","279","--","0.0","--","217","--","--","--","--","374","--","--","--","--","--","2,680","--","--","--","--","--","--","--","--","--","'-4","--","No","00:00:01.7","22","--","31","18","40","--","--","--","--","--","00:17:12","00:22:47","--","--"
Indoor Climbing,2025-09-21 11:15:37,false,"Indoor Climbing","--","382","00:54:20","121","160","1.7","--","--","--","--","106","--","--","--","--","--","--","--","--","--","--","--","0.0","--","--","--","--","--","--","--","--","--","--","--","--","228","--","--","13","24:32","11","--","106","--","29:47","'-6","26.0","No","00:54:20","1","30.0","--","--","--","--","--","--","--","--","00:00:00","00:54:20","18","33"
Strength Training,2025-09-19 13:00:21,false,"Strength","0.00","387","01:04:08","116","147","1.2","--","--","--","--","--","--","--","--","--","--","--","--","--","--","--","--","0.0","--","--","--","--","--","--","--","--","--","--","--","--","--","--","16","--","--","--","--","--","--","--","'-6","22.0","No","01:04:08","1","29.0","--","--","--","--","--","--","--","--","00:19:34","01:04:08","--","--"
Strength Training,2025-09-17 17:08:52,false,"Strength","0.00","373","00:44:35","130","157","2.1","--","--","--","--","--","--","--","--","--","--","--","--","--","--","--","--","0.0","--","--","--","--","--","--","--","--","--","--","--","--","--","--","17","--","--","--","--","--","--","--","'-5","28.0","No","00:44:35","1","29.0","--","--","--","--","--","--","--","--","00:21:19","00:44:35","--","--"
Treadmill Running,2025-09-17 16:45:30,false,"Treadmill Running","1.58","225","00:19:00","147","180","2.7","112","180","12:02","5:56","--","--","0.88","9.3","7.9","296","--","--","--","--","237","--","0.0","--","168","--","--","--","--","347","--","--","--","--","--","2,162","--","--","--","--","--","--","--","--","--","'-3","--","No","00:07:05.0","2","--","--","--","--","--","--","--","--","--","00:11:43","00:19:00","--","--"
Running,2025-09-15 18:37:09,false,"Gothenburg Running","5.01","438","00:33:28","164","187","3.3","180","192","6:41","5:53","32","34","0.83","8.9","7.6","266","50.5% L / 49.5% R","6:40","--","--","320","--","0.0","--","314","--","--","--","--","458","--","--","--","--","--","5,950","--","--","--","--","--","--","--","--","--","'-7","22.0","No","00:00:03.1","6","29.0","38","19","47","--","--","--","--","--","00:33:17","00:33:28","3","11"
Indoor Climbing,2025-09-14 13:36:38,false,"Indoor Climbing","--","567","01:50:05","106","158","1.0","--","--","--","--","55","--","--","--","--","--","--","--","--","--","--","--","0.0","--","--","--","--","--","--","--","--","--","--","--","--","728","--","--","6","14:49","11","--","55","--","1:35:15","'-10","28.0","No","01:50:05","1","30.0","--","--","--","--","--","--","--","--","00:00:00","01:50:05","17","30"
Strength Training,2025-09-13 10:12:32,false,"Strength","0.00","182","00:32:16","106","141","0.5","--","--","--","--","--","--","--","--","--","--","--","--","--","--","--","--","0.0","--","--","--","--","--","--","--","--","--","--","--","--","--","--","1","--","--","--","--","--","--","--","'-6","27.0","No","00:32:16","1","28.0","--","--","--","--","--","--","--","--","00:32:16","00:32:16","--","--"
Indoor Climbing,2025-09-07 13:24:20,false,"Indoor Climbing","--","671","02:23:43","103","161","0.6","--","--","--","--","101","--","--","--","--","--","--","--","--","--","--","--","0.0","--","--","--","--","--","--","--","--","--","--","--","--","2,014","--","--","12","22:27","11","--","101","--","2:01:15","'-10","28.0","No","02:23:43","1","32.0","--","--","--","--","--","--","--","--","00:00:00","02:23:43","13","39"
Strength Training,2025-09-06 14:27:30,false,"Strength","0.00","438","01:09:51","116","156","1.6","--","--","--","--","--","--","--","--","--","--","--","--","--","--","--","--","0.0","--","--","--","--","--","--","--","--","--","--","--","--","--","--","23","--","--","--","--","--","--","--","'-7","27.0","No","01:09:51","1","29.0","--","--","--","--","--","--","--","--","00:33:24","01:09:51","--","--"
Indoor Cycling,2025-09-06 14:16:20,false,"Indoor Cycling","0.00","100","00:10:12","121","139","1.1","--","--","--","--","--","--","--","--","--","--","--","--","--","--","--","--","0.0","--","--","--","--","--","--","--","--","--","--","--","--","--","--","--","--","--","--","--","--","--","--","'-2","--","No","00:10:12","1","--","--","--","--","--","--","--","--","--","00:00:00","00:10:12","--","--"
Strength Training,2025-09-02 18:22:04,false,"Strength","0.00","530","01:25:18","117","156","1.3","--","--","--","--","--","--","--","--","--","--","--","--","--","--","--","--","0.0","--","--","--","--","--","--","--","--","--","--","--","--","416","208","36","--","--","--","--","--","--","--","'-4","25.0","No","01:25:18","1","29.0","--","--","--","--","--","--","--","--","00:27:58","01:25:18","--","--"
Running,2025-09-01 17:14:32,false,"Gothenburg Running","5.01","446","00:32:08","174","195","3.4","178","188","6:25","5:50","27","31","0.87","8.8","7.9","267","50.5% L / 49.5% R","6:25","--","--","327","--","0.0","--","324","--","--","--","--","444","--","--","--","--","--","5,676","--","--","--","--","--","--","--","--","--","'-7","27.0","No","00:00:03.2","6","32.0","41","20","53","--","--","--","--","--","00:32:06","00:32:08","4","12"
Indoor Climbing,2025-08-31 13:21:34,false,"Indoor Climbing","--","444","01:27:37","106","149","0.7","--","--","--","--","68","--","--","--","--","--","--","--","--","--","--","--","0.0","--","--","--","--","--","--","--","--","--","--","--","--","440","--","--","8","17:13","11","--","68","--","1:10:25","'-8","28.0","No","01:27:37","1","30.0","--","--","--","--","--","--","--","--","00:00:00","01:27:41","12","23"
Strength Training,2025-08-29 16:05:40,false,"Strength","0.00","758","02:34:03","106","170","0.6","--","--","--","--","--","--","--","--","--","--","--","--","--","--","--","--","0.0","--","--","--","--","--","--","--","--","--","--","--","--","--","--","1","--","--","--","--","--","--","--","'-13","28.0","No","02:34:03","1","31.0","--","--","--","--","--","--","--","--","02:34:03","02:34:03","--","--"
Hiking,2025-08-28 11:08:48,false,"Öckerö Hiking","13.62","1,037","03:44:50","104","133","0.7","72","219","16:30","1:12","140","143","0.85","--","--","--","--","--","--","--","--","--","0.0","--","--","--","--","--","--","--","--","--","--","--","--","17,182","--","--","--","--","--","--","--","--","--","'-7","27.0","No","03:44:50","1","33.0","--","--","--","--","--","--","--","--","02:44:53","03:44:50","2","26"
Strength Training,2025-08-27 12:20:12,false,"Strength","0.00","508","01:13:43","123","157","2.0","--","--","--","--","--","--","--","--","--","--","--","--","--","--","--","--","0.0","--","--","--","--","--","--","--","--","--","--","--","--","--","--","21","--","--","--","--","--","--","--","'-9","24.0","No","01:13:43","1","29.0","--","--","--","--","--","--","--","--","00:38:34","01:13:43","--","--"
Trail Running,2025-08-26 11:34:44,false,"Gothenburg Trail Running","13.30","1,276","03:15:57","121","169","2.4","86","194","14:44","4:24","238","239","0.76","8.9","6.5","310","--","14:14","--","--","205","--","0.0","--","124","--","--","--","--","467","--","--","--","--","--","17,746","--","--","--","--","--","--","--","--","--","'-22","--","No","00:01:08.7","17","--","--","--","--","--","--","--","--","--","02:17:09","03:15:57","71","106"
Indoor Climbing,2025-08-24 20:23:33,false,"Indoor Climbing","--","253","00:44:16","109","149","0.7","--","--","--","--","7","--","--","--","--","--","--","--","--","--","--","--","0.0","--","--","--","--","--","--","--","--","--","--","--","--","330","--","--","2","1:42","3","--","7","--","42:34","'-2","29.0","No","00:44:16","1","32.0","--","--","--","--","--","--","--","--","00:00:00","00:44:16","60","72"
Strength Training,2025-08-22 10:46:49,false,"Strength","0.00","618","01:35:09","120","171","2.0","--","--","--","--","--","--","--","--","--","--","--","--","--","--","--","--","0.0","--","--","--","--","--","--","--","--","--","--","--","--","--","--","20","--","--","--","--","--","--","--","'-13","26.0","No","01:35:09","1","29.0","--","--","--","--","--","--","--","--","00:50:47","01:35:09","--","--"
Indoor Climbing,2025-08-21 11:40:00,false,"Indoor Climbing","--","535","01:56:50","102","152","0.7","--","--","--","--","79","--","--","--","--","--","--","--","--","--","--","--","0.0","--","--","--","--","--","--","--","--","--","--","--","--","596","--","--","9","19:20","12","--","79","--","1:37:30","'-10","26.0","No","01:56:50","1","29.0","--","--","--","--","--","--","--","--","00:00:00","01:56:50","15","30"
Hiking,2025-08-20 14:04:43,false,"Gothenburg Hiking","12.66","1,210","04:44:46","98","144","0.7","58","160","22:30","8:53","328","330","0.77","--","--","--","--","--","--","--","--","--","0.0","--","--","--","--","--","--","--","--","--","--","--","--","17,558","--","--","--","--","--","--","--","--","--","'-10","23.0","No","04:44:46","1","34.0","--","--","--","--","--","--","--","--","02:55:34","04:44:46","96","145"
Strength Training,2025-08-18 12:52:33,false,"Strength","0.00","531","01:14:21","125","165","2.0","--","--","--","--","--","--","--","--","--","--","--","--","--","--","--","--","0.0","--","--","--","--","--","--","--","--","--","--","--","--","--","--","22","--","--","--","--","--","--","--","'-7","27.0","No","01:14:21","1","29.0","--","--","--","--","--","--","--","--","00:29:35","01:14:21","--","--"
Indoor Climbing,2025-08-17 14:01:13,false,"Indoor Climbing","--","312","00:51:08","113","164","1.1","--","--","--","--","90","--","--","--","--","--","--","--","--","--","--","--","0.0","--","--","--","--","--","--","--","--","--","--","--","--","322","--","--","9","20:51","12","--","90","--","30:17","'-4","27.0","No","00:51:08","1","31.0","--","--","--","--","--","--","--","--","00:00:00","00:51:08","20","33"
Strength Training,2025-08-15 10:54:01,false,"Strength","0.00","613","01:23:09","125","157","2.1","--","--","--","--","--","--","--","--","--","--","--","--","--","--","--","--","0.0","--","--","--","--","--","--","--","--","--","--","--","--","--","--","25","--","--","--","--","--","--","--","'-8","28.0","No","01:23:09","1","30.0","--","--","--","--","--","--","--","--","00:50:33","01:23:09","--","--"
Running,2025-08-14 11:49:29,false,"Gothenburg Running","4.31","398","00:28:41","169","190","3.3","172","190","6:39","5:32","31","22","0.86","8.6","7.5","269","--","6:36","--","--","312","--","0.0","--","301","--","--","--","--","482","--","--","--","--","--","4,984","--","--","--","--","--","--","--","--","--","'-7","29.0","No","00:02:03.2","5","32.0","--","--","--","--","--","--","--","--","00:27:58","00:28:41","4","25"
Strength Training,2025-08-13 18:15:02,false,"Strength","0.00","471","01:22:34","109","154","1.0","--","--","--","--","--","--","--","--","--","--","--","--","--","--","--","--","0.0","--","--","--","--","--","--","--","--","--","--","--","--","--","--","21","--","--","--","--","--","--","--","'-7","28.0","No","01:22:34","1","30.0","--","--","--","--","--","--","--","--","00:25:08","01:22:34","--","--"
Running,2025-08-12 18:53:21,false,"Gothenburg Running","0.11","8","00:01:24.7","99","104","0.0","84","119","12:17","10:23","--","1","0.74","7.9","5.8","--","--","12:30","--","--","93","--","0.0","--","93","--","--","--","--","149","--","--","--","--","--","158","--","--","--","--","--","--","--","--","--","--","24.0","No","00:01:24.7","1","25.0","--","--","--","--","--","--","--","--","00:01:24","00:01:24.7","10","11"
Strength Training,2025-08-11 18:00:29,false,"Strength","0.00","533","01:17:12","120","158","1.9","--","--","--","--","--","--","--","--","--","--","--","--","--","--","--","--","0.0","--","--","--","--","--","--","--","--","--","--","--","--","--","--","30","--","--","--","--","--","--","--","'-6","22.0","No","01:17:12","1","28.0","--","--","--","--","--","--","--","--","00:41:04","01:17:12","--","--"
Indoor Climbing,2025-08-10 13:13:20,false,"Indoor Climbing","--","468","01:29:44","106","160","0.8","--","--","--","--","93","--","--","--","--","--","--","--","--","--","--","--","0.0","--","--","--","--","--","--","--","--","--","--","--","--","614","--","--","11","23:36","11","--","93","--","1:06:08","'-5","26.0","No","01:29:44","1","31.0","--","--","--","--","--","--","--","--","00:00:00","01:29:44","15","32"
Strength Training,2025-08-09 14:04:19,false,"Strength","0.00","299","00:45:04","116","141","1.1","--","--","--","--","--","--","--","--","--","--","--","--","--","--","--","--","0.0","--","--","--","--","--","--","--","--","--","--","--","--","--","--","16","--","--","--","--","--","--","--","'-3","25.0","No","00:45:04","1","28.0","--","--","--","--","--","--","--","--","00:24:22","00:45:04","--","--"
Running,2025-08-08 11:40:49,false,"Gothenburg Running","5.49","475","00:36:30","170","190","3.1","--","--","6:39","5:44","31","40","--","--","--","--","--","6:38","--","--","--","--","0.0","--","--","--","--","--","--","--","--","--","--","--","--","--","--","--","--","--","--","--","--","--","--","'-9","25.0","No","00:03:09.6","6","28.0","37","20","45","--","--","--","--","--","00:36:23","00:36:30","4","15"
Strength Training,2025-08-08 09:39:14,false,"Strength","0.00","270","00:48:28","105","153","0.7","--","--","--","--","--","--","--","--","--","--","--","--","--","--","--","--","0.0","--","--","--","--","--","--","--","--","--","--","--","--","--","--","1","--","--","--","--","--","--","--","'-5","24.0","No","00:48:28","1","29.0","--","--","--","--","--","--","--","--","00:48:28","00:48:28","--","--"
Strength Training,2025-08-06 19:17:23,false,"Strength","0.00","399","00:57:14","119","161","1.7","--","--","--","--","--","--","--","--","--","--","--","--","--","--","--","--","0.0","--","--","--","--","--","--","--","--","--","--","--","--","266","133","20","--","--","--","--","--","--","--","'-5","22.0","No","00:57:14","1","28.0","--","--","--","--","--","--","--","--","00:29:34","00:57:14","--","--"
Strength Training,2025-08-04 18:50:54,false,"Strength","0.00","509","01:06:59","123","163","2.1","--","--","--","--","--","--","--","--","--","--","--","--","--","--","--","--","0.0","--","--","--","--","--","--","--","--","--","--","--","--","476","238","30","--","--","--","--","--","--","--","'-6","22.0","No","01:06:59","1","28.0","--","--","--","--","--","--","--","--","00:35:56","01:06:59","--","--"
Indoor Climbing,2025-08-03 11:20:20,false,"Indoor Climbing","--","356","00:38:01","135","177","2.3","--","--","--","--","97","--","--","--","--","--","--","--","--","--","--","--","0.0","--","--","--","--","--","--","--","--","--","--","--","--","276","--","--","10","19:58","11","--","97","--","18:03","'-8","27.0","No","00:38:01","1","29.0","--","--","--","--","--","--","--","--","00:00:00","00:38:01","21","33"
Strength Training,2025-08-01 12:23:10,false,"Strength","0.00","186","00:32:38","106","134","0.5","--","--","--","--","--","--","--","--","--","--","--","--","--","--","--","--","0.0","--","--","--","--","--","--","--","--","--","--","--","--","140","70","10","--","--","--","--","--","--","--","'-2","25.0","No","00:32:38","1","29.0","--","--","--","--","--","--","--","--","00:17:01","00:32:38","--","--"
Running,2025-07-31 19:12:12,false,"Gothenburg Running","1.67","126","00:13:07","132","144","1.1","162","168","7:51","6:46","12","8","0.79","9.9","7.9","300","--","7:41","--","--","271","--","0.0","--","265","--","--","--","--","375","--","--","--","--","--","2,124","--","--","--","--","--","--","--","--","--","'-2","25.0","No","00:05:06.6","2","27.0","--","--","--","--","--","--","--","--","00:12:57","00:13:07","4","18"
Strength Training,2025-07-29 18:41:38,false,"Strength","0.00","550","01:17:07","120","172","2.1","--","--","--","--","--","--","--","--","--","--","--","--","--","--","--","--","0.0","--","--","--","--","--","--","--","--","--","--","--","--","382","191","30","--","--","--","--","--","--","--","'-8","24.0","No","01:17:07","1","29.0","--","--","--","--","--","--","--","--","00:35:42","01:17:07","--","--"
Running,2025-07-27 09:14:30,false,"Gothenburg Running","4.04","333","00:25:31","157","177","3.0","162","174","6:19","5:30","26","26","0.98","8.8","8.6","286","--","6:19","--","--","324","--","0.0","--","315","--","--","--","--","463","--","--","--","--","--","4,120","--","--","--","--","--","--","--","--","--","'-7","24.0","No","00:00:15.2","5","29.0","--","--","--","--","--","--","--","--","00:25:30","00:25:31","4","12"
Indoor Climbing,2025-07-26 13:27:32,false,"Indoor Climbing","--","509","01:33:56","111","147","1.2","--","--","--","--","3","--","--","--","--","--","--","--","--","--","--","--","0.0","--","--","--","--","--","--","--","--","--","--","--","--","396","--","--","1","1:11","3","--","3","--","1:32:45","'-6","27.0","No","01:33:56","1","30.0","--","--","--","--","--","--","--","--","00:00:00","01:33:56","'-5","'-1"
Strength Training,2025-07-25 13:27:50,false,"Strength","0.00","504","01:00:13","128","172","2.2","--","--","--","--","--","--","--","--","--","--","--","--","--","--","--","--","0.0","--","--","--","--","--","--","--","--","--","--","--","--","326","163","26","--","--","--","--","--","--","--","'-7","29.0","No","01:00:13","1","30.0","--","--","--","--","--","--","--","--","00:32:13","01:00:13","--","--"
Strength Training,2025-07-23 18:17:32,false,"Strength","0.00","474","00:59:26","126","165","2.2","--","--","--","--","--","--","--","--","--","--","--","--","--","--","--","--","0.0","--","--","--","--","--","--","--","--","--","--","--","--","266","133","26","--","--","--","--","--","--","--","'-6","27.0","No","00:59:26","1","30.0","--","--","--","--","--","--","--","--","00:29:11","00:59:26","--","--"
Strength Training,2025-07-21 18:32:38,false,"Strength","0.00","434","01:15:00","109","152","0.8","--","--","--","--","--","--","--","--","--","--","--","--","--","--","--","--","0.0","--","--","--","--","--","--","--","--","--","--","--","--","388","194","26","--","--","--","--","--","--","--","'-5","29.0","No","01:15:00","1","31.0","--","--","--","--","--","--","--","--","00:47:56","01:15:00","--","--"
Indoor Climbing,2025-07-20 13:27:02,false,"Indoor Climbing","--","437","01:23:18","106","171","1.2","--","--","--","--","80","--","--","--","--","--","--","--","--","--","--","--","0.0","--","--","--","--","--","--","--","--","--","--","--","--","382","--","--","11","17:22","9","--","80","--","1:05:55","'-7","31.0","No","01:23:18","1","33.0","--","--","--","--","--","--","--","--","00:00:00","01:23:18","25","35"
Hiking,2025-07-17 12:00:05,false,"Liebenfels Hiking","10.61","919","03:10:46","106","148","1.9","56","160","17:59","6:46","414","423","1.02","--","--","--","--","--","--","--","--","--","0.0","--","--","--","--","--","--","--","--","--","--","--","--","11,320","--","--","--","--","--","--","--","--","--","'-13","25.0","No","00:22:32","3","32.0","--","--","--","--","--","--","--","--","02:04:14","03:10:46","595","931"
Running,2025-07-16 17:19:18,false,"Ebenthal in Kärnten Running","3.87","304","00:28:04","142","161","2.2","158","167","7:15","5:09","15","12","0.88","9.6","8.4","305","--","7:13","--","--","283","--","0.0","--","281","--","--","--","--","419","--","--","--","--","--","4,422","--","--","--","--","--","--","--","--","--","'-4","21.0","No","00:06:14.9","4","26.0","--","--","--","--","--","--","--","--","00:28:03","00:28:04","427","439"
Kayaking,2025-07-14 11:08:21,false,"Medulin Kayaking","6.72","1,089","03:03:58","117","162","2.2","--","--","27:22","7:26","221","119","--","--","--","--","--","--","--","--","--","--","0.0","--","--","--","--","--","--","--","--","--","--","--","--","--","--","--","--","--","--","--","--","--","--","'-13","--","No","00:57:20","2","--","--","--","--","--","--","--","--","--","01:18:46","03:04:22","'-500","20"
Running,2025-07-10 20:25:29,false,"Pula Running","4.40","381","00:40:02","138","174","2.2","141","167","9:05","6:54","43","40","0.79","10.1","7.9","321","--","8:52","--","--","252","--","0.0","--","231","--","--","--","--","388","--","--","--","--","--","5,646","--","--","--","--","--","--","--","--","--","'-4","28.0","No","00:03:17.9","5","30.0","--","--","--","--","--","--","--","--","00:37:49","00:40:02","3","35"
Strength Training,2025-07-04 08:41:31,false,"Strength","0.00","463","01:02:13","124","153","2.0","--","--","--","--","--","--","--","--","--","--","--","--","--","--","--","--","0.0","--","--","--","--","--","--","--","--","--","--","--","--","10","5","1","--","--","--","--","--","--","--","'-6","21.0","No","01:02:13","1","29.0","--","--","--","--","--","--","--","--","01:02:13","01:02:13","--","--"
Running,2025-07-03 18:58:45,false,"Gothenburg Running","4.56","383","00:29:50","154","177","3.0","160","180","6:32","4:48","43","50","0.95","10.4","10.1","288","50.2% L / 49.8% R","6:32","--","--","359","--","0.0","--","350","--","--","--","--","525","--","--","--","--","--","4,718","--","--","--","--","--","--","--","--","--","'-7","21.0","No","00:03:51.4","5","27.0","35","17","41","--","--","--","--","--","00:29:48","00:29:50","4","22"
Strength Training,2025-07-01 18:29:58,false,"Strength","0.00","498","01:07:08","121","170","2.2","--","--","--","--","--","--","--","--","--","--","--","--","--","--","--","--","0.0","--","--","--","--","--","--","--","--","--","--","--","--","66","33","1","--","--","--","--","--","--","--","'-7","28.0","No","01:07:08","1","30.0","--","--","--","--","--","--","--","--","01:07:08","01:07:08","--","--"
Strength Training,2025-06-29 13:42:42,false,"Strength","0.00","404","01:04:09","112","155","1.3","--","--","--","--","--","--","--","--","--","--","--","--","--","--","--","--","0.0","--","--","--","--","--","--","--","--","--","--","--","--","274","137","23","--","--","--","--","--","--","--","'-8","23.0","No","01:04:09","1","29.0","--","--","--","--","--","--","--","--","00:29:33","01:04:09","--","--"
Cardio,2025-06-27 10:07:59,false,"Cardio","0.00","214","00:38:57","102","145","0.6","--","--","--","--","--","--","--","--","--","--","--","--","--","--","--","--","0.0","--","--","--","--","--","--","--","--","--","--","--","--","396","--","--","--","--","--","--","--","--","--","'-2","--","No","00:38:57","1","--","--","--","--","--","--","--","--","--","00:00:00","00:38:57","--","--"
Running,2025-06-26 18:47:59,false,"Gothenburg - Easy Run","4.83","393","00:33:09","148","168","2.7","161","178","6:51","5:29","31","32","0.90","10.1","9.3","293","50.8% L / 49.3% R","6:51","--","--","316","--","0.0","--","313","--","--","--","--","444","--","--","--","--","--","5,280","--","--","--","--","--","--","--","--","--","'-6","23.0","No","00:00:02.4","6","28.0","34","18","41","--","--","--","--","--","00:33:01","00:33:09","4","12"
Strength Training,2025-06-24 18:13:41,false,"Strength","0.00","122","00:22:34","103","126","0.3","--","--","--","--","--","--","--","--","--","--","--","--","--","--","--","--","0.0","--","--","--","--","--","--","--","--","--","--","--","--","10","5","3","--","--","--","--","--","--","--","'-2","24.0","No","00:22:34","1","27.0","--","--","--","--","--","--","--","--","00:19:25","00:22:34","--","--"
Running,2025-06-24 18:02:36,false,"Gothenburg - Easy Run","1.07","81","00:07:23.9","130","143","1.0","163","170","6:56","6:17","4","11","0.88","9.3","8.2","291","--","7:00","--","--","306","--","0.0","--","302","--","--","--","--","358","--","--","--","--","--","1,212","--","--","--","--","--","--","--","--","--","--","24.0","No","00:00:28.1","2","27.0","--","--","--","--","--","--","--","--","00:07:22.8","00:07:23.9","9","16"
Running,2025-06-23 19:06:00,false,"Gothenburg - Easy Run","4.84","367","00:32:29","142","162","2.4","162","176","6:43","5:09","41","44","0.90","10.1","9.3","294","50.6% L / 49.4% R","6:41","--","--","334","--","0.0","--","328","--","--","--","--","487","--","--","--","--","--","5,224","--","--","--","--","--","--","--","--","--","'-7","19.0","No","00:00:02.4","6","28.0","33","17","40","--","--","--","--","--","00:32:28","00:32:29","4","14"
Indoor Climbing,2025-06-22 13:15:35,false,"Indoor Climbing","--","699","01:58:52","116","167","2.0","--","--","--","--","67","--","--","--","--","--","--","--","--","--","--","--","0.0","--","--","--","--","--","--","--","--","--","--","--","--","790","--","--","7","23:20","12","--","67","--","1:35:32","'-10","28.0","No","01:58:52","1","31.0","--","--","--","--","--","--","--","--","00:00:00","01:58:52","25","48"
Running,2025-06-21 09:10:25,false,"Gothenburg - Easy Run","5.40","435","00:40:48","144","161","2.4","154","167","7:33","5:56","91","93","0.86","10.7","9.4","307","50.6% L / 49.4% R","7:13","--","--","306","--","0.0","--","299","--","--","--","--","477","--","--","--","--","--","6,226","--","--","--","--","--","--","--","--","--","'-7","21.0","No","00:02:46.1","6","27.0","31","19","39","--","--","--","--","--","00:40:46","00:40:48","12","82"
Strength Training,2025-06-20 09:28:26,false,"Strength","0.00","397","01:05:28","113","151","1.0","--","--","--","--","--","--","--","--","--","--","--","--","--","--","--","--","0.0","--","--","--","--","--","--","--","--","--","--","--","--","608","304","33","--","--","--","--","--","--","--","'-10","25.0","No","01:05:28","1","29.0","--","--","--","--","--","--","--","--","00:36:55","01:05:28","--","--"
Running,2025-06-18 18:55:47,false,"Gothenburg - Benchmark Run","1.58","123","00:09:06.4","158","188","2.4","161","188","5:47","4:08","10","12","1.07","7.8","8.3","275","50.1% L / 49.9% R","5:48","--","--","371","--","0.0","--","336","--","--","--","--","495","--","--","--","--","--","1,426","--","--","--","--","--","--","--","--","--","'-2","20.0","No","00:00:06.4","5","23.0","34","21","43","--","--","--","--","--","00:09:03.4","00:12:43","4","10"
Strength Training,2025-06-17 18:58:01,false,"Strength","0.00","305","00:41:20","122","171","2.0","--","--","--","--","--","--","--","--","--","--","--","--","--","--","--","--","0.0","--","--","--","--","--","--","--","--","--","--","--","--","222","111","19","--","--","--","--","--","--","--","'-3","23.0","No","00:41:20","1","28.0","--","--","--","--","--","--","--","--","00:13:42","00:41:20","--","--"
Running,2025-06-16 18:46:47,false,"Gothenburg - Threshold","6.60","536","00:38:02","165","188","3.7","166","182","5:46","4:50","49","51","1.05","8.6","9.1","272","50.0% L / 50.0% R","5:44","--","--","377","--","0.0","--","367","--","--","--","--","496","--","--","--","--","--","6,240","--","--","--","--","--","--","--","--","--","'-10","21.0","No","00:00:01.7","10","26.0","36","22","47","--","--","--","--","--","00:37:56","00:38:02","3","12"
Indoor Climbing,2025-06-15 13:30:42,false,"Indoor Climbing","--","460","01:23:23","110","142","0.7","--","--","--","--","91","--","--","--","--","--","--","--","--","--","--","--","0.0","--","--","--","--","--","--","--","--","--","--","--","--","332","--","--","10","30:06","11","--","91","--","53:17","'-8","29.0","No","01:23:23","1","32.0","--","--","--","--","--","--","--","--","00:00:00","01:23:23","21","33"
Hiking,2025-06-14 12:51:36,false,"Lerum Hiking","11.40","962","03:30:21","102","145","0.7","63","208","18:27","8:21","269","269","0.87","--","--","--","--","--","--","--","--","--","0.0","--","--","--","--","--","--","--","--","--","--","--","--","15,344","--","--","--","--","--","--","--","--","--","'-11","28.0","No","00:13:34","4","34.0","--","--","--","--","--","--","--","--","02:24:55","03:30:21","14","101"
Running,2025-06-13 13:38:21,false,"Gothenburg - Recovery","3.07","241","00:22:04","139","158","2.1","167","179","7:11","6:17","22","21","0.83","9.9","8.5","291","50.1% L / 49.9% R","7:08","--","--","302","--","0.0","--","296","--","--","--","--","428","--","--","--","--","--","3,648","--","--","--","--","--","--","--","--","--","'-3","26.0","No","00:00:04.4","5","30.0","30","19","37","--","--","--","--","--","00:22:03","00:22:04","4","13"
Strength Training,2025-06-12 19:20:56,false,"Strength","0.00","349","00:54:33","116","151","1.3","--","--","--","--","--","--","--","--","--","--","--","--","--","--","--","--","0.0","--","--","--","--","--","--","--","--","--","--","--","--","354","177","26","--","--","--","--","--","--","--","'-4","29.0","No","00:54:33","1","30.0","--","--","--","--","--","--","--","--","00:26:36","00:54:33","--","--"
Running,2025-06-11 19:29:29,false,"Gothenburg Running","2.18","180","00:13:48","150","161","2.3","168","179","6:19","5:43","7","17","0.94","8.8","8.3","280","--","6:22","--","--","314","--","0.0","--","310","--","--","--","--","372","--","--","--","--","--","2,314","--","--","--","--","--","--","--","--","--","'-3","20.0","No","00:01:11.8","3","21.0","--","--","--","--","--","--","--","--","00:13:47","00:13:48","5","24"
Running,2025-06-11 17:36:16,false,"Gothenburg Running","3.07","263","00:21:24","143","165","2.5","156","174","6:59","5:31","44","20","0.92","9.1","8.3","287","--","6:44","--","--","314","--","0.0","--","299","--","--","--","--","486","--","--","--","--","--","3,392","--","--","--","--","--","--","--","--","--","'-4","22.0","No","00:00:24.6","4","28.0","--","--","--","--","--","--","--","--","00:20:39","00:21:24","6","42"
Strength Training,2025-06-10 18:31:43,false,"Strength","0.00","467","01:09:01","120","148","1.8","--","--","--","--","--","--","--","--","--","--","--","--","--","--","--","--","0.0","--","--","--","--","--","--","--","--","--","--","--","--","482","241","39","--","--","--","--","--","--","--","'-7","--","No","01:09:01","1","--","--","--","--","--","--","--","--","--","00:33:33","01:09:01","--","--"
Running,2025-06-09 17:54:03,false,"Gothenburg - Base","1.53","120","00:10:22","138","150","1.6","164","181","6:47","5:26","11","16","0.90","9.4","8.6","294","50.8% L / 49.2% R","6:49","--","--","303","--","0.0","--","298","--","--","--","--","442","--","--","--","--","--","1,688","--","--","--","--","--","--","--","--","--","'-2","22.0","No","00:03:40.5","2","27.0","31","17","36","--","--","--","--","--","00:10:22","00:10:22","4","14"
Indoor Climbing,2025-06-08 13:37:34,false,"Indoor Climbing","--","648","02:18:14","102","148","0.6","--","--","--","--","132","--","--","--","--","--","--","--","--","--","--","--","0.0","--","--","--","--","--","--","--","--","--","--","--","--","920","--","--","14","23:07","12","--","132","--","1:55:07","'-10","27.0","No","02:18:14","1","30.0","--","--","--","--","--","--","--","--","00:00:00","02:18:14","25","37"
Running,2025-06-07 09:09:07,false,"Gothenburg Running","10.53","905","01:09:44","163","195","3.9","164","191","6:37","5:07","192","194","0.92","8.8","8.2","285","49.6% L / 50.4% R","6:23","--","--","337","--","0.0","--","317","--","--","--","--","632","--","--","--","--","--","11,282","--","--","--","--","--","--","--","--","--","'-17","18.0","No","00:03:21.5","11","27.0","35","17","42","--","--","--","--","--","01:09:41","01:09:44","74","105"
Indoor Climbing,2025-06-06 16:10:53,false,"Indoor Climbing","--","326","00:34:21","133","182","2.3","--","--","--","--","102","--","--","--","--","--","--","--","--","--","--","--","0.0","--","--","--","--","--","--","--","--","--","--","--","--","212","--","--","12","20:10","10","--","102","--","14:11","'-8","24.0","No","00:34:21","1","30.0","--","--","--","--","--","--","--","--","00:00:00","00:34:22","33","45"
Running,2025-06-06 11:33:27,false,"Gothenburg - Sprint","6.35","490","00:44:18","143","175","3.1","150","229","6:58","2:29","40","44","0.94","7.9","7.6","280","50.4% L / 49.6% R","6:59","--","--","322","--","0.0","--","274","--","--","--","--","964","--","--","--","--","--","6,498","--","--","--","--","--","--","--","--","--","'-9","16.0","No","00:00:07.8","19","27.0","30","16","40","--","--","--","--","--","00:44:11","00:44:18","3","12"
Strength Training,2025-06-05 18:18:07,false,"Strength","0.00","401","01:04:44","115","145","1.5","--","--","--","--","--","--","--","--","--","--","--","--","--","--","--","--","0.0","--","--","--","--","--","--","--","--","--","--","--","--","252","126","20","--","--","--","--","--","--","--","'-5","--","No","01:04:44","1","--","--","--","--","--","--","--","--","--","00:43:54","01:04:44","--","--"
Strength Training,2025-06-03 18:45:24,false,"Strength","0.00","413","01:08:03","115","143","1.2","--","--","--","--","--","--","--","--","--","--","--","--","--","--","--","--","0.0","--","--","--","--","--","--","--","--","--","--","--","--","72","36","1","--","--","--","--","--","--","--","'-5","--","No","01:08:03","1","--","--","--","--","--","--","--","--","--","01:08:03","01:08:03","--","--"
Running,2025-06-02 18:06:19,false,"Gothenburg - Base","5.44","437","00:34:59","149","176","3.1","167","185","6:26","5:30","96","71","0.94","9.0","8.6","280","50.4% L / 49.6% R","6:14","--","--","345","--","0.0","--","331","--","--","--","--","510","--","--","--","--","--","5,782","--","--","--","--","--","--","--","--","--","'-9","20.0","No","00:02:58.5","6","25.0","31","23","39","--","--","--","--","--","00:34:58","00:34:59","6","65"
Indoor Climbing,2025-06-01 13:10:19,false,"Indoor Climbing","--","450","01:39:52","99","153","0.8","--","--","--","--","98","--","--","--","--","--","--","--","--","--","--","--","0.0","--","--","--","--","--","--","--","--","--","--","--","--","506","--","--","10","24:17","15","--","98","--","1:15:35","'-7","26.0","No","01:39:52","1","30.0","--","--","--","--","--","--","--","--","00:00:00","01:39:52","36","61"
Running,2025-05-31 10:24:01,false,"Gothenburg - Base","6.55","536","00:40:02","160","178","3.5","169","189","6:07","4:47","43","42","0.97","8.6","8.6","269","50.0% L / 50.0% R","6:06","--","--","330","--","0.0","--","326","--","--","--","--","450","--","--","--","--","--","6,702","--","--","--","--","--","--","--","--","--","'-13","23.0","No","00:00:01.7","8","26.0","35","21","42","--","--","--","--","--","00:40:00","00:40:02","3","12"
Strength Training,2025-05-30 08:29:09,false,"Strength","0.00","357","00:55:28","118","149","1.8","--","--","--","--","--","--","--","--","--","--","--","--","--","--","--","--","0.0","--","--","--","--","--","--","--","--","--","--","--","--","16","8","1","--","--","--","--","--","--","--","'-6","--","No","00:55:28","1","--","--","--","--","--","--","--","--","--","00:55:28","00:55:28","--","--"
Hiking,2025-05-29 10:39:49,false,"Öckerö Hiking","20.90","1,238","04:53:58","99","125","0.5","81","160","14:04","7:16","387","387","0.88","--","--","--","--","--","--","--","--","--","0.0","--","--","--","--","--","--","--","--","--","--","--","--","26,208","--","--","--","--","--","--","--","--","--","'-10","16.0","No","00:03:30.4","5","29.0","--","--","--","--","--","--","--","--","04:19:47","04:53:59","'-1","29"
Running,2025-05-28 18:32:41,false,"Gothenburg - Base","10.01","840","01:05:36","162","184","3.8","168","204","6:33","5:07","203","200","0.91","9.3","8.6","279","50.3% L / 49.7% R","6:18","--","--","345","--","0.0","--","327","--","--","--","--","529","--","--","--","--","--","10,930","--","--","--","--","--","--","--","--","--","'-14","19.0","No","00:02:44.3","11","26.0","33","14","41","--","--","--","--","--","01:05:33","01:05:36","59","109"
Strength Training,2025-05-27 19:05:31,false,"Strength","0.00","184","00:34:41","104","129","1.5","--","--","--","--","--","--","--","--","--","--","--","--","--","--","--","--","0.0","--","--","--","--","--","--","--","--","--","--","--","--","10","5","1","--","--","--","--","--","--","--","'-1","--","No","00:34:41","1","--","--","--","--","--","--","--","--","--","00:34:41","00:34:41","--","--"
Running,2025-05-26 17:50:47,false,"Gothenburg - Threshold","6.42","524","00:37:32","166","186","3.7","169","197","5:51","4:34","36","43","1.01","8.5","8.8","269","49.5% L / 50.5% R","5:51","--","--","372","--","0.0","--","358","--","--","--","--","504","--","--","--","--","--","6,268","--","--","--","--","--","--","--","--","--","'-8","19.0","No","00:02:09.0","8","26.0","37","22","45","--","--","--","--","--","00:37:30","00:37:32","3","13"
Hiking,2025-05-24 11:18:26,false,"Feistritz im Rosental Hiking","10.50","1,127","04:19:58","101","149","1.1","60","167","24:46","6:40","712","708","0.70","--","--","--","--","--","--","--","--","--","0.0","--","--","--","--","--","--","--","--","--","--","--","--","17,424","--","--","--","--","--","--","--","--","--","'-12","16.0","No","00:20:42","4","32.0","--","--","--","--","--","--","--","--","02:33:21","04:19:58","1,158","1,860"
Hiking,2025-05-23 15:31:31,false,"Sankt Veit an der Glan Hiking","6.16","721","02:24:53","105","146","2.0","64","160","23:32","9:01","424","424","0.66","--","--","--","--","--","--","--","--","--","0.0","--","--","--","--","--","--","--","--","--","--","--","--","10,122","--","--","--","--","--","--","--","--","--","'-6","20.0","No","00:52:50","2","32.0","--","--","--","--","--","--","--","--","01:29:19","02:24:54","624","1,026"
Indoor Climbing,2025-05-22 20:19:22,false,"Indoor Climbing","--","339","00:50:56","118","154","1.5","--","--","--","--","26","--","--","--","--","--","--","--","--","--","--","--","0.0","--","--","--","--","--","--","--","--","--","--","--","--","574","--","--","--","--","--","--","--","--","50:56","'-3","28.0","No","00:50:56","1","31.0","--","--","--","--","--","--","--","--","00:00:00","00:50:56","423","434"
Running,2025-05-21 17:56:30,false,"Ebenthal in Kärnten - Sprint","5.32","392","00:43:35","135","167","2.2","138","206","8:12","2:44","10","15","0.82","9.3","7.5","305","--","8:15","--","--","235","--","0.0","--","211","--","--","--","--","684","--","--","--","--","--","6,330","--","--","--","--","--","--","--","--","--","'-8","26.0","No","00:00:05.0","16","29.0","--","--","--","--","--","--","--","--","00:43:04","00:43:35","427","441"
Hiking,2025-05-20 15:08:49,false,"Steindorf am Ossiacher See Hiking","4.17","389","01:52:48","88","141","0.6","46","214","27:06","3:13","212","223","0.80","--","--","--","--","--","--","--","--","--","0.0","--","--","--","--","--","--","--","--","--","--","--","--","5,556","--","--","--","--","--","--","--","--","--","'-6","20.0","No","01:52:48","1","29.0","--","--","--","--","--","--","--","--","00:54:11","01:52:48","1,746","1,906"
Hiking,2025-05-18 10:50:55,false,"Zell Hiking","9.98","1,175","05:07:43","93","153","1.6","54","209","30:48","7:24","995","985","0.64","--","--","--","--","--","--","--","--","--","0.0","--","--","--","--","--","--","--","--","--","--","--","--","19,382","--","--","--","--","--","--","--","--","--","'-20","17.0","No","00:06:44.3","4","32.0","--","--","--","--","--","--","--","--","02:45:15","05:07:43","932","1,918"
Hiking,2025-05-17 12:15:57,false,"Maria Wörth Hiking","10.54","705","02:51:22","95","137","1.0","78","160","16:16","5:15","355","352","2.92","--","--","--","--","--","--","--","--","--","0.0","--","--","--","--","--","--","--","--","--","--","--","--","13,910","--","--","--","--","--","--","--","--","--","'-6","17.0","No","00:19:53","3","31.0","--","--","--","--","--","--","--","--","02:15:41","02:51:22","471","682"
Running,2025-05-16 08:56:46,false,"Gothenburg Running","6.83","579","00:44:25","162","181","3.4","170","233","6:30","5:08","76","75","0.90","9.6","8.8","276","50.4% L / 49.6% R","6:27","--","--","334","--","0.0","--","328","--","--","--","--","494","--","--","--","--","--","7,482","--","--","--","--","--","--","--","--","--","'-11","21.0","No","00:05:07.1","7","28.0","36","23","41","--","--","--","--","--","00:44:23","00:44:25","5","47"
Strength Training,2025-05-15 18:20:33,false,"Strength","0.00","387","00:49:40","126","159","2.0","--","--","--","--","--","--","--","--","--","--","--","--","--","--","--","--","0.0","--","--","--","--","--","--","--","--","--","--","--","--","26","13","3","--","--","--","--","--","--","--","'-6","--","No","00:49:40","1","--","--","--","--","--","--","--","--","--","00:46:41","00:49:40","--","--"
Running,2025-05-14 18:21:24,false,"Gothenburg Running","5.01","431","00:31:56","160","184","3.4","172","219","6:23","4:39","106","107","0.91","10.0","9.3","266","50.6% L / 49.4% R","6:09","--","--","367","--","0.0","--","353","--","--","--","--","510","--","--","--","--","--","5,440","--","--","--","--","--","--","--","--","--","'-7","19.0","No","00:00:02.5","6","28.0","37","30","44","--","--","--","--","--","00:31:55","00:31:56","58","99"
Strength Training,2025-05-13 17:51:31,false,"Strength","0.00","411","00:54:59","125","155","2.0","--","--","--","--","--","--","--","--","--","--","--","--","--","--","--","--","0.0","--","--","--","--","--","--","--","--","--","--","--","--","14","7","1","--","--","--","--","--","--","--","'-5","--","No","00:54:59","1","--","--","--","--","--","--","--","--","--","00:10:05","00:54:59","--","--"
Running,2025-05-13 06:00:37,false,"Gothenburg Running","2.25","176","00:16:04","135","149","2.1","169","179","7:08","6:04","13","12","0.83","9.4","7.8","286","--","7:06","--","--","289","--","0.0","--","284","--","--","--","--","389","--","--","--","--","--","2,726","--","--","--","--","--","--","--","--","--","'-5","18.0","No","00:01:39.0","3","29.0","--","--","--","--","--","--","--","--","00:16:03","00:16:04","4","18"
Indoor Climbing,2025-05-11 13:16:40,false,"Indoor Climbing","--","546","02:10:50","97","149","0.6","--","--","--","--","112","--","--","--","--","--","--","--","--","--","--","--","0.0","--","--","--","--","--","--","--","--","--","--","--","--","848","--","--","11","26:17","12","--","112","--","1:44:33","'-10","27.0","No","02:10:50","1","30.0","--","--","--","--","--","--","--","--","00:00:00","02:10:50","23","40"
Strength Training,2025-05-10 10:17:35,false,"Strength","0.00","309","00:50:44","111","156","1.0","--","--","--","--","--","--","--","--","--","--","--","--","--","--","--","--","0.0","--","--","--","--","--","--","--","--","--","--","--","--","16","8","1","--","--","--","--","--","--","--","'-6","--","No","00:50:44","1","--","--","--","--","--","--","--","--","--","00:50:44","00:50:44","--","--"
Indoor Climbing,2025-05-09 15:36:48,false,"Indoor Climbing","--","593","02:00:30","104","142","1.0","--","--","--","--","170","--","--","--","--","--","--","--","--","--","--","--","0.0","--","--","--","--","--","--","--","--","--","--","--","--","936","--","--","19","32:15","10","--","170","--","1:28:14","'-6","23.0","No","02:00:30","1","29.0","--","--","--","--","--","--","--","--","00:00:00","02:00:30","23","35"
Running,2025-05-08 18:10:54,false,"Gothenburg - Base","4.34","370","00:27:39","160","173","3.1","172","220","6:22","5:16","42","38","0.91","9.5","8.8","272","51.1% L / 48.9% R","6:20","--","--","338","--","0.0","--","333","--","--","--","--","526","--","--","--","--","--","4,714","--","--","--","--","--","--","--","--","--","'-6","22.0","No","00:02:12.7","5","27.0","35","19","44","--","--","--","--","--","00:27:37","00:30:18","4","19"
Strength Training,2025-05-08 17:15:13,false,"Strength","0.00","337","00:50:28","120","154","1.6","--","--","--","--","--","--","--","--","--","--","--","--","--","--","--","--","0.0","--","--","--","--","--","--","--","--","--","--","--","--","18","9","1","--","--","--","--","--","--","--","'-5","--","No","00:50:28","1","--","24","15","40","--","--","--","--","--","00:50:28","00:50:28","--","--"
Running,2025-05-06 16:51:30,false,"Gothenburg - Threshold","2.57","208","00:15:01","158","182","0.0","175","200","5:51","4:52","17","19","0.98","8.9","8.9","262","50.5% L / 49.5% R","5:51","--","--","361","--","0.0","--","354","--","--","--","--","477","--","--","--","--","--","2,596","--","--","--","--","--","--","--","--","--","'-3","18.0","No","00:03:44.2","3","26.0","36","26","44","--","--","--","--","--","00:14:58","00:15:01","6","12"
Strength Training,2025-05-05 18:10:55,false,"Strength","0.00","174","00:18:06","134","154","1.6","--","--","--","--","--","--","--","--","--","--","--","--","--","--","--","--","0.0","--","--","--","--","--","--","--","--","--","--","--","--","84","42","10","--","--","--","--","--","--","--","'-2","--","No","00:18:06","1","--","26","20","33","--","--","--","--","--","00:09:02.7","00:18:06","--","--"
Running,2025-05-05 17:41:54,false,"Gothenburg - Base","3.83","309","00:25:37","149","164","2.6","169","203","6:41","4:13","27","33","0.88","9.1","8.1","274","50.9% L / 49.1% R","6:42","--","--","324","--","0.0","--","312","--","--","--","--","523","--","--","--","--","--","4,288","--","--","--","--","--","--","--","--","--","'-5","20.0","No","00:06:04.0","4","27.0","32","21","39","--","--","--","--","--","00:24:48","00:25:37","5","20"
Trail Running,2025-05-04 16:10:27,false,"Gothenburg Trail Running","11.49","934","02:14:11","122","159","2.4","108","233","11:41","6:10","312","315","0.81","8.7","7.0","415","49.9% L / 50.1% R","11:01","--","--","219","--","0.0","--","166","--","--","--","--","437","--","--","--","--","--","14,204","--","--","--","--","--","--","--","--","--","'-9","--","No","00:04:13.5","12","--","25","12","38","--","--","--","--","--","02:00:04","02:14:11","93","143"
Indoor Climbing,2025-05-04 13:22:32,false,"Indoor Climbing","--","392","01:31:23","96","135","0.5","--","--","--","--","120","--","--","--","--","--","--","--","--","--","--","--","0.0","--","--","--","--","--","--","--","--","--","--","--","--","510","--","--","13","24:05","12","--","120","--","1:07:18","'-5","26.0","No","01:31:23","1","29.0","--","--","--","--","--","--","--","--","00:00:00","01:33:02","'-56","'-36"
Strength Training,2025-05-03 17:37:45,false,"Strength","0.00","366","00:51:19","119","148","1.4","--","--","--","--","--","--","--","--","--","--","--","--","--","--","--","--","0.0","--","--","--","--","--","--","--","--","--","--","--","--","128","64","1","--","--","--","--","--","--","--","'-8","--","No","00:51:19","1","--","--","--","--","--","--","--","--","--","00:51:19","00:51:19","--","--"
Running,2025-05-03 10:16:07,false,"Gothenburg - Base","6.44","537","00:40:06","159","175","3.5","172","205","6:14","5:33","41","47","0.92","9.0","8.5","272","52.0% L / 48.0% R","6:14","--","--","346","--","0.0","--","340","--","--","--","--","487","--","--","--","--","--","6,898","--","--","--","--","--","--","--","--","--","'-11","18.0","No","00:00:05.8","8","25.0","33","15","41","--","--","--","--","--","00:40:03","00:40:06","3","13"
Indoor Climbing,2025-05-02 17:47:06,false,"Indoor Climbing","--","528","01:49:49","103","144","0.7","--","--","--","--","122","--","--","--","--","--","--","--","--","--","--","--","0.0","--","--","--","--","--","--","--","--","--","--","--","--","652","--","--","9","32:13","19","--","122","--","1:17:36","'-9","24.0","No","01:49:49","1","28.0","--","--","--","--","--","--","--","--","00:00:00","01:49:49","50","67"
Running,2025-05-01 14:04:35,false,"Gothenburg Running","2.18","175","00:13:41","153","184","2.4","173","205","6:16","3:28","27","10","0.92","9.6","8.8","271","50.3% L / 49.7% R","6:14","--","--","364","--","0.0","--","343","--","--","--","--","623","--","--","--","--","--","2,342","--","--","--","--","--","--","--","--","--","'-3","20.0","No","00:01:15.7","3","27.0","33","18","41","--","--","--","--","--","00:13:39","00:13:41","4","32"
Hiking,2025-05-01 10:30:15,false,"Gothenburg Hiking","11.48","669","02:12:06","108","141","0.7","97","179","11:30","6:12","289","287","0.90","--","--","--","--","--","--","--","--","--","0.0","--","--","--","--","--","--","--","--","--","--","--","--","13,756","--","--","--","--","--","--","--","--","--","'-10","21.0","No","02:12:06","1","28.0","--","--","--","--","--","--","--","--","02:08:40","02:12:06","98","146"
Strength Training,2025-04-30 17:57:53,false,"Strength","0.00","264","00:48:31","106","136","0.5","--","--","--","--","--","--","--","--","--","--","--","--","--","--","--","--","0.0","--","--","--","--","--","--","--","--","--","--","--","--","32","16","2","--","--","--","--","--","--","--","'-4","--","No","00:48:31","1","--","--","--","--","--","--","--","--","--","00:24:53","00:48:31","--","--"
Running,2025-04-29 20:24:01,false,"Gothenburg - Base","4.95","419","00:31:02","160","175","3.3","172","202","6:16","5:20","31","37","0.92","9.2","8.7","271","50.4% L / 49.6% R","6:15","--","--","335","--","0.0","--","331","--","--","--","--","487","--","--","--","--","--","5,288","--","--","--","--","--","--","--","--","--","'-6","21.0","No","00:00:01.8","6","29.0","36","18","44","--","--","--","--","--","00:31:00","00:31:02","3","12"
Running,2025-04-26 18:18:46,false,"Gothenburg - Base","6.29","538","00:40:01","161","180","3.6","174","219","6:22","4:57","124","125","0.90","9.3","8.5","262","50.1% L / 49.9% R","6:07","--","--","357","--","0.0","--","339","--","--","--","--","619","--","--","--","--","--","6,898","--","--","--","--","--","--","--","--","--","'-7","18.0","No","00:00:01.2","11","25.0","35","18","46","--","--","--","--","--","00:39:59","00:40:03","57","98"
Strength Training,2025-04-26 09:08:23,false,"Strength","0.00","369","00:55:46","116","156","1.5","--","--","--","--","--","--","--","--","--","--","--","--","--","--","--","--","0.0","--","--","--","--","--","--","--","--","--","--","--","--","22","11","1","--","--","--","--","--","--","--","'-8","--","No","00:55:46","1","--","--","--","--","--","--","--","--","--","00:55:46","00:55:46","--","--"
Running,2025-04-25 08:41:07,false,"Gothenburg - Sprint","5.45","427","00:37:52","145","167","3.0","159","216","6:57","2:38","36","43","0.90","8.4","7.7","273","50.4% L / 49.6% R","6:56","--","--","324","--","0.0","--","289","--","--","--","--","818","--","--","--","--","--","5,910","--","--","--","--","--","--","--","--","--","'-10","16.0","No","00:00:02.4","15","26.0","30","21","40","--","--","--","--","--","00:37:50","00:37:52","4","13"
Running,2025-04-23 19:24:29,false,"Gothenburg - Base","4.45","387","00:30:03","158","179","3.1","171","211","6:45","5:16","78","77","0.86","9.6","8.3","269","50.9% L / 49.1% R","6:19","--","--","333","--","0.0","--","321","--","--","--","--","539","--","--","--","--","--","5,094","--","--","--","--","--","--","--","--","--","'-7","18.0","No","00:00:02.8","6","24.0","33","24","41","--","--","--","--","--","00:30:00","00:30:03","12","80"
Strength Training,2025-04-23 18:14:31,false,"Strength","0.00","304","00:42:07","120","158","1.5","--","--","--","--","--","--","--","--","--","--","--","--","--","--","--","--","0.0","--","--","--","--","--","--","--","--","--","--","--","--","136","68","12","--","--","--","--","--","--","--","'-5","--","No","00:42:07","1","--","--","--","--","--","--","--","--","--","00:29:20","00:42:07","--","--"
Running,2025-04-22 18:07:02,false,"Gothenburg - Threshold","5.94","481","00:35:06","165","180","3.7","176","213","5:55","4:38","38","39","0.96","8.3","8.2","267","50.6% L / 49.4% R","5:54","--","--","344","--","0.0","--","338","--","--","--","--","499","--","--","--","--","--","6,104","--","--","--","--","--","--","--","--","--","'-9","17.0","No","00:00:06.0","8","24.0","36","19","43","--","--","--","--","--","00:35:04","00:35:52","4","11"
Walking,2025-04-21 14:03:49,false,"Gothenburg Walking","10.16","432","01:48:47","93","122","0.3","108","161","10:43","7:21","197","197","0.87","--","--","--","--","--","--","--","--","--","0.0","--","--","--","--","--","--","--","--","--","--","--","--","11,954","--","--","--","--","--","--","--","--","--","'-11","--","No","00:01:35.0","11","--","--","--","--","--","--","--","--","--","01:46:14","01:49:13","57","109"
Strength Training,2025-04-20 10:25:16,false,"Strength","0.00","451","01:00:27","127","168","2.3","--","--","--","--","--","--","--","--","--","--","--","--","--","--","--","--","0.0","--","--","--","--","--","--","--","--","--","--","--","--","8","4","1","--","--","--","--","--","--","--","'-15","--","No","01:00:27","1","--","--","--","--","--","--","--","--","--","01:00:27","01:00:27","--","--"
Running,2025-04-19 07:25:35,false,"Gothenburg - Base","8.01","657","00:53:51","154","169","3.3","174","201","6:43","5:12","45","50","0.86","9.5","8.3","273","51.2% L / 48.8% R","6:42","--","--","313","--","0.0","--","310","--","--","--","--","468","--","--","--","--","--","9,262","--","--","--","--","--","--","--","--","--","'-16","17.0","No","00:00:50.8","9","25.0","32","20","42","--","--","--","--","--","00:53:49","00:53:51","4","18"
Indoor Climbing,2025-04-18 13:15:25,false,"Indoor Climbing","--","580","02:21:41","96","144","0.5","--","--","--","--","79","--","--","--","--","--","--","--","--","--","--","--","0.0","--","--","--","--","--","--","--","--","--","--","--","--","1,206","--","--","10","19:53","12","--","79","--","2:01:48","'-10","27.0","No","02:21:41","1","29.0","--","--","--","--","--","--","--","--","00:00:00","02:21:54","23","40"
Running,2025-04-17 17:30:01,false,"Gothenburg - Base","6.40","525","00:41:03","157","177","3.5","173","199","6:25","5:31","38","40","0.90","9.1","8.4","275","50.6% L / 49.4% R","6:25","--","--","326","--","0.0","--","323","--","--","--","--","464","--","--","--","--","--","7,020","--","--","--","--","--","--","--","--","--","'-10","23.0","No","00:00:03.1","8","26.0","34","16","42","--","--","--","--","--","00:41:01","00:41:03","2","12"
Strength Training,2025-04-16 17:45:11,false,"Strength","0.00","376","00:51:08","122","159","2.0","--","--","--","--","--","--","--","--","--","--","--","--","--","--","--","--","0.0","--","--","--","--","--","--","--","--","--","--","--","--","8","4","1","--","--","--","--","--","--","--","'-6","--","No","00:51:08","1","--","--","--","--","--","--","--","--","--","00:51:08","00:51:08","--","--"
Running,2025-04-15 20:57:27,false,"Gothenburg Running","2.86","232","00:19:39","151","167","2.6","162","183","6:52","4:50","4","8","0.89","9.2","8.2","289","--","6:53","--","--","290","--","0.0","--","283","--","--","--","--","425","--","--","--","--","--","3,224","--","--","--","--","--","--","--","--","--","'-4","24.0","No","00:05:39.9","3","31.0","--","--","--","--","--","--","--","--","00:19:38","00:19:39","4","12"
Running,2025-04-14 18:06:32,false,"Gothenburg - Threshold","5.21","428","00:32:06","166","187","3.7","160","196","6:10","4:30","156","112","1.02","9.3","9.6","283","50.2% L / 49.8% R","5:53","--","--","371","--","0.0","--","352","--","--","--","--","569","--","--","--","--","--","5,080","--","--","--","--","--","--","--","--","--","'-9","16.0","No","00:00:05.7","7","27.0","37","29","47","--","--","--","--","--","00:32:03","00:32:06","59","98"
Indoor Climbing,2025-04-13 13:22:09,false,"Indoor Climbing","--","572","01:56:57","105","143","1.0","--","--","--","--","80","--","--","--","--","--","--","--","--","--","--","--","0.0","--","--","--","--","--","--","--","--","--","--","--","--","812","--","--","9","27:37","15","--","80","--","1:29:20","'-13","27.0","No","01:56:57","1","29.0","--","--","--","--","--","--","--","--","00:00:00","01:56:58","26","51"
Indoor Climbing,2025-04-11 17:40:20,false,"Indoor Climbing","--","559","01:43:15","111","148","1.5","--","--","--","--","137","--","--","--","--","--","--","--","--","--","--","--","0.0","--","--","--","--","--","--","--","--","--","--","--","--","870","--","--","12","30:10","13","--","137","--","1:13:05","'-8","24.0","No","01:43:15","1","28.0","--","--","--","--","--","--","--","--","00:00:00","01:43:15","51","65"
Strength Training,2025-04-10 17:00:32,false,"fysio","0.00","228","00:34:23","114","161","1.6","--","--","--","--","--","--","--","--","--","--","--","--","--","--","--","--","0.0","--","--","--","--","--","--","--","--","--","--","--","--","134","51","8","--","--","--","--","--","--","--","'-4","--","No","00:34:23","1","--","--","--","--","--","--","--","--","--","00:25:31","00:34:23","--","--"
Running,2025-04-09 18:02:44,false,"Gothenburg - Recovery","3.03","226","00:22:49","135","146","2.1","162","186","7:32","4:19","20","19","0.81","11.2","9.2","292","51.3% L / 48.7% R","7:34","--","--","297","--","0.0","--","291","--","--","--","--","470","--","--","--","--","--","3,682","--","--","--","--","--","--","--","--","--","'-4","18.0","No","00:00:48.9","4","27.0","30","18","35","--","--","--","--","--","00:22:44","00:22:49","3","24"
Indoor Climbing,2025-04-08 17:38:13,false,"Indoor Climbing","--","526","01:14:58","124","167","2.2","--","--","--","--","206","--","--","--","--","--","--","--","--","--","--","--","0.0","--","--","--","--","--","--","--","--","--","--","--","--","354","--","--","20","30:16","11","--","206","--","44:42","'-8","26.0","No","01:14:58","1","29.0","--","--","--","--","--","--","--","--","00:00:00","01:14:58","26","39"
Running,2025-04-07 17:21:31,false,"Gothenburg - Base","6.54","528","00:41:13","160","177","3.6","163","198","6:18","5:54","41","45","0.97","9.8","9.8","280","50.4% L / 49.6% R","6:18","--","--","339","--","0.0","--","335","--","--","--","--","492","--","--","--","--","--","6,654","--","--","--","--","--","--","--","--","--","'-11","16.0","No","00:00:12.6","8","26.0","35","20","42","--","--","--","--","--","00:41:12","00:41:13","3","12"
Indoor Climbing,2025-04-06 13:25:30,false,"Indoor Climbing","--","571","01:59:32","106","183","1.1","--","--","--","--","75","--","--","--","--","--","--","--","--","--","--","--","0.0","--","--","--","--","--","--","--","--","--","--","--","--","646","--","--","7","19:05","12","--","75","--","1:40:27","'-9","26.0","No","01:59:32","1","29.0","--","--","--","--","--","--","--","--","00:00:00","01:59:32","23","41"
Running,2025-04-05 19:01:30,false,"Borås Running","4.67","379","00:29:37","159","175","3.4","165","194","6:20","3:49","74","76","0.96","8.9","8.5","286","--","6:10","--","--","340","--","0.0","--","327","--","--","--","--","598","--","--","--","--","--","4,874","--","--","--","--","--","--","--","--","--","'-5","12.0","No","00:03:59.3","5","19.0","--","--","--","--","--","--","--","--","00:29:30","00:29:37","276","325"
Indoor Climbing,2025-04-04 17:26:45,false,"Indoor Climbing","--","787","02:27:19","111","178","1.7","--","--","--","--","217","--","--","--","--","--","--","--","--","--","--","--","0.0","--","--","--","--","--","--","--","--","--","--","--","--","848","--","--","21","56:19","13","--","217","--","1:30:59","'-11","24.0","No","02:27:19","1","29.0","--","--","--","--","--","--","--","--","00:00:00","02:27:24","73","88"
Indoor Climbing,2025-04-02 18:29:05,false,"Indoor Climbing","--","458","01:04:30","126","170","2.2","--","--","--","--","132","--","--","--","--","--","--","--","--","--","--","--","0.0","--","--","--","--","--","--","--","--","--","--","--","--","144","--","--","16","27:59","11","--","132","--","36:31","'-8","27.0","No","01:04:30","1","30.0","--","--","--","--","--","--","--","--","00:00:00","01:04:30","28","40"
Running,2025-03-31 17:37:51,false,"Gothenburg Running","11.39","898","01:29:22","143","174","3.3","153","223","7:51","5:33","176","180","0.84","10.4","8.9","308","51.0% L / 49.0% R","7:35","--","--","305","--","0.0","--","282","--","--","--","--","509","--","--","--","--","--","13,554","--","--","--","--","--","--","--","--","--","'-18","17.0","No","00:02:39.7","12","27.0","31","15","42","--","--","--","--","--","01:29:13","01:29:22","4","92"
Indoor Climbing,2025-03-30 13:22:08,false,"Indoor Climbing","--","542","02:14:25","98","143","0.4","--","--","--","--","99","--","--","--","--","--","--","--","--","--","--","--","0.0","--","--","--","--","--","--","--","--","--","--","--","--","740","--","--","10","24:35","12","--","99","--","1:49:50","'-15","25.0","No","02:14:25","1","29.0","--","--","--","--","--","--","--","--","00:00:00","02:14:25","8","31"
Walking,2025-03-29 10:15:20,false,"Gothenburg Walking","4.81","119","00:54:25","64","91","0.2","113","150","11:19","8:16","105","105","0.78","--","--","--","--","--","--","--","--","--","0.0","--","--","--","--","--","--","--","--","--","--","--","--","6,190","--","--","--","--","--","--","--","--","--","'-3","--","No","00:09:05.7","5","--","--","--","--","--","--","--","--","--","00:54:07","00:54:25","58","96"
Indoor Climbing,2025-03-28 16:55:30,false,"Indoor Climbing","--","796","01:28:38","140","181","3.1","--","--","--","--","293","--","--","--","--","--","--","--","--","--","--","--","0.0","--","--","--","--","--","--","--","--","--","--","--","--","806","--","--","31","50:09","13","--","293","--","38:29","'-13","26.0","No","01:28:38","1","28.0","--","--","--","--","--","--","--","--","00:00:00","01:28:38","21","36"
Running,2025-03-27 17:39:49,false,"Gothenburg - Base","7.63","632","00:55:35","155","178","3.3","158","196","7:17","5:55","150","155","0.87","10.2","8.9","291","50.2% L / 49.8% R","6:52","--","--","321","--","0.0","--","306","--","--","--","--","522","--","--","--","--","--","8,742","--","--","--","--","--","--","--","--","--","'-12","17.0","No","00:00:04.2","9","27.0","33","19","41","--","--","--","--","--","00:55:29","00:55:35","5","94"
Indoor Climbing,2025-03-26 16:43:48,false,"Indoor Climbing","--","587","01:57:10","110","155","1.0","--","--","--","--","56","--","--","--","--","--","--","--","--","--","--","--","0.0","--","--","--","--","--","--","--","--","--","--","--","--","770","--","--","7","12:23","11","--","56","--","1:44:46","'-11","26.0","No","01:57:10","1","28.0","--","--","--","--","--","--","--","--","00:00:00","01:57:10","17","33"
Running,2025-03-24 17:04:24,false,"Gothenburg - Base","6.38","513","00:39:54","164","182","3.8","164","194","6:16","5:00","39","44","0.98","9.5","9.4","286","50.4% L / 49.6% R","6:16","--","--","338","--","0.0","--","334","--","--","--","--","470","--","--","--","--","--","6,462","--","--","--","--","--","--","--","--","--","'-9","15.0","No","00:02:46.0","7","28.0","36","21","43","--","--","--","--","--","00:39:51","00:39:54","3","12"
Walking,2025-03-22 14:01:35,false,"Magdalensberg Walking","12.96","1,138","03:28:56","105","151","2.1","78","207","16:07","7:34","577","568","0.80","--","--","--","--","--","--","--","--","--","0.0","--","--","--","--","--","--","--","--","--","--","--","--","17,182","--","--","--","--","--","--","--","--","--","'-11","--","No","00:11:26","13","--","--","--","--","--","--","--","--","--","02:43:16","03:28:57","596","1,061"
Walking,2025-03-21 15:04:57,false,"Köttmannsdorf Walking","7.46","614","02:02:01","100","132","1.4","75","236","16:21","6:28","156","157","0.83","--","--","--","--","--","--","--","--","--","0.0","--","--","--","--","--","--","--","--","--","--","--","--","9,434","--","--","--","--","--","--","--","--","--","'-5","--","No","00:04:09.5","9","--","--","--","--","--","--","--","--","--","01:25:44","02:02:01","748","786"
Indoor Climbing,2025-03-20 17:56:18,false,"Indoor Climbing","--","830","01:45:24","137","176","3.1","--","--","--","--","16","--","--","--","--","--","--","--","--","--","--","--","0.0","--","--","--","--","--","--","--","--","--","--","--","--","1,240","--","--","5","4:18","3","--","16","--","1:41:06","'-14","26.0","No","01:45:24","1","29.0","--","--","--","--","--","--","--","--","00:00:00","01:45:25","434","441"
Running,2025-03-19 17:41:46,false,"Ebenthal in Kärnten Running","2.26","179","00:17:40","141","153","2.0","154","167","7:49","6:35","7","5","0.83","9.8","8.1","303","--","7:43","--","--","265","--","0.0","--","259","--","--","--","--","337","--","--","--","--","--","2,752","--","--","--","--","--","--","--","--","--","'-2","21.0","No","00:01:55.3","3","29.0","--","--","--","--","--","--","--","--","00:17:12","00:17:40","427","432"
Indoor Climbing,2025-03-17 20:27:05,false,"Indoor Climbing","--","395","01:04:01","118","160","1.7","--","--","--","--","3","--","--","--","--","--","--","--","--","--","--","--","0.0","--","--","--","--","--","--","--","--","--","--","--","--","714","--","--","1","1:08","3","--","3","--","1:02:53","'-6","28.0","No","01:04:01","1","30.0","--","--","--","--","--","--","--","--","00:00:00","01:04:01","418","433"
Indoor Climbing,2025-03-15 10:43:37,false,"Indoor Climbing","--","710","01:56:36","119","163","2.0","--","--","--","--","7","--","--","--","--","--","--","--","--","--","--","--","0.0","--","--","--","--","--","--","--","--","--","--","--","--","700","--","--","2","1:57","4","--","7","--","1:54:39","'-8","23.0","No","01:56:36","1","29.0","--","--","--","--","--","--","--","--","00:00:00","01:56:36","174","184"
Running,2025-03-13 17:18:24,false,"Gothenburg Running","2.75","221","00:18:54","148","162","2.6","166","185","6:52","3:46","20","19","0.88","9.3","8.1","289","--","6:55","--","--","306","--","0.0","--","297","--","--","--","--","576","--","--","--","--","--","3,146","--","--","--","--","--","--","--","--","--","'-4","12.0","No","00:05:15.2","3","27.0","--","--","--","--","--","--","--","--","00:18:39","00:18:54","3","14"
Indoor Climbing,2025-03-10 18:05:29,false,"Indoor Climbing","--","345","00:45:29","125","167","2.2","--","--","--","--","111","--","--","--","--","--","--","--","--","--","--","--","0.0","--","--","--","--","--","--","--","--","--","--","--","--","190","--","--","13","23:06","10","--","111","--","22:22","'-5","27.0","No","00:45:29","1","29.0","--","--","--","--","--","--","--","--","00:00:00","00:45:29","20","34"
Running,2025-03-09 09:44:01,false,"Gothenburg - VO2 Max","6.38","531","00:40:02","172","194","4.4","161","190","6:16","4:08","36","39","0.99","8.5","8.5","286","50.6% L / 49.4% R","6:19","--","--","340","--","0.0","--","319","--","--","--","--","491","--","--","--","--","--","6,368","--","--","--","--","--","--","--","--","--","'-19","16.0","No","00:00:02.0","18","24.0","38","23","44","--","--","--","--","--","00:39:59","00:41:08","5","12"
Running,2025-03-08 14:57:41,false,"Gothenburg - Recovery","3.14","231","00:24:53","135","150","2.1","164","177","7:56","6:17","16","23","0.77","10.9","8.5","297","51.4% L / 48.6% R","7:58","--","--","277","--","0.0","--","273","--","--","--","--","414","--","--","--","--","--","4,046","--","--","--","--","--","--","--","--","--","'-4","16.0","No","00:04:12.5","4","28.0","30","22","36","--","--","--","--","--","00:24:51","00:24:54","7","23"
Indoor Climbing,2025-03-07 17:13:50,false,"Indoor Climbing","--","838","02:17:18","123","165","2.2","--","--","--","--","182","--","--","--","--","--","--","--","--","--","--","--","0.0","--","--","--","--","--","--","--","--","--","--","--","--","1,484","--","--","15","32:40","14","--","182","--","1:44:37","'-11","24.0","No","02:17:18","1","30.0","--","--","--","--","--","--","--","--","00:00:00","02:17:18","45","62"
Running,2025-03-05 18:08:53,false,"Gothenburg - Base","3.44","264","00:29:25","134","173","2.6","139","174","8:33","5:05","31","36","0.83","8.7","7.2","296","--","8:30","--","--","245","--","0.0","--","214","--","--","--","--","430","--","--","--","--","--","4,150","--","--","--","--","--","--","--","--","--","'-6","14.0","No","00:03:45.2","4","28.0","--","--","--","--","--","--","--","--","00:29:25","00:29:31","4","21"
Running,2025-03-03 17:59:05,false,"Gothenburg - Threshold","6.11","490","00:38:09","168","185","4.1","162","180","6:14","4:20","39","43","0.99","9.8","9.8","288","50.5% L / 49.5% R","6:15","--","--","362","--","0.0","--","354","--","--","--","--","548","--","--","--","--","--","6,106","--","--","--","--","--","--","--","--","--","'-8","13.0","No","00:00:08.7","10","27.0","37","18","44","--","--","--","--","--","00:38:05","00:38:09","3","11"
Indoor Climbing,2025-03-02 13:35:11,false,"Indoor Climbing","--","751","02:19:22","115","157","2.0","--","--","--","--","127","--","--","--","--","--","--","--","--","--","--","--","0.0","--","--","--","--","--","--","--","--","--","--","--","--","930","--","--","14","38:36","13","--","127","--","1:40:46","'-10","26.0","No","02:19:22","1","29.0","--","--","--","--","--","--","--","--","00:00:00","02:19:22","1","20"
Running,2025-03-01 13:28:50,false,"Gothenburg Running","0.95","72","00:07:32.7","133","143","1.1","161","169","7:56","6:20","6","4","0.78","10.0","7.8","300","--","7:55","--","--","269","--","0.0","--","263","--","--","--","--","331","--","--","--","--","--","1,226","--","--","--","--","--","--","--","--","--","'-2","19.0","No","00:07:32.7","1","29.0","--","--","--","--","--","--","--","--","00:07:28","00:07:32.7","9","15"
Indoor Climbing,2025-02-28 17:21:26,false,"Indoor Climbing","--","841","02:20:24","123","175","2.4","--","--","--","--","170","--","--","--","--","--","--","--","--","--","--","--","0.0","--","--","--","--","--","--","--","--","--","--","--","--","992","--","--","15","39:34","13","--","170","--","1:40:49","'-8","23.0","No","02:20:24","1","28.0","--","--","--","--","--","--","--","--","00:00:00","02:20:24","39","59"
Running,2025-02-26 17:36:44,false,"Gothenburg Running","5.48","431","00:42:55","144","169","2.8","161","229","7:50","6:01","65","62","0.80","11.3","9.2","300","51.7% L / 48.3% R","7:44","--","--","298","--","0.0","--","292","--","--","--","--","461","--","--","--","--","--","6,836","--","--","--","--","--","--","--","--","--","'-8","12.0","No","00:03:40.0","6","27.0","32","13","39","--","--","--","--","--","00:42:50","00:42:55","8","46"
Running,2025-02-24 17:58:56,false,"Gothenburg - Recovery","3.09","240","00:23:12","142","161","2.4","157","161","7:31","5:18","30","25","0.85","11.0","9.5","306","51.0% L / 49.0% R","7:26","--","--","307","--","0.0","--","302","--","--","--","--","467","--","--","--","--","--","3,618","--","--","--","--","--","--","--","--","--","'-4","12.0","No","00:03:01.2","4","27.0","32","21","37","--","--","--","--","--","00:23:11","00:23:12","6","30"
Indoor Climbing,2025-02-23 13:11:22,false,"Indoor Climbing","--","766","02:18:20","116","163","1.7","--","--","--","--","62","--","--","--","--","--","--","--","--","--","--","--","0.0","--","--","--","--","--","--","--","--","--","--","--","--","1,840","--","--","6","18:23","11","--","62","--","1:59:57","'-9","22.0","No","02:18:20","1","28.0","--","--","--","--","--","--","--","--","00:00:00","02:18:20","12","45"
Running,2025-02-21 14:25:37,false,"Gothenburg Running","2.66","208","00:19:34","145","163","2.4","155","161","7:21","6:41","19","21","0.88","10.8","9.7","306","50.7% L / 49.3% R","7:19","--","--","306","--","0.0","--","301","--","--","--","--","443","--","--","--","--","--","3,012","--","--","--","--","--","--","--","--","--","'-5","16.0","No","00:04:56.2","3","30.0","31","23","36","--","--","--","--","--","00:19:33","00:19:34","5","15"
Running,2025-02-20 17:43:00,false,"Gothenburg - Base","4.63","370","00:30:06","156","171","3.3","161","173","6:30","5:25","40","43","0.95","9.7","9.4","288","50.8% L / 49.2% R","6:29","--","--","331","--","0.0","--","324","--","--","--","--","484","--","--","--","--","--","4,822","--","--","--","--","--","--","--","--","--","'-6","11.0","No","00:00:06.0","6","28.0","35","20","42","--","--","--","--","--","00:30:04","00:30:06","4","21"
Indoor Climbing,2025-02-19 17:44:41,false,"Indoor Climbing","--","491","01:24:32","118","151","2.0","--","--","--","--","--","--","--","--","--","--","--","--","--","--","--","--","0.0","--","--","--","--","--","--","--","--","--","--","--","--","588","--","--","--","--","--","--","--","--","1:24:32","'-4","25.0","No","01:24:32","1","29.0","--","--","--","--","--","--","--","--","00:00:00","01:24:33","20","20"
Running,2025-02-17 17:16:29,false,"Gothenburg Running","3.67","288","00:25:54","146","164","2.8","162","202","7:03","4:00","26","30","0.88","10.3","9.2","290","50.7% L / 49.3% R","7:02","--","--","308","--","0.0","--","302","--","--","--","--","506","--","--","--","--","--","4,160","--","--","--","--","--","--","--","--","--","'-5","11.0","No","00:04:51.7","4","29.0","34","18","42","--","--","--","--","--","00:25:50","00:25:54","3","12"
Indoor Climbing,2025-02-16 13:15:14,false,"Indoor Climbing","--","507","01:51:37","105","145","0.7","--","--","--","--","--","--","--","--","--","--","--","--","--","--","--","--","0.0","--","--","--","--","--","--","--","--","--","--","--","--","504","--","--","--","--","--","--","--","--","1:51:37","'-4","26.0","No","01:51:37","1","27.0","--","--","--","--","--","--","--","--","00:00:00","01:51:37","34","34"
Indoor Climbing,2025-02-15 10:45:59,false,"Indoor Climbing","--","331","01:09:47","105","134","1.0","--","--","--","--","--","--","--","--","--","--","--","--","--","--","--","--","0.0","--","--","--","--","--","--","--","--","--","--","--","--","342","--","--","--","--","--","--","--","--","1:09:47","'-3","24.0","No","01:09:47","1","28.0","--","--","--","--","--","--","--","--","00:00:00","01:09:58","46","46"
Walking,2025-02-14 13:36:45,false,"Gothenburg Walking","13.23","1,051","03:24:26","103","142","1.6","84","212","15:28","7:04","335","285","0.77","--","--","--","--","--","--","--","--","--","0.0","--","--","--","--","--","--","--","--","--","--","--","--","17,722","--","--","--","--","--","--","--","--","--","'-11","--","No","00:02:26.0","14","--","--","--","--","--","--","--","--","--","02:41:31","03:24:26","11","106"
Running,2025-02-12 19:08:56,false,"Gothenburg Running","5.78","440","00:45:50","139","156","2.6","158","169","7:56","6:09","67","68","0.80","10.1","8.1","310","--","7:48","--","--","271","--","0.0","--","262","--","--","--","--","385","--","--","--","--","--","7,224","--","--","--","--","--","--","--","--","--","'-8","8.0","No","00:06:18.0","6","29.0","--","--","--","--","--","--","--","--","00:45:44","00:45:50","10","65"
Running,2025-02-10 19:07:45,false,"Gothenburg Running","3.17","232","00:26:37","131","164","2.0","--","--","8:23","5:06","22","21","--","--","--","--","--","8:21","--","--","--","--","0.0","--","--","--","--","--","--","--","--","--","--","--","--","--","--","--","--","--","--","--","--","--","--","'-3","11.0","No","00:01:25.9","4","28.0","28","18","37","--","--","--","--","--","00:26:36","00:26:37","3","14"
Indoor Climbing,2025-02-09 12:47:43,false,"Indoor Climbing","--","513","01:25:00","120","160","2.2","--","--","--","--","14","--","--","--","--","--","--","--","--","--","--","--","0.0","--","--","--","--","--","--","--","--","--","--","--","--","824","--","--","4","3:03","4","--","14","--","1:21:57","'-7","25.0","No","01:25:00","1","29.0","--","--","--","--","--","--","--","--","00:00:00","01:25:00","26","44"
Running,2025-02-07 16:08:27,false,"Gothenburg Running","3.64","284","00:22:35","157","175","3.2","159","178","6:13","4:33","30","33","1.01","8.4","8.7","288","50.5% L / 49.5% R","6:13","--","--","346","--","0.0","--","327","--","--","--","--","524","--","--","--","--","--","3,590","--","--","--","--","--","--","--","--","--","'-4","13.0","No","00:04:04.0","4","30.0","35","21","42","--","--","--","--","--","00:22:33","00:22:35","4","12"
Running,2025-02-06 17:39:30,false,"Gothenburg - Threshold","5.03","400","00:31:22","160","181","3.6","165","176","6:14","5:16","31","33","0.97","9.0","8.9","282","51.3% L / 48.7% R","6:13","--","--","345","--","0.0","--","333","--","--","--","--","471","--","--","--","--","--","5,118","--","--","--","--","--","--","--","--","--","'-7","10.0","No","00:03:12.9","6","27.0","35","21","43","--","--","--","--","--","00:31:01","00:31:22","4","34"
Indoor Climbing,2025-02-04 17:23:03,false,"Indoor Climbing","--","615","01:46:14","114","183","3.0","--","--","--","--","96","--","--","--","--","--","--","--","--","--","--","--","0.0","--","--","--","--","--","--","--","--","--","--","--","--","1,732","--","--","10","27:22","12","--","96","--","1:18:52","'-7","19.0","No","01:46:14","1","28.0","--","--","--","--","--","--","--","--","00:00:00","01:46:14","4","37"
Running,2025-02-03 18:36:16,false,"Gothenburg Running","6.69","512","00:52:28","146","165","3.0","161","167","7:51","6:35","67","63","0.80","10.7","8.7","299","50.6% L / 49.4% R","7:47","--","--","282","--","0.0","--","278","--","--","--","--","424","--","--","--","--","--","8,364","--","--","--","--","--","--","--","--","--","'-7","12.0","No","00:05:16.7","7","27.0","32","16","39","--","--","--","--","--","00:52:27","00:52:28","5","62"
Running,2025-01-31 12:37:28,false,"Gothenburg - Base","3.97","322","00:26:34","157","174","3.3","165","210","6:41","6:13","31","30","0.91","9.8","9.1","284","51.1% L / 48.9% R","6:39","--","--","319","--","0.0","--","314","--","--","--","--","473","--","--","--","--","--","4,340","--","--","--","--","--","--","--","--","--","'-9","11.0","No","00:06:33.8","4","27.0","35","21","41","--","--","--","--","--","00:26:32","00:26:34","4","13"
Indoor Climbing,2025-01-29 19:07:55,false,"Indoor Climbing","--","402","00:52:47","126","171","2.4","--","--","--","--","135","--","--","--","--","--","--","--","--","--","--","--","0.0","--","--","--","--","--","--","--","--","--","--","--","--","378","--","--","14","25:07","12","--","135","--","27:40","'-7","24.0","No","00:52:47","1","28.0","--","--","--","--","--","--","--","--","00:00:00","00:52:49","19","34"
Running,2025-01-27 17:43:55,false,"Gothenburg - Base","2.84","224","00:18:46","150","169","3.0","165","207","6:36","5:51","19","18","0.92","9.7","9.1","287","51.1% L / 48.9% R","6:35","--","--","316","--","0.0","--","312","--","--","--","--","449","--","--","--","--","--","3,078","--","--","--","--","--","--","--","--","--","'-5","16.0","No","00:05:27.4","3","29.0","34","20","41","--","--","--","--","--","00:18:44","00:18:46","4","16"
Indoor Climbing,2025-01-24 11:24:52,false,"Indoor Climbing","--","674","01:21:03","137","184","3.3","--","--","--","--","123","--","--","--","--","--","--","--","--","--","--","--","0.0","--","--","--","--","--","--","--","--","--","--","--","--","274","--","--","18","22:56","11","--","123","--","58:07","'-10","25.0","No","01:21:03","1","27.0","--","--","--","--","--","--","--","--","00:00:00","01:21:03","21","36"
Indoor Climbing,2025-01-22 18:51:54,false,"Indoor Climbing","--","600","01:07:17","134","178","3.2","--","--","--","--","161","--","--","--","--","--","--","--","--","--","--","--","0.0","--","--","--","--","--","--","--","--","--","--","--","--","446","--","--","17","32:20","12","--","161","--","34:56","'-10","23.0","No","01:07:17","1","28.0","--","--","--","--","--","--","--","--","00:00:00","01:07:17","43","57"
Indoor Climbing,2025-01-19 13:12:17,false,"Indoor Climbing","--","554","01:53:46","108","155","1.5","--","--","--","--","80","--","--","--","--","--","--","--","--","--","--","--","0.0","--","--","--","--","--","--","--","--","--","--","--","--","708","--","--","7","21:53","18","--","80","--","1:31:53","'-5","24.0","No","01:53:46","1","28.0","--","--","--","--","--","--","--","--","00:00:00","01:53:46","22","34"
Running,2025-01-18 11:23:52,false,"Gothenburg Running","3.22","258","00:22:29","147","164","3.0","163","193","6:59","6:08","22","26","0.88","10.1","9.0","286","51.6% L / 48.4% R","6:58","--","--","311","--","0.0","--","306","--","--","--","--","455","--","--","--","--","--","3,634","--","--","--","--","--","--","--","--","--","'-5","15.0","No","00:01:31.2","4","28.0","34","20","41","--","--","--","--","--","00:22:13","00:22:29","5","17"
Indoor Climbing,2025-01-17 11:27:04,false,"Indoor Climbing","--","267","00:33:00","127","166","2.2","--","--","--","--","79","--","--","--","--","--","--","--","--","--","--","--","0.0","--","--","--","--","--","--","--","--","--","--","--","--","232","--","--","10","16:13","11","--","79","--","16:47","'-4","23.0","No","00:33:00","1","26.0","--","--","--","--","--","--","--","--","00:00:00","00:33:00","24","35"
Indoor Climbing,2025-01-15 17:45:26,false,"Indoor Climbing","--","394","00:39:44","139","179","3.1","--","--","--","--","133","--","--","--","--","--","--","--","--","--","--","--","0.0","--","--","--","--","--","--","--","--","--","--","--","--","310","--","--","16","21:38","12","--","133","--","18:05","'-5","24.0","No","00:39:44","1","26.0","--","--","--","--","--","--","--","--","00:00:00","00:39:44","17","31"
Running,2025-01-13 18:32:48,false,"Gothenburg Running","2.33","177","00:16:10","135","154","2.7","158","169","6:56","5:29","15","13","0.91","9.5","8.6","303","--","6:54","--","--","306","--","0.0","--","300","--","--","--","--","488","--","--","--","--","--","2,546","--","--","--","--","--","--","--","--","--","'-5","12.0","No","00:01:56.6","3","27.0","--","--","--","--","--","--","--","--","00:16:10","00:16:10","3","18"
Indoor Climbing,2025-01-12 13:16:17,false,"Indoor Climbing","--","598","02:17:31","102","132","0.6","--","--","--","--","92","--","--","--","--","--","--","--","--","--","--","--","0.0","--","--","--","--","--","--","--","--","--","--","--","--","660","--","--","10","23:19","11","--","92","--","1:54:12","'-9","24.0","No","02:17:31","1","27.0","--","--","--","--","--","--","--","--","00:00:00","02:17:31","15","29"
Running,2025-01-11 18:18:45,false,"Gothenburg Running","2.20","163","00:16:59","130","138","2.2","156","161","7:43","6:14","17","16","0.83","10.0","8.3","311","--","7:39","--","--","273","--","0.0","--","265","--","--","--","--","368","--","--","--","--","--","2,648","--","--","--","--","--","--","--","--","--","'-3","13.0","No","00:01:27.6","3","28.0","--","--","--","--","--","--","--","--","00:16:58","00:16:59","8","26"
Indoor Climbing,2025-01-05 13:11:53,false,"Indoor Climbing","--","623","01:54:45","116","163","2.4","--","--","--","--","87","--","--","--","--","--","--","--","--","--","--","--","0.0","--","--","--","--","--","--","--","--","--","--","--","--","802","--","--","10","20:14","12","--","87","--","1:34:31","'-12","25.0","No","01:54:45","1","27.0","--","--","--","--","--","--","--","--","00:00:00","01:54:45","43","59"
Indoor Climbing,2024-12-30 13:22:31,false,"Indoor Climbing","--","633","02:26:18","102","146","0.9","--","--","--","--","77","--","--","--","--","--","--","--","--","--","--","--","0.0","--","--","--","--","--","--","--","--","--","--","--","--","622","--","--","7","22:46","12","--","77","--","2:03:32","'-10","24.0","No","02:26:18","1","28.0","--","--","--","--","--","--","--","--","00:00:00","02:26:18","22","37"
Running,2024-12-29 10:16:08,false,"Gothenburg - Base","4.21","340","00:27:02","165","182","3.9","162","215","6:26","3:34","30","37","0.97","9.9","9.8","290","51.3% L / 48.8% R","6:24","--","--","342","--","0.0","--","337","--","--","--","--","599","--","--","--","--","--","4,332","--","--","--","--","--","--","--","--","--","'-10","17.0","No","00:00:01.8","6","28.0","37","15","43","--","--","--","--","--","00:27:00","00:27:02","4","20"
Indoor Climbing,2024-12-28 14:16:39,false,"Indoor Climbing","--","521","01:39:02","112","142","1.6","--","--","--","--","95","--","--","--","--","--","--","--","--","--","--","--","0.0","--","--","--","--","--","--","--","--","--","--","--","--","672","--","--","9","22:26","13","--","95","--","1:16:36","'-8","25.0","No","01:39:02","1","27.0","--","--","--","--","--","--","--","--","00:00:00","01:39:02","21","39"
Indoor Climbing,2024-12-21 13:22:09,false,"Indoor Climbing","--","341","01:04:44","110","144","1.2","--","--","--","--","53","--","--","--","--","--","--","--","--","--","--","--","0.0","--","--","--","--","--","--","--","--","--","--","--","--","608","--","--","4","8:25","14","--","53","--","56:19","'-4","25.0","No","01:04:44","1","27.0","--","--","--","--","--","--","--","--","00:00:00","01:04:44","44","65"
Indoor Climbing,2024-12-18 19:10:57,false,"Indoor Climbing","--","385","00:46:32","131","174","2.6","--","--","--","--","142","--","--","--","--","--","--","--","--","--","--","--","0.0","--","--","--","--","--","--","--","--","--","--","--","--","304","--","--","17","25:37","11","--","142","--","20:54","'-7","24.0","No","00:46:32","1","27.0","--","--","--","--","--","--","--","--","00:00:00","00:47:46","37","51"
Running,2024-12-16 18:51:57,false,"Gothenburg - Base","4.65","363","00:31:04","154","173","3.7","161","175","6:40","5:50","47","44","0.93","10.3","9.8","289","51.0% L / 49.0% R","6:40","--","--","325","--","0.0","--","320","--","--","--","--","466","--","--","--","--","--","4,964","--","--","--","--","--","--","--","--","--","'-9","13.0","No","00:00:03.6","6","27.0","35","22","40","--","--","--","--","--","00:31:01","00:31:04","6","34"
Indoor Climbing,2024-12-15 13:22:01,false,"Indoor Climbing","--","526","01:54:43","105","134","1.0","--","--","--","--","84","--","--","--","--","--","--","--","--","--","--","--","0.0","--","--","--","--","--","--","--","--","--","--","--","--","770","--","--","10","20:47","12","--","84","--","1:33:56","'-8","23.0","No","01:54:43","1","26.0","--","--","--","--","--","--","--","--","00:00:00","01:54:43","28","53"
Indoor Climbing,2024-12-13 11:14:44,false,"Indoor Climbing","--","744","01:59:02","126","187","3.1","--","--","--","--","17","--","--","--","--","--","--","--","--","--","--","--","0.0","--","--","--","--","--","--","--","--","--","--","--","--","2,136","--","--","4","2:50","6","--","17","--","1:56:12","'-15","25.0","No","01:59:02","1","29.0","--","--","--","--","--","--","--","--","00:00:00","01:59:02","31","48"
Indoor Climbing,2024-12-11 17:36:06,false,"Indoor Climbing","--","466","01:23:41","113","152","1.7","--","--","--","--","99","--","--","--","--","--","--","--","--","--","--","--","0.0","--","--","--","--","--","--","--","--","--","--","--","--","246","--","--","11","20:16","12","--","99","--","1:03:25","'-5","24.0","No","01:23:41","1","29.0","--","--","--","--","--","--","--","--","00:00:00","01:23:41","18","31"
Running,2024-12-10 17:48:06,false,"Gothenburg - Base","3.29","255","00:21:18","153","174","3.4","165","176","6:29","5:28","20","17","0.94","9.9","9.5","283","51.0% L / 49.0% R","6:27","--","--","328","--","0.0","--","323","--","--","--","--","435","--","--","--","--","--","3,500","--","--","--","--","--","--","--","--","--","'-6","9.0","No","00:01:42.9","4","27.0","34","19","40","--","--","--","--","--","00:21:05","00:25:10","6","25"
Indoor Climbing,2024-12-05 19:52:42,false,"Indoor Climbing","--","701","01:29:24","136","182","3.3","--","--","--","--","28","--","--","--","--","--","--","--","--","--","--","--","0.0","--","--","--","--","--","--","--","--","--","--","--","--","940","--","--","8","8:30","4","--","28","--","1:20:53","--","26.0","No","01:29:24","1","30.0","--","--","--","--","--","--","--","--","00:00:00","01:29:24","428","438"
Running,2024-11-30 12:16:45,false,"Gothenburg - Base","10.01","788","01:08:42","155","171","4.3","162","194","6:52","5:34","69","69","0.90","9.7","8.9","289","50.3% L / 49.7% R","6:51","--","--","304","--","0.0","--","299","--","--","--","--","442","--","--","--","--","--","11,036","--","--","--","--","--","--","--","--","--","'-18","14.0","No","00:02:40.3","11","26.0","35","21","42","--","--","--","--","--","01:08:05","01:08:42","3","15"
Indoor Climbing,2024-11-29 11:28:55,false,"Indoor Climbing","--","327","00:58:30","112","152","1.1","--","--","--","--","134","--","--","--","--","--","--","--","--","--","--","--","0.0","--","--","--","--","--","--","--","--","--","--","--","--","422","--","--","15","26:33","12","--","134","--","31:57","'-4","24.0","No","00:58:30","1","27.0","--","--","--","--","--","--","--","--","00:00:00","00:58:30","22","34"
Indoor Climbing,2024-11-26 18:46:32,false,"Indoor Climbing","--","479","01:06:19","124","163","2.3","--","--","--","--","167","--","--","--","--","--","--","--","--","--","--","--","0.0","--","--","--","--","--","--","--","--","--","--","--","--","372","--","--","20","32:01","10","--","167","--","34:18","'-7","25.0","No","01:06:19","1","27.0","--","--","--","--","--","--","--","--","00:00:00","01:06:19","14","31"
Running,2024-11-25 18:35:57,false,"Gothenburg - Base","4.90","383","00:32:43","153","170","3.4","162","171","6:41","5:49","31","31","0.92","10.5","9.9","288","50.9% L / 49.1% R","6:40","--","--","332","--","0.0","--","329","--","--","--","--","427","--","--","--","--","--","5,258","--","--","--","--","--","--","--","--","--","'-6","19.0","No","00:06:07.9","5","28.0","36","28","41","--","--","--","--","--","00:32:40","00:32:43","7","33"
Indoor Climbing,2024-11-24 13:29:50,false,"Indoor Climbing","--","426","01:44:43","98","136","0.4","--","--","--","--","93","--","--","--","--","--","--","--","--","--","--","--","0.0","--","--","--","--","--","--","--","--","--","--","--","--","556","--","--","8","21:44","13","--","93","--","1:22:59","'-5","25.0","No","01:44:43","1","28.0","--","--","--","--","--","--","--","--","00:00:00","01:44:43","80","104"
Indoor Climbing,2024-11-22 10:39:23,false,"Indoor Climbing","--","530","01:36:30","115","150","1.7","--","--","--","--","133","--","--","--","--","--","--","--","--","--","--","--","0.0","--","--","--","--","--","--","--","--","--","--","--","--","688","--","--","12","25:21","13","--","133","--","1:11:10","'-8","24.0","No","01:36:30","1","26.0","--","--","--","--","--","--","--","--","00:00:00","01:36:30","44","59"
Indoor Climbing,2024-11-17 13:45:07,false,"Indoor Climbing","--","503","01:43:47","107","176","1.5","--","--","--","--","66","--","--","--","--","--","--","--","--","--","--","--","0.0","--","--","--","--","--","--","--","--","--","--","--","--","1,030","--","--","6","15:21","12","--","66","--","1:28:27","'-8","26.0","No","01:43:47","1","28.0","--","--","--","--","--","--","--","--","00:00:00","01:43:47","23","36"
Indoor Climbing,2024-11-15 11:36:32,false,"Indoor Climbing","--","627","02:01:49","114","168","2.2","--","--","--","--","143","--","--","--","--","--","--","--","--","--","--","--","0.0","--","--","--","--","--","--","--","--","--","--","--","--","2,696","--","--","16","53:04","24","--","143","--","1:08:44","'-9","26.0","No","02:01:49","1","32.0","--","--","--","--","--","--","--","--","00:00:00","02:01:49","2","32"
Running,2024-11-14 18:33:43,false,"Gothenburg - Base","7.09","549","00:49:14","151","176","3.6","161","197","6:57","6:02","96","95","0.89","10.5","9.6","285","50.3% L / 49.7% R","6:51","--","--","323","--","0.0","--","311","--","--","--","--","454","--","--","--","--","--","7,860","--","--","--","--","--","--","--","--","--","'-11","13.0","No","00:01:55.2","8","28.0","33","15","42","--","--","--","--","--","00:48:32","00:49:14","7","85"
Indoor Climbing,2024-11-12 17:48:42,false,"Indoor Climbing","--","553","01:25:28","120","168","2.2","--","--","--","--","173","--","--","--","--","--","--","--","--","--","--","--","0.0","--","--","--","--","--","--","--","--","--","--","--","--","248","--","--","26","37:02","12","--","173","--","48:25","'-9","25.0","No","01:25:28","1","28.0","--","--","--","--","--","--","--","--","00:00:00","01:25:28","21","38"
Pool Swim,2024-11-11 18:33:21,false,"Pool Swim","1,125","202","00:31:57","113","159","1.6","--","--","2:21","1:02","--","--","--","--","--","--","--","--","--","--","--","--","0.0","--","--","--","--","--","--","--","--","--","517","47","20","--","--","--","--","--","--","--","--","--","--","--","--","No","00:00:12.3","23","--","--","--","--","--","--","--","--","--","00:26:24","00:32:38","--","--"
Running,2024-11-10 18:26:26,false,"Gothenburg - Base","3.37","252","00:22:39","141","164","2.8","158","162","6:44","6:06","22","21","0.94","10.2","9.8","298","50.9% L / 49.1% R","6:43","--","--","316","--","0.0","--","313","--","--","--","--","419","--","--","--","--","--","3,552","--","--","--","--","--","--","--","--","--","'-4","16.0","No","00:02:25.2","4","26.0","36","32","40","--","--","--","--","--","00:22:38","00:22:39","6","24"
Indoor Climbing,2024-11-08 11:13:25,false,"Indoor Climbing","--","454","01:07:47","123","173","2.2","--","--","--","--","137","--","--","--","--","--","--","--","--","--","--","--","0.0","--","--","--","--","--","--","--","--","--","--","--","--","416","--","--","15","33:12","12","--","137","--","34:35","'-9","24.0","No","01:07:47","1","28.0","--","--","--","--","--","--","--","--","00:00:00","01:07:47","17","33"
Running,2024-11-06 18:47:37,false,"Gothenburg - Tempo","6.54","500","00:39:51","161","184","4.1","170","175","6:05","5:03","41","39","0.97","9.1","9.0","272","50.5% L / 49.5% R","6:04","--","--","346","--","0.0","--","339","--","--","--","--","452","--","--","--","--","--","6,716","--","--","--","--","--","--","--","--","--","'-9","17.0","No","00:03:04.8","8","27.0","36","21","43","--","--","--","--","--","00:39:49","00:39:51","7","33"
Indoor Climbing,2024-11-05 17:36:56,false,"Indoor Climbing","--","434","01:41:18","98","140","0.6","--","--","--","--","80","--","--","--","--","--","--","--","--","--","--","--","0.0","--","--","--","--","--","--","--","--","--","--","--","--","1,078","--","--","7","24:18","13","--","80","--","1:17:00","'-8","24.0","No","01:41:18","1","27.0","--","--","--","--","--","--","--","--","00:00:00","01:41:18","18","35"
Pool Swim,2024-11-04 19:03:52,false,"Pool Swim","1,700","369","00:45:51","126","160","2.5","--","--","2:23","0:52","--","--","--","--","--","--","--","--","--","--","--","--","0.0","--","--","--","--","--","--","--","--","--","818","48","20","--","--","--","--","--","--","--","--","--","--","--","--","No","00:00:09.3","28","--","--","--","--","--","--","--","--","--","00:40:40","00:46:31","--","--"
Indoor Climbing,2024-11-03 13:25:42,false,"Indoor Climbing","--","488","02:12:03","94","138","0.4","--","--","--","--","76","--","--","--","--","--","--","--","--","--","--","--","0.0","--","--","--","--","--","--","--","--","--","--","--","--","408","--","--","7","17:55","14","--","76","--","1:54:08","'-5","25.0","No","02:12:03","1","27.0","--","--","--","--","--","--","--","--","00:00:00","02:12:03","19","33"
Running,2024-11-02 11:56:09,false,"Gothenburg - Base","10.22","820","01:09:51","162","176","4.1","162","178","6:50","5:23","65","64","0.90","10.4","9.6","289","51.1% L / 48.9% R","6:49","--","--","314","--","0.0","--","311","--","--","--","--","464","--","--","--","--","--","11,232","--","--","--","--","--","--","--","--","--","'-13","17.0","No","00:03:53.0","11","27.0","38","24","43","--","--","--","--","--","01:09:48","01:09:51","4","14"
Indoor Climbing,2024-11-01 10:15:10,false,"Indoor Climbing","--","943","03:03:01","114","175","2.1","--","--","--","--","255","--","--","--","--","--","--","--","--","--","--","--","0.0","--","--","--","--","--","--","--","--","--","--","--","--","874","--","--","30","39:25","16","--","255","--","2:23:35","'-10","24.0","No","03:03:01","1","29.0","--","--","--","--","--","--","--","--","00:00:00","03:03:01","30","53"
Running,2024-10-30 17:29:12,false,"Gothenburg - Threshold","5.30","408","00:34:02","159","182","3.5","164","172","6:25","5:14","36","37","0.95","9.9","9.5","286","51.0% L / 49.0% R","6:26","--","--","341","--","0.0","--","331","--","--","--","--","506","--","--","--","--","--","5,536","--","--","--","--","--","--","--","--","--","'-7","18.0","No","00:00:02.5","10","27.0","36","23","43","--","--","--","--","--","00:33:59","00:34:02","6","34"
Indoor Climbing,2024-10-27 13:24:31,false,"Indoor Climbing","--","516","01:57:22","104","149","0.9","--","--","--","--","98","--","--","--","--","--","--","--","--","--","--","--","0.0","--","--","--","--","--","--","--","--","--","--","--","--","886","--","--","9","20:24","16","--","98","--","1:36:58","'-10","25.0","No","01:57:22","1","28.0","--","--","--","--","--","--","--","--","00:00:00","01:57:22","6","29"
Running,2024-10-26 14:41:47,false,"Gothenburg Running","2.83","216","00:20:39","142","158","2.6","154","172","7:18","5:34","18","19","0.89","11.2","10.0","311","51.1% L / 48.9% R","7:18","--","--","308","--","0.0","--","302","--","--","--","--","446","--","--","--","--","--","3,164","--","--","--","--","--","--","--","--","--","'-7","18.0","No","00:05:44.7","3","28.0","34","20","41","--","--","--","--","--","00:20:38","00:20:39","6","19"
Indoor Climbing,2024-10-25 14:23:53,false,"Indoor Climbing","--","618","02:00:14","111","161","1.1","--","--","--","--","279","--","--","--","--","--","--","--","--","--","--","--","0.0","--","--","--","--","--","--","--","--","--","--","--","--","516","--","--","38","43:14","21","--","279","--","1:17:00","'-8","23.0","No","02:00:14","1","30.0","--","--","--","--","--","--","--","--","00:00:00","02:00:14","56","78"
Running,2024-10-24 18:08:16,false,"Gothenburg - Threshold","5.72","445","00:36:04","161","184","3.9","162","183","6:19","5:20","29","29","0.98","9.8","9.7","288","50.7% L / 49.3% R","6:18","--","--","344","--","0.0","--","337","--","--","--","--","473","--","--","--","--","--","5,806","--","--","--","--","--","--","--","--","--","'-8","16.0","No","00:00:03.7","8","25.0","38","19","46","--","--","--","--","--","00:36:02","00:36:04","5","13"
Pool Swim,2024-10-22 18:35:05,false,"Pool Swim","3,125","489","01:16:52","121","150","2.1","--","--","2:27","1:02","--","--","--","--","--","--","--","--","--","--","--","--","0.0","--","--","--","--","--","--","--","--","--","1506","49","20","--","--","--","--","--","--","--","--","--","--","--","--","No","00:00:04.5","4","--","--","--","--","--","--","--","--","--","01:16:31","01:18:05","--","--"
Running,2024-10-21 18:35:39,false,"Gothenburg - Base","5.64","452","00:38:36","154","179","3.4","164","191","6:50","5:58","66","57","0.89","10.2","9.3","289","51.2% L / 48.8% R","6:46","--","--","328","--","0.0","--","322","--","--","--","--","472","--","--","--","--","--","6,276","--","--","--","--","--","--","--","--","--","'-9","21.0","No","00:04:18.7","6","27.0","36","21","49","--","--","--","--","--","00:38:33","00:38:36","9","63"
Indoor Climbing,2024-10-18 15:08:10,false,"Indoor Climbing","--","590","01:52:29","115","166","2.1","--","--","--","--","135","--","--","--","--","--","--","--","--","--","--","--","0.0","--","--","--","--","--","--","--","--","--","--","--","--","1,056","--","--","15","30:56","11","--","135","--","1:21:33","'-8","27.0","No","01:52:29","1","29.0","--","--","--","--","--","--","--","--","00:00:00","01:52:29","'-5","11"
Running,2024-10-17 17:49:58,false,"Gothenburg Running","6.98","559","00:49:36","152","176","3.5","163","202","7:07","5:01","95","94","0.86","10.5","9.2","292","51.1% L / 48.9% R","7:01","--","--","323","--","0.0","--","315","--","--","--","--","443","--","--","--","--","--","8,012","--","--","--","--","--","--","--","--","--","'-8","19.0","No","00:06:30.8","7","26.0","34","19","41","--","--","--","--","--","00:49:33","00:49:37","4","85"
Indoor Climbing,2024-10-16 17:42:28,false,"Indoor Climbing","--","521","01:40:57","111","171","1.6","--","--","--","--","135","--","--","--","--","--","--","--","--","--","--","--","0.0","--","--","--","--","--","--","--","--","--","--","--","--","714","--","--","13","26:21","12","--","135","--","1:14:36","'-8","24.0","No","01:40:57","1","29.0","--","--","--","--","--","--","--","--","00:00:00","01:40:57","24","39"
Running,2024-10-15 17:40:07,false,"Gothenburg - Base","4.44","344","00:31:07","143","162","3.1","160","200","7:01","6:00","38","39","0.89","10.7","9.7","294","51.3% L / 48.7% R","6:59","--","--","318","--","0.0","--","312","--","--","--","--","466","--","--","--","--","--","4,924","--","--","--","--","--","--","--","--","--","'-7","15.0","No","00:00:07.1","6","26.0","33","18","40","--","--","--","--","--","00:30:59","00:31:07","4","21"
Pool Swim,2024-10-14 19:24:19,false,"Pool Swim","1,125","198","00:26:37","126","147","1.5","--","--","2:15","0:58","--","--","--","--","--","--","--","--","--","--","--","--","0.0","--","--","--","--","--","--","--","--","--","511","45","20","--","--","--","--","--","--","--","--","--","--","--","--","No","00:00:11.2","5","--","--","--","--","--","--","--","--","--","00:25:17","00:26:53","--","--"
Indoor Climbing,2024-10-13 13:17:20,false,"Indoor Climbing","--","668","02:47:14","98","142","0.5","--","--","--","--","106","--","--","--","--","--","--","--","--","--","--","--","0.0","--","--","--","--","--","--","--","--","--","--","--","--","908","--","--","10","25:27","13","--","106","--","2:21:47","'-7","25.0","No","02:47:14","1","28.0","--","--","--","--","--","--","--","--","00:00:00","02:58:56","8","30"
Running,2024-10-12 09:25:43,false,"Gothenburg - Base","8.00","682","00:58:52","161","184","3.8","156","228","7:21","4:47","180","181","0.88","10.1","9.0","303","51.2% L / 48.8% R","6:59","--","--","319","--","0.0","--","306","--","--","--","--","508","--","--","--","--","--","9,090","--","--","--","--","--","--","--","--","--","'-14","18.0","No","00:00:51.6","9","25.0","36","23","42","--","--","--","--","--","00:58:45","00:58:52","10","99"
Walking,2024-10-11 11:50:14,false,"Gothenburg Walking","6.61","445","01:11:37","114","125","1.9","111","132","10:50","6:28","25","75","0.83","--","--","--","--","--","--","--","--","--","0.0","--","--","--","--","--","--","--","--","--","--","--","--","8,144","--","--","--","--","--","--","--","--","--","'-5","--","No","00:06:24.8","7","--","--","--","--","--","--","--","--","--","01:10:03","01:11:37","4","62"
Indoor Climbing,2024-10-11 10:02:22,false,"Indoor Climbing","--","599","01:24:18","133","180","3.0","--","--","--","--","154","--","--","--","--","--","--","--","--","--","--","--","0.0","--","--","--","--","--","--","--","--","--","--","--","--","540","--","--","14","31:38","13","--","154","--","52:40","'-11","25.0","No","01:24:18","1","28.0","--","--","--","--","--","--","--","--","00:00:00","01:24:18","30","55"
Running,2024-10-09 17:23:13,false,"Gothenburg - Threshold","5.59","437","00:35:03","163","187","4.0","163","180","6:16","5:12","39","41","0.98","9.7","9.6","288","50.8% L / 49.2% R","6:17","--","--","349","--","0.0","--","342","--","--","--","--","462","--","--","--","--","--","5,656","--","--","--","--","--","--","--","--","--","'-9","18.0","No","00:00:02.8","8","26.0","37","21","45","--","--","--","--","--","00:35:00","00:35:03","4","12"
Indoor Climbing,2024-10-08 17:32:46,false,"Indoor Climbing","--","492","01:52:08","103","160","1.2","--","--","--","--","102","--","--","--","--","--","--","--","--","--","--","--","0.0","--","--","--","--","--","--","--","--","--","--","--","--","860","--","--","11","19:13","11","--","102","--","1:32:55","'-5","26.0","No","01:52:08","1","29.0","--","--","--","--","--","--","--","--","00:00:00","01:52:08","27","46"
Pool Swim,2024-10-07 18:22:29,false,"Pool Swim","2,600","479","01:02:26","135","163","2.7","--","--","2:22","0:49","--","--","--","--","--","--","--","--","--","--","--","--","0.0","--","--","--","--","--","--","--","--","--","1252","48","20","--","--","--","--","--","--","--","--","--","--","--","--","No","00:00:03.6","7","--","--","--","--","--","--","--","--","--","01:01:30","01:03:21","--","--"
Running,2024-10-06 10:40:58,false,"Gothenburg Running","5.00","391","00:37:22","153","174","3.1","159","168","7:28","5:54","33","34","0.85","10.9","9.4","302","51.5% L / 48.5% R","7:27","--","--","302","--","0.0","--","298","--","--","--","--","434","--","--","--","--","--","5,880","--","--","--","--","--","--","--","--","--","'-10","18.0","No","00:00:01.3","6","28.0","35","21","42","--","--","--","--","--","00:37:22","00:37:22","5","13"
Running,2024-10-05 08:24:42,false,"Gothenburg Running","3.45","276","00:29:47","138","152","2.3","150","168","8:38","7:16","76","66","0.77","11.2","8.7","310","50.8% L / 49.2% R","8:01","--","--","276","--","0.0","--","268","--","--","--","--","419","--","--","--","--","--","4,438","--","--","--","--","--","--","--","--","--","'-5","18.0","No","00:03:38.3","4","23.0","31","20","37","--","--","--","--","--","00:29:45","00:29:47","12","80"
Indoor Climbing,2024-09-29 13:17:21,false,"Indoor Climbing","--","451","01:29:07","107","154","1.1","--","--","--","--","100","--","--","--","--","--","--","--","--","--","--","--","0.0","--","--","--","--","--","--","--","--","--","--","--","--","826","--","--","10","22:35","13","--","100","--","1:06:33","'-11","26.0","No","01:29:07","1","29.0","--","--","--","--","--","--","--","--","00:00:00","01:47:05","10","28"
Running,2024-09-28 08:04:46,false,"Gothenburg - Long Run","9.15","732","01:04:04","151","168","3.8","164","185","7:00","5:54","59","54","0.87","10.2","9.0","287","50.2% L / 49.8% R","6:59","--","--","317","--","0.0","--","314","--","--","--","--","459","--","--","--","--","--","10,426","--","--","--","--","--","--","--","--","--","'-16","14.0","No","00:00:03.9","11","26.0","34","22","43","--","--","--","--","--","01:03:55","01:04:04","3","16"
Indoor Climbing,2024-09-27 10:46:33,false,"Indoor Climbing","--","551","01:31:20","118","177","2.1","--","--","--","--","105","--","--","--","--","--","--","--","--","--","--","--","0.0","--","--","--","--","--","--","--","--","--","--","--","--","506","--","--","12","22:29","14","--","105","--","1:08:50","'-12","26.0","No","01:31:20","1","29.0","--","--","--","--","--","--","--","--","00:00:00","01:31:24","38","57"
Running,2024-09-26 13:03:01,false,"Gothenburg Running","1.59","131","00:13:06","135","153","2.1","141","169","8:15","5:02","16","15","0.83","9.5","7.9","299","--","8:13","--","--","270","--","0.0","--","240","--","--","--","--","451","--","--","--","--","--","1,900","--","--","--","--","--","--","--","--","--","'-3","23.0","No","00:04:09.2","2","28.0","--","--","--","--","--","--","--","--","00:12:00","00:13:06","11","28"
Running,2024-09-25 17:48:07,false,"Gothenburg - Threshold","6.21","483","00:41:42","151","165","3.7","162","185","6:43","4:49","40","45","0.92","10.2","9.5","292","50.7% L / 49.3% R","6:42","--","--","338","--","0.0","--","333","--","--","--","--","461","--","--","--","--","--","6,694","--","--","--","--","--","--","--","--","--","'-11","18.0","No","00:03:01.9","8","26.0","34","26","41","--","--","--","--","--","00:41:39","00:41:44","3","11"
Running,2024-09-25 12:38:40,false,"Gothenburg Running","0.43","32","00:03:20.1","117","125","0.7","151","161","7:45","6:34","4","5","0.87","9.7","8.4","310","--","7:38","--","--","321","--","0.0","--","288","--","--","--","--","488","--","--","--","--","--","516","--","--","--","--","--","--","--","--","--","'-1","20.0","No","00:03:20.1","1","24.0","--","--","--","--","--","--","--","--","00:03:05","00:03:20.1","9","15"
Indoor Climbing,2024-09-24 17:27:53,false,"Indoor Climbing","--","463","01:37:30","106","161","1.6","--","--","--","--","58","--","--","--","--","--","--","--","--","--","--","--","0.0","--","--","--","--","--","--","--","--","--","--","--","--","722","--","--","5","19:32","13","--","58","--","1:17:58","'-7","27.0","No","01:37:30","1","29.0","--","--","--","--","--","--","--","--","00:00:00","01:37:36","25","41"
Walking,2024-09-22 16:27:45,false,"Gothenburg Walking","6.73","465","01:22:51","107","123","1.7","96","125","12:19","5:34","20","67","0.85","--","--","--","--","--","--","--","--","--","0.0","--","--","--","--","--","--","--","--","--","--","--","--","8,388","--","--","--","--","--","--","--","--","--","'-4","--","No","00:10:40","7","--","--","--","--","--","--","--","--","--","01:16:24","01:22:51","8","63"
Indoor Climbing,2024-09-22 13:37:21,false,"Indoor Climbing","--","695","02:30:59","108","159","1.0","--","--","--","--","82","--","--","--","--","--","--","--","--","--","--","--","0.0","--","--","--","--","--","--","--","--","--","--","--","--","646","--","--","7","26:28","13","--","82","--","2:04:30","'-12","27.0","No","02:30:59","1","31.0","--","--","--","--","--","--","--","--","00:00:00","02:34:07","52","79"
Running,2024-09-21 10:30:54,false,"Gothenburg - Lactate Threshold Test","5.63","445","00:39:39","159","186","3.6","159","175","7:03","5:22","34","33","0.90","10.4","9.5","300","50.9% L / 49.1% R","7:03","--","--","313","--","0.0","--","308","--","--","--","--","436","--","--","--","--","--","6,246","--","--","--","--","--","--","--","--","--","'-10","22.0","No","00:01:54.5","9","28.0","36","23","43","--","--","--","--","--","00:39:36","00:39:39","5","14"
Indoor Climbing,2024-09-20 16:16:44,false,"Indoor Climbing","--","545","01:41:20","113","155","1.6","--","--","--","--","149","--","--","--","--","--","--","--","--","--","--","--","0.0","--","--","--","--","--","--","--","--","--","--","--","--","566","--","--","16","31:57","12","--","149","--","1:09:23","'-7","27.0","No","01:41:20","1","30.0","--","--","--","--","--","--","--","--","00:00:00","01:41:20","22","38"
Running,2024-09-18 20:02:23,false,"Gothenburg - Threshold","6.08","479","00:39:02","159","176","4.1","165","171","6:25","5:33","36","35","0.94","9.4","9.0","286","50.4% L / 49.6% R","6:26","--","--","339","--","0.0","--","333","--","--","--","--","464","--","--","--","--","--","6,380","--","--","--","--","--","--","--","--","--","'-7","21.0","No","00:00:02.1","9","27.0","37","21","45","--","--","--","--","--","00:39:01","00:39:02","7","34"
Indoor Climbing,2024-09-17 18:13:23,false,"Indoor Climbing","--","426","00:58:13","129","188","2.7","--","--","--","--","134","--","--","--","--","--","--","--","--","--","--","--","0.0","--","--","--","--","--","--","--","--","--","--","--","--","330","--","--","14","24:19","11","--","134","--","33:54","'-9","28.0","No","00:58:13","1","30.0","26","12","42","--","--","--","--","--","00:00:00","00:58:13","20","33"
Running,2024-09-15 15:57:30,false,"Gothenburg - Base","5.28","409","00:36:43","148","172","3.4","162","168","6:57","6:19","68","50","0.89","9.8","8.8","296","50.4% L / 49.6% R","6:53","--","--","317","--","0.0","--","309","--","--","--","--","474","--","--","--","--","--","5,910","--","--","--","--","--","--","--","--","--","'-8","23.0","No","00:01:53.8","6","27.0","33","20","42","--","--","--","--","--","00:36:41","00:36:43","16","64"
Indoor Climbing,2024-09-14 13:01:06,false,"Indoor Climbing","--","341","01:18:24","103","150","1.1","--","--","--","--","62","--","--","--","--","--","--","--","--","--","--","--","0.0","--","--","--","--","--","--","--","--","--","--","--","--","408","--","--","6","13:54","14","--","62","--","1:04:30","'-7","26.0","No","01:18:24","1","29.0","--","--","--","--","--","--","--","--","00:00:00","01:18:24","134","150"
Indoor Climbing,2024-09-14 11:20:32,false,"Indoor Climbing","--","279","01:05:20","101","133","0.4","--","--","--","--","20","--","--","--","--","--","--","--","--","--","--","--","0.0","--","--","--","--","--","--","--","--","--","--","--","--","674","--","--","3","5:07","8","--","20","--","1:00:13","'-6","27.0","No","01:05:20","1","29.0","--","--","--","--","--","--","--","--","00:00:00","01:05:20","135","151"
Running,2024-09-12 17:59:46,false,"Gothenburg - Base","3.97","305","00:30:03","138","156","2.8","156","196","7:34","6:23","26","29","0.86","11.1","9.6","303","51.2% L / 48.8% R","7:33","--","--","307","--","0.0","--","303","--","--","--","--","467","--","--","--","--","--","4,650","--","--","--","--","--","--","--","--","--","'-7","19.0","No","00:00:03.2","5","27.0","33","21","39","--","--","--","--","--","00:29:48","00:30:03","7","25"
Walking,2024-09-11 10:12:00,false,"Gothenburg Walking","0.75","56","00:08:28.7","104","127","0.5","94","141","11:14","8:45","11","3","0.94","--","--","--","--","--","--","--","--","--","0.0","--","--","--","--","--","--","--","--","--","--","--","--","994","--","--","--","--","--","--","--","--","--","'-1","--","No","00:08:28.7","1","--","--","--","--","--","--","--","--","--","00:07:22","00:08:28.7","12","23"
Indoor Climbing,2024-09-10 17:37:32,false,"Indoor Climbing","--","518","01:59:35","103","173","2.0","--","--","--","--","84","--","--","--","--","--","--","--","--","--","--","--","0.0","--","--","--","--","--","--","--","--","--","--","--","--","836","--","--","8","25:12","14","--","84","--","1:34:21","'-10","26.0","No","01:59:35","1","29.0","--","--","--","--","--","--","--","--","00:00:00","01:59:35","7","29"
Pool Swim,2024-09-09 18:28:42,false,"Pool Swim","1,025","209","00:34:50","122","160","1.1","--","--","2:28","1:13","--","--","--","--","--","--","--","--","--","--","--","--","0.0","--","--","--","--","--","--","--","--","--","502","49","20","--","--","--","--","--","--","--","--","--","--","--","--","No","00:00:05.9","19","--","--","--","--","--","--","--","--","--","00:25:19","00:35:20","--","--"
Running,2024-09-08 18:55:49,false,"Gothenburg Running","4.32","338","00:31:01","149","167","3.2","159","171","7:11","6:01","26","36","0.88","10.1","9.0","306","50.3% L / 49.7% R","7:10","--","--","310","--","0.0","--","305","--","--","--","--","434","--","--","--","--","--","4,904","--","--","--","--","--","--","--","--","--","'-5","26.0","No","00:02:27.1","5","30.0","33","17","40","--","--","--","--","--","00:30:59","00:31:01","5","13"
Cycling,2024-09-07 12:01:47,false,"Gothenburg Cycling","4.72","164","00:18:27","127","148","2.1","--","--","15.4","27.3","38","23","--","--","--","--","--","--","--","--","--","--","0.0","--","--","--","--","--","--","--","--","--","--","--","--","--","--","--","--","--","--","--","--","--","--","'-3","--","No","00:18:27","1","--","--","--","--","--","--","--","--","--","00:16:22","00:18:27","4","24"
Cycling,2024-09-07 10:27:37,false,"Gothenburg Cycling","6.68","138","00:24:50","103","127","0.8","--","--","16.1","29.6","23","21","--","--","--","--","--","--","--","--","--","--","0.0","--","--","--","--","--","--","--","--","--","--","--","--","--","--","--","--","--","--","--","--","--","--","'-1","--","No","00:09:40.7","2","--","--","--","--","--","--","--","--","--","00:21:46","00:24:50","5","16"
Pool Swim,2024-09-04 17:40:15,false,"Pool Swim","850","197","00:26:28","121","155","1.4","--","--","2:46","1:43","--","--","--","--","--","--","--","--","--","--","--","--","0.0","--","--","--","--","--","--","--","--","--","444","55","19","--","--","--","--","--","--","--","--","--","--","--","--","No","00:00:12","16","--","--","--","--","--","--","--","--","--","00:23:34","00:28:20","--","--"
Running,2024-09-03 17:49:37,false,"Gothenburg - Threshold","8.03","645","00:55:05","164","186","4.5","164","206","6:52","5:34","46","51","0.89","9.4","8.5","295","50.3% L / 49.7% R","6:51","--","--","317","--","0.0","--","310","--","--","--","--","439","--","--","--","--","--","8,940","--","--","--","--","--","--","--","--","--","'-12","27.0","No","00:00:05.5","12","30.0","37","20","44","--","--","--","--","--","00:55:01","00:55:05","4","13"
Running,2024-09-02 18:06:16,false,"Gothenburg Running","3.10","229","00:25:46","133","146","2.2","158","181","8:19","7:14","27","24","0.77","11.4","8.9","311","50.3% L / 49.7% R","8:20","--","--","282","--","0.0","--","279","--","--","--","--","425","--","--","--","--","--","4,040","--","--","--","--","--","--","--","--","--","'-3","23.0","No","00:00:48.8","4","28.0","30","22","37","--","--","--","--","--","00:25:44","00:25:46","4","15"
Cycling,2024-08-29 10:18:45,false,"Gothenburg Cycling","12.93","284","00:38:38","120","149","2.1","--","--","20.1","34.9","84","83","--","--","--","--","--","--","--","--","--","--","0.0","--","--","--","--","--","--","--","--","--","--","--","--","--","--","--","--","--","--","--","--","--","--","'-7","--","No","00:08:41.7","3","--","27","14","36","--","--","--","--","--","00:38:11","00:42:58","5","25"
Indoor Climbing,2024-08-28 11:34:03,false,"Indoor Climbing","--","490","01:07:40","130","181","2.4","--","--","--","--","179","--","--","--","--","--","--","--","--","--","--","--","0.0","--","--","--","--","--","--","--","--","--","--","--","--","332","--","--","20","28:31","11","--","179","--","39:05","'-9","26.0","No","01:07:40","1","30.0","26","15","39","--","--","--","--","--","00:00:00","01:07:40","22","33"
Running,2024-08-27 16:55:51,false,"Gothenburg - Base","7.18","565","00:55:52","147","164","3.1","160","215","7:47","6:30","43","37","0.80","10.4","8.5","305","50.8% L / 49.2% R","7:45","--","--","292","--","0.0","--","288","--","--","--","--","440","--","--","--","--","--","8,890","--","--","--","--","--","--","--","--","--","'-10","24.0","No","00:01:51.5","8","30.0","34","21","40","--","--","--","--","--","00:55:50","00:56:18","5","19"
Running,2024-08-25 06:28:20,false,"Paralimni - Base","4.41","346","00:33:36","145","170","2.9","159","169","7:37","6:52","22","32","0.83","9.8","8.1","306","--","7:37","--","--","279","--","0.0","--","276","--","--","--","--","410","--","--","--","--","--","5,338","--","--","--","--","--","--","--","--","--","'-5","29.0","No","00:00:36.2","6","31.0","--","--","--","--","--","--","--","--","00:33:35","00:33:36","4","22"
Running,2024-08-23 07:52:32,false,"Paralimni Running","0.96","75","00:07:34.3","144","156","1.7","161","175","7:56","6:28","6","3","0.78","10.0","7.8","302","--","7:53","--","--","274","--","0.0","--","270","--","--","--","--","340","--","--","--","--","--","1,224","--","--","--","--","--","--","--","--","--","'-1","31.0","No","00:07:34.3","1","33.0","--","--","--","--","--","--","--","--","00:07:33","00:07:34.3","5","9"
Running,2024-08-23 06:05:48,false,"Paralimni - Base","7.75","618","01:01:03","153","172","3.2","157","165","7:53","6:51","46","45","0.81","10.0","8.1","311","--","7:51","--","--","274","--","0.0","--","271","--","--","--","--","381","--","--","--","--","--","9,562","--","--","--","--","--","--","--","--","--","'-10","29.0","No","00:00:03.4","9","32.0","--","--","--","--","--","--","--","--","01:00:56","01:01:03","4","18"
Running,2024-08-21 07:36:13,false,"Paralimni - Base","4.84","387","00:36:23","152","170","3.1","159","163","7:31","6:19","13","15","0.84","9.7","8.1","305","--","7:31","--","--","283","--","0.0","--","282","--","--","--","--","347","--","--","--","--","--","5,794","--","--","--","--","--","--","--","--","--","'-9","31.0","No","00:06:15.2","5","35.0","--","--","--","--","--","--","--","--","00:36:22","00:36:23","3","8"
Indoor Climbing,2024-08-18 14:03:40,false,"Indoor Climbing","--","327","01:22:32","96","156","1.0","--","--","--","--","40","--","--","--","--","--","--","--","--","--","--","--","0.0","--","--","--","--","--","--","--","--","--","--","--","--","438","--","--","4","11:25","13","--","40","--","1:11:06","'-8","29.0","No","01:22:32","1","32.0","--","--","--","--","--","--","--","--","00:00:00","01:22:32","21","33"
Running,2024-08-17 20:00:48,false,"Gothenburg - Recovery","2.62","191","00:24:04","129","144","1.7","155","171","9:10","5:49","20","22","0.70","10.8","7.5","322","--","9:11","--","--","242","--","0.0","--","237","--","--","--","--","358","--","--","--","--","--","3,718","--","--","--","--","--","--","--","--","--","'-3","22.0","No","00:00:03.7","4","24.0","--","--","--","--","--","--","--","--","00:24:02","00:24:04","5","12"
Walking,2024-08-17 08:54:10,false,"Gothenburg Walking","9.48","672","02:02:12","101","129","2.0","94","203","12:53","3:36","166","154","0.82","--","--","--","--","--","--","--","--","--","0.0","--","--","--","--","--","--","--","--","--","--","--","--","12,436","--","--","--","--","--","--","--","--","--","'-16","--","No","00:07:29.9","10","--","--","--","--","--","--","--","--","--","01:53:22","02:02:12","5","99"
Indoor Climbing,2024-08-16 17:26:34,false,"Indoor Climbing","--","250","00:54:53","102","139","0.6","--","--","--","--","12","--","--","--","--","--","--","--","--","--","--","--","0.0","--","--","--","--","--","--","--","--","--","--","--","--","208","--","--","3","2:53","4","--","12","--","51:59","'-3","29.0","No","00:54:53","1","31.0","--","--","--","--","--","--","--","--","00:00:00","00:54:53","18","27"
Indoor Climbing,2024-08-16 16:35:16,false,"Indoor Climbing","--","153","00:35:22","98","135","0.4","--","--","--","--","18","--","--","--","--","--","--","--","--","--","--","--","0.0","--","--","--","--","--","--","--","--","--","--","--","--","158","--","--","3","3:47","10","--","18","--","31:34","'-2","28.0","No","00:35:22","1","30.0","--","--","--","--","--","--","--","--","00:00:00","00:35:22","20","30"
Running,2024-08-15 13:52:53,false,"Gothenburg - Threshold","5.09","403","00:35:04","160","182","3.7","160","181","6:54","5:09","36","40","0.91","9.8","9.1","295","50.1% L / 49.9% R","6:54","--","--","331","--","0.0","--","321","--","--","--","--","481","--","--","--","--","--","5,576","--","--","--","--","--","--","--","--","--","'-9","23.0","No","00:00:04.0","8","29.0","37","20","49","--","--","--","--","--","00:35:02","00:35:04","5","13"
Pool Swim,2024-08-14 13:03:52,false,"Pool Swim","975","238","00:32:33","130","150","2.0","--","--","2:16","0:40","--","--","--","--","--","--","--","--","--","--","--","--","0.0","--","--","--","--","--","--","--","--","--","414","45","19","--","--","--","--","--","--","--","--","--","--","--","--","No","00:00:03.6","54","--","--","--","--","--","--","--","--","--","00:22:06","00:33:31","--","--"
Walking,2024-08-14 08:46:00,false,"Gothenburg Walking","4.73","349","01:11:26","96","135","0.7","80","160","15:07","9:07","92","92","0.83","--","--","--","--","--","--","--","--","--","0.0","--","--","--","--","--","--","--","--","--","--","--","--","6,478","--","--","--","--","--","--","--","--","--","'-4","--","No","00:09:31.0","5","--","--","--","--","--","--","--","--","--","01:05:51","01:11:26","12","78"
Indoor Climbing,2024-08-13 16:20:45,false,"Indoor Climbing","--","709","02:18:26","118","174","2.1","--","--","--","--","144","--","--","--","--","--","--","--","--","--","--","--","0.0","--","--","--","--","--","--","--","--","--","--","--","--","670","--","--","13","27:31","13","--","144","--","1:50:53","'-12","29.0","No","02:18:26","1","31.0","--","--","--","--","--","--","--","--","00:00:00","02:18:26","32","48"
Walking,2024-08-13 10:16:33,false,"Gothenburg Walking","0.73","53","00:10:31","96","104","0.3","93","112","14:27","10:05","6","3","0.74","--","--","--","--","--","--","--","--","--","0.0","--","--","--","--","--","--","--","--","--","--","--","--","1,008","--","--","--","--","--","--","--","--","--","'-1","--","No","00:10:31","1","--","--","--","--","--","--","--","--","--","00:09:19","00:10:31","11","18"
Strength Training,2024-08-12 16:52:01,true,"Strength","0.00","254","00:29:39","132","158","2.3","--","--","--","--","--","--","--","--","--","--","--","--","--","--","--","--","0.0","--","--","--","--","--","--","--","--","--","--","--","--","10","5","1","--","--","--","--","--","--","--","'-3","--","No","00:29:39","1","--","--","--","--","--","--","--","--","--","00:29:39","00:29:39","--","--"
Indoor Cycling,2024-08-12 16:21:56,false,"Indoor Cycling","0.00","93","00:10:18","126","142","1.5","--","--","--","--","--","--","--","--","--","--","--","--","--","--","--","--","0.0","--","--","--","--","--","--","--","--","--","--","--","--","--","--","--","--","--","--","--","--","--","--","'-1","--","No","00:10:18","1","--","--","--","--","--","--","--","--","--","00:00:00","00:10:18","--","--"
Running,2024-08-12 09:41:38,false,"Gothenburg - Base","5.22","419","00:39:01","151","168","3.3","164","193","7:28","6:33","35","39","0.82","10.0","8.4","297","50.1% L / 49.9% R","7:27","--","--","299","--","0.0","--","295","--","--","--","--","435","--","--","--","--","--","6,354","--","--","--","--","--","--","--","--","--","'-12","24.0","No","00:00:36.0","7","28.0","35","21","41","--","--","--","--","--","00:38:59","00:39:01","4","13"
Indoor Climbing,2024-08-11 14:29:33,false,"Indoor Climbing","--","625","02:18:55","107","185","2.0","--","--","--","--","149","--","--","--","--","--","--","--","--","--","--","--","0.0","--","--","--","--","--","--","--","--","--","--","--","--","746","--","--","12","31:44","18","--","149","--","1:47:08","'-12","26.0","No","02:18:55","1","30.0","--","--","--","--","--","--","--","--","00:00:00","02:18:55","'-7","9"
Indoor Climbing,2024-08-08 13:44:43,false,"Indoor Climbing","--","561","01:53:37","113","171","2.0","--","--","--","--","51","--","--","--","--","--","--","--","--","--","--","--","0.0","--","--","--","--","--","--","--","--","--","--","--","--","530","--","--","4","28:37","15","--","51","--","1:24:59","'-12","29.0","No","01:53:37","1","32.0","--","--","--","--","--","--","--","--","00:00:00","01:53:37","4","17"
Pool Swim,2024-08-07 14:20:43,false,"Pool Swim","1,025","222","00:27:42","133","156","2.1","--","--","2:21","0:57","--","--","--","--","--","--","--","--","--","--","--","--","0.0","--","--","--","--","--","--","--","--","--","421","46","17","--","--","--","--","--","--","--","--","--","--","--","--","No","00:00:14.3","22","--","--","--","--","--","--","--","--","--","00:24:10","00:28:06","--","--"
Running,2024-08-05 17:25:01,false,"Gothenburg Running","1.28","105","00:08:54.1","159","174","2.3","157","161","6:59","6:25","10","4","0.91","10.1","9.3","294","49.0% L / 51.0% R","6:55","--","--","325","--","0.0","--","315","--","--","--","--","384","--","--","--","--","--","1,390","--","--","--","--","--","--","--","--","--","'-2","28.0","No","00:01:54.2","2","29.0","37","22","44","--","--","--","--","--","00:08:47","00:08:54.1","5","16"
Strength Training,2024-08-05 16:49:32,false,"Strength","0.00","245","00:28:21","134","164","2.4","--","--","--","--","--","--","--","--","--","--","--","--","--","--","--","--","0.0","--","--","--","--","--","--","--","--","--","--","--","--","12","6","1","--","--","--","--","--","--","--","'-6","--","No","00:28:21","1","--","28","19","37","--","--","--","--","--","00:28:21","00:28:21","--","--"
Treadmill Running,2024-08-05 16:20:29,false,"Treadmill Running","0.53","48","00:05:56.2","124","138","0.7","130","176","11:08","8:48","--","--","0.75","9.9","7.2","369","48.9% L / 51.1% R","--","--","--","214","--","0.0","--","183","--","--","--","--","275","--","--","--","--","--","742","--","--","--","--","--","--","--","--","--","'-1","--","No","00:05:56.2","1","--","29","15","36","--","--","--","--","--","00:05:14","00:05:56.2","--","--"
Indoor Climbing,2024-08-04 13:39:55,false,"Indoor Climbing","--","439","01:52:51","98","149","0.8","--","--","--","--","53","--","--","--","--","--","--","--","--","--","--","--","0.0","--","--","--","--","--","--","--","--","--","--","--","--","480","--","--","5","12:04","12","--","53","--","1:40:46","'-7","29.0","No","01:52:51","1","31.0","--","--","--","--","--","--","--","--","00:00:00","01:52:51","20","34"
Hiking,2024-08-03 11:28:16,false,"Ale Hiking","21.65","1,631","06:54:49","101","138","0.7","57","231","19:09","6:38","488","477","0.91","--","--","--","--","--","--","--","--","--","0.0","--","--","--","--","--","--","--","--","--","--","--","--","27,392","--","--","--","--","--","--","--","--","--","'-26","26.0","No","06:54:49","1","32.0","--","--","--","--","--","--","--","--","04:44:05","07:00:06","67","143"
Indoor Climbing,2024-08-02 13:28:10,false,"Indoor Climbing","--","486","01:43:44","109","154","1.6","--","--","--","--","51","--","--","--","--","--","--","--","--","--","--","--","0.0","--","--","--","--","--","--","--","--","--","--","--","--","466","--","--","5","18:37","13","--","51","--","1:25:06","'-8","29.0","No","01:43:44","1","32.0","--","--","--","--","--","--","--","--","00:00:00","01:43:44","22","35"
Running,2024-08-01 08:35:12,false,"Gothenburg - Sprint","5.96","444","00:49:20","136","164","2.8","147","186","8:17","3:13","49","39","0.82","9.2","7.7","306","50.1% L / 49.9% R","8:20","--","--","284","--","0.0","--","250","--","--","--","--","764","--","--","--","--","--","7,160","--","--","--","--","--","--","--","--","--","'-11","24.0","No","00:00:10","17","28.0","32","22","44","--","--","--","--","--","00:49:16","00:49:20","5","13"
Indoor Climbing,2024-07-31 14:24:29,false,"Indoor Climbing","--","460","01:14:53","122","179","2.3","--","--","--","--","114","--","--","--","--","--","--","--","--","--","--","--","0.0","--","--","--","--","--","--","--","--","--","--","--","--","682","--","--","13","24:23","11","--","114","--","50:28","'-12","26.0","No","01:14:53","1","30.0","25","15","39","--","--","--","--","--","00:00:00","01:14:57","20","33"
Running,2024-07-29 17:28:08,false,"Gothenburg Running","1.24","106","00:08:54.1","167","179","2.3","157","163","7:12","5:58","12","4","0.91","10.1","9.3","293","49.5% L / 50.5% R","6:58","--","--","329","--","0.0","--","322","--","--","--","--","403","--","--","--","--","--","1,380","--","--","--","--","--","--","--","--","--","'-3","26.0","No","00:01:51.6","2","28.0","39","22","48","--","--","--","--","--","00:08:52","00:08:54.1","4","17"
Other,2024-07-29 16:23:14,false,"Gothenburg Core","1.02","409","00:55:34","126","173","2.8","30","177","1.1","4.3","6","7","0.62","--","--","--","--","--","--","--","--","--","0.0","--","--","--","--","--","--","--","--","--","--","--","--","2,214","--","--","--","--","--","--","--","--","--","'-8","--","No","00:55:34","1","--","27","12","43","--","--","--","--","--","00:15:37","00:55:34","6","12"
Pool Swim,2024-07-28 14:33:45,false,"Pool Swim","1,225","287","00:42:49","126","147","2.0","--","--","2:12","0:41","--","--","--","--","--","--","--","--","--","--","--","--","0.0","--","--","--","--","--","--","--","--","--","495","43","18","--","--","--","--","--","--","--","--","--","--","--","--","No","00:00:10.2","47","--","--","--","--","--","--","--","--","--","00:26:54","00:43:47","--","--"
Walking,2024-07-28 10:31:42,false,"Gothenburg Walking","5.41","383","01:08:30","94","110","1.3","92","158","12:39","6:40","20","27","0.86","--","--","--","--","--","--","--","--","--","0.0","--","--","--","--","--","--","--","--","--","--","--","--","6,896","--","--","--","--","--","--","--","--","--","'-8","--","No","00:05:27.6","6","--","--","--","--","--","--","--","--","--","01:04:41","01:08:30","4","16"
Running,2024-07-27 08:43:45,false,"Gothenburg - Threshold","5.40","436","00:38:04","154","178","3.7","159","168","7:03","5:29","35","37","0.89","9.4","8.4","301","--","7:01","--","--","316","--","0.0","--","306","--","--","--","--","476","--","--","--","--","--","6,028","--","--","--","--","--","--","--","--","--","'-12","24.0","No","00:00:03.9","10","29.0","37","18","44","--","--","--","--","--","00:38:01","00:38:04","4","14"
Pool Swim,2024-07-25 08:12:42,false,"Pool Swim","1,450","344","00:49:12","124","151","2.0","--","--","2:21","0:48","--","--","--","--","--","--","--","--","--","--","--","--","0.0","--","--","--","--","--","--","--","--","--","631","46","19","--","--","--","--","--","--","--","--","--","--","--","--","No","00:00:13.4","43","--","--","--","--","--","--","--","--","--","00:34:00","00:49:42","--","--"
Indoor Climbing,2024-07-24 13:47:47,false,"Indoor Climbing","--","615","02:23:36","104","155","1.2","--","--","--","--","10","--","--","--","--","--","--","--","--","--","--","--","0.0","--","--","--","--","--","--","--","--","--","--","--","--","864","--","--","3","2:55","3","--","10","--","2:20:39","'-14","28.0","No","02:23:36","1","31.0","--","--","--","--","--","--","--","--","00:00:00","02:23:36","43","52"
Running,2024-07-23 09:40:40,false,"Gothenburg Running","6.70","563","00:55:19","147","171","3.2","148","167","8:15","5:52","132","132","0.82","9.7","7.8","309","--","7:55","--","--","281","--","0.0","--","270","--","--","--","--","438","--","--","--","--","--","8,266","--","--","--","--","--","--","--","--","--","'-15","24.0","No","00:04:29.7","7","31.0","35","21","43","--","--","--","--","--","00:55:02","00:55:19","13","96"
Disc Golf,2024-07-21 19:39:38,false,"Gothenburg Disc Golf","2.14","276","00:58:52","105","141","0.7","--","--","27:33","6:59","61","60","--","--","--","--","--","--","--","--","--","--","0.0","--","--","--","--","--","--","--","--","--","--","--","--","1,924","--","--","--","--","--","--","--","--","--","'-2","--","No","00:00:02.2","11","--","--","--","--","--","--","--","--","--","00:32:26","00:58:52","30","52"
Indoor Climbing,2024-07-21 15:01:40,false,"Indoor Climbing","--","390","01:42:01","97","139","0.4","--","--","--","--","3","--","--","--","--","--","--","--","--","--","--","--","0.0","--","--","--","--","--","--","--","--","--","--","--","--","552","--","--","1","0:56","3","--","3","--","1:41:05","'-5","30.0","No","01:42:01","1","33.0","--","--","--","--","--","--","--","--","00:00:00","01:42:01","22","33"
Running,2024-07-19 21:23:54,false,"Gothenburg - Base","4.17","340","00:34:01","139","156","2.8","153","200","8:10","5:56","76","73","0.80","9.7","7.7","307","--","7:49","--","--","281","--","0.0","--","271","--","--","--","--","479","--","--","--","--","--","5,184","--","--","--","--","--","--","--","--","--","'-5","22.0","No","00:01:15.4","5","27.0","32","18","39","--","--","--","--","--","00:33:54","00:34:01","13","80"
Indoor Climbing,2024-07-18 13:49:17,false,"Indoor Climbing","--","545","01:53:09","110","152","1.0","--","--","--","--","51","--","--","--","--","--","--","--","--","--","--","--","0.0","--","--","--","--","--","--","--","--","--","--","--","--","1,028","--","--","4","24:14","14","--","51","--","1:28:54","'-8","28.0","No","01:53:09","1","30.0","--","--","--","--","--","--","--","--","00:00:00","01:53:09","11","28"
Pool Swim,2024-07-17 15:26:13,false,"Pool Swim","2,150","457","01:09:49","124","165","2.2","--","--","2:22","0:51","--","--","--","--","--","--","--","--","--","--","--","--","0.0","--","--","--","--","--","--","--","--","--","999","47","20","--","--","--","--","--","--","--","--","--","--","--","--","No","00:00:05.9","37","--","--","--","--","--","--","--","--","--","00:50:58","01:09:55","--","--"
Walking,2024-07-17 11:37:27,false,"Gothenburg Walking","5.85","435","01:24:28","94","117","1.2","77","158","14:27","6:20","35","38","0.91","--","--","--","--","--","--","--","--","--","0.0","--","--","--","--","--","--","--","--","--","--","--","--","7,402","--","--","--","--","--","--","--","--","--","'-8","--","No","00:10:35","6","--","--","--","--","--","--","--","--","--","01:07:52","01:24:28","4","22"
Walking,2024-07-17 09:39:46,false,"Gothenburg Walking","5.60","402","00:56:17","108","129","2.1","114","136","10:02","5:47","17","19","0.87","--","--","--","--","--","--","--","--","--","0.0","--","--","--","--","--","--","--","--","--","--","--","--","6,592","--","--","--","--","--","--","--","--","--","'-10","--","No","00:06:50.3","6","--","--","--","--","--","--","--","--","--","00:55:12","00:56:17","5","15"
Indoor Climbing,2024-07-16 17:05:26,false,"Indoor Climbing","--","503","01:50:19","107","153","1.1","--","--","--","--","21","--","--","--","--","--","--","--","--","--","--","--","0.0","--","--","--","--","--","--","--","--","--","--","--","--","236","--","--","6","5:11","4","--","21","--","1:45:07","'-10","27.0","No","01:50:19","1","31.0","--","--","--","--","--","--","--","--","00:00:00","01:50:19","8","17"
Indoor Climbing,2024-07-14 13:43:24,false,"Indoor Climbing","--","398","01:12:16","113","150","1.7","--","--","--","--","29","--","--","--","--","--","--","--","--","--","--","--","0.0","--","--","--","--","--","--","--","--","--","--","--","--","282","--","--","7","6:34","9","--","29","--","1:05:40","'-5","27.0","No","01:12:16","1","30.0","--","--","--","--","--","--","--","--","00:00:00","01:12:16","15","26"
Indoor Climbing,2024-07-14 12:19:23,false,"Indoor Climbing","--","266","00:58:01","104","155","0.6","--","--","--","--","47","--","--","--","--","--","--","--","--","--","--","--","0.0","--","--","--","--","--","--","--","--","--","--","--","--","256","--","--","5","11:12","11","--","47","--","46:48","'-4","26.0","No","00:58:01","1","29.0","--","--","--","--","--","--","--","--","00:00:00","00:58:01","18","31"
Running,2024-07-13 10:01:56,false,"Gothenburg - Threshold","5.67","468","00:40:06","164","187","3.9","159","167","7:04","5:40","41","43","0.89","9.4","8.4","303","--","7:03","--","--","320","--","0.0","--","312","--","--","--","--","460","--","--","--","--","--","6,346","--","--","--","--","--","--","--","--","--","'-13","24.0","No","00:00:05.7","9","29.0","35","17","42","--","--","--","--","--","00:40:04","00:40:06","6","13"
Cycling,2024-07-12 11:03:59,false,"Gothenburg Cycling","10.97","280","00:31:27","128","148","2.4","--","--","20.9","31.4","76","66","--","--","--","--","--","--","--","--","--","--","0.0","--","--","--","--","--","--","--","--","--","--","--","--","--","--","--","--","--","--","--","--","--","--","'-6","--","No","00:02:59.8","3","--","30","15","38","--","--","--","--","--","00:31:23","00:31:27","5","22"
Pool Swim,2024-07-11 10:26:58,false,"Pool Swim","2,050","520","01:13:51","127","167","2.3","--","--","2:40","1:00","--","--","--","--","--","--","--","--","--","--","--","--","0.0","--","--","--","--","--","--","--","--","--","1065","53","19","--","--","--","--","--","--","--","--","--","--","--","--","No","00:00:02.3","54","--","--","--","--","--","--","--","--","--","00:54:40","01:14:04","--","--"
Indoor Climbing,2024-07-10 11:17:31,false,"Indoor Climbing","--","556","01:42:29","116","164","1.5","--","--","--","--","18","--","--","--","--","--","--","--","--","--","--","--","0.0","--","--","--","--","--","--","--","--","--","--","--","--","1,230","--","--","5","3:37","4","--","18","--","1:38:51","'-11","26.0","No","01:42:29","1","30.0","--","--","--","--","--","--","--","--","00:00:00","01:42:29","23","36"
Running,2024-07-09 08:42:30,false,"Gothenburg - Threshold","5.01","404","00:36:07","155","178","3.5","159","171","7:13","5:44","47","35","0.87","9.5","8.2","303","--","7:11","--","--","315","--","0.0","--","306","--","--","--","--","429","--","--","--","--","--","5,734","--","--","--","--","--","--","--","--","--","'-10","25.0","No","00:00:06.9","8","28.0","37","20","44","--","--","--","--","--","00:36:04","00:36:07","7","36"
Indoor Climbing,2024-07-07 11:37:27,false,"Indoor Climbing","--","424","01:21:26","111","170","1.9","--","--","--","--","22","--","--","--","--","--","--","--","--","--","--","--","0.0","--","--","--","--","--","--","--","--","--","--","--","--","394","--","--","6","3:46","5","--","22","--","1:17:37","'-8","26.0","No","01:21:26","1","30.0","--","--","--","--","--","--","--","--","00:00:00","01:21:26","'-69","'-52"
Yoga,2024-07-06 09:27:55,false,"Yoga","--","406","01:03:38","121","171","2.4","--","--","--","--","--","--","--","--","--","--","--","--","--","--","--","--","0.0","--","--","--","--","--","--","--","--","--","--","--","--","--","--","1","--","--","--","--","--","--","--","'-7","--","No","01:03:38","1","--","18","8","24","8","91","99","76","100","01:03:38","01:03:38","--","--"
Indoor Climbing,2024-07-05 11:15:59,false,"Indoor Climbing","--","714","01:48:18","129","190","2.9","--","--","--","--","194","--","--","--","--","--","--","--","--","--","--","--","0.0","--","--","--","--","--","--","--","--","--","--","--","--","852","--","--","20","35:47","15","--","194","--","1:12:26","--","24.0","No","01:48:18","1","29.0","26","12","43","--","--","--","--","--","00:00:00","01:48:18","18","34"
Running,2024-07-04 10:28:05,false,"Gothenburg - Recovery","2.91","226","00:26:13","135","151","2.1","162","206","9:01","6:41","29","24","0.68","10.7","7.3","308","--","8:56","--","--","258","--","0.0","--","252","--","--","--","--","390","--","--","--","--","--","4,242","--","--","--","--","--","--","--","--","--","'-5","19.0","No","00:00:12.9","4","29.0","--","--","--","--","--","--","--","--","00:26:12","00:26:13","6","17"
Running,2024-07-03 10:39:04,false,"Gothenburg - Base","5.03","416","00:37:30","158","178","3.4","159","171","7:28","5:46","55","58","0.84","9.7","8.1","305","--","7:24","--","--","307","--","0.0","--","300","--","--","--","--","481","--","--","--","--","--","5,958","--","--","--","--","--","--","--","--","--","'-12","24.0","No","00:03:08.8","6","28.0","34","18","39","--","--","--","--","--","00:37:29","00:37:30","12","50"
Indoor Climbing,2024-07-02 18:55:20,false,"Indoor Climbing","--","488","01:43:20","107","168","1.6","--","--","--","--","61","--","--","--","--","--","--","--","--","--","--","--","0.0","--","--","--","--","--","--","--","--","--","--","--","--","842","--","--","7","19:07","13","--","61","--","1:24:11","'-8","27.0","No","01:43:20","1","30.0","--","--","--","--","--","--","--","--","00:00:00","01:43:20","46","59"
Pool Swim,2024-07-01 08:51:47,false,"Pool Swim","1,500","375","00:46:23","131","172","2.5","--","--","2:36","0:59","--","--","--","--","--","--","--","--","--","--","--","--","0.0","--","--","--","--","--","--","--","--","--","743","52","19","--","--","--","--","--","--","--","--","--","--","--","--","No","00:00:06.5","30","--","--","--","--","--","--","--","--","--","00:39:09","00:47:00","--","--"
Indoor Climbing,2024-06-30 11:43:40,false,"Indoor Climbing","--","403","01:04:05","120","151","2.0","--","--","--","--","8","--","--","--","--","--","--","--","--","--","--","--","0.0","--","--","--","--","--","--","--","--","--","--","--","--","434","--","--","2","2:03","4","--","8","--","1:02:01","'-9","26.0","No","01:04:05","1","31.0","--","--","--","--","--","--","--","--","00:00:00","01:04:05","22","38"
Running,2024-06-28 14:13:05,false,"Borås Running","2.02","167","00:15:03","147","158","2.6","160","169","7:26","6:41","20","17","0.83","9.7","8.0","302","--","7:24","--","--","307","--","0.0","--","303","--","--","--","--","358","--","--","--","--","--","2,410","--","--","--","--","--","--","--","--","--","'-3","24.0","No","00:00:08.4","3","29.0","--","--","--","--","--","--","--","--","00:15:02","00:15:03","289","309"
Pool Swim,2024-06-27 19:11:50,false,"Pool Swim","1,150","299","01:04:53","102","146","0.7","--","--","2:20","0:47","--","--","--","--","--","--","--","--","--","--","--","--","0.0","--","--","--","--","--","--","--","--","--","499","46","19","--","--","--","--","--","--","--","--","--","--","--","--","No","00:00:01.7","59","--","--","--","--","--","--","--","--","--","00:26:55","01:04:58","--","--"
Indoor Climbing,2024-06-26 17:10:30,false,"Indoor Climbing","--","733","01:34:56","136","185","3.2","--","--","--","--","156","--","--","--","--","--","--","--","--","--","--","--","0.0","--","--","--","--","--","--","--","--","--","--","--","--","660","--","--","20","32:40","13","--","156","--","1:02:11","'-13","31.0","No","01:34:56","1","32.0","--","--","--","--","--","--","--","--","00:00:00","01:34:56","24","39"
Running,2024-06-24 12:08:39,false,"Gothenburg - Threshold","4.77","399","00:35:14","163","183","3.7","160","173","7:24","6:11","34","32","0.85","9.6","8.1","303","--","7:20","--","--","310","--","0.0","--","301","--","--","--","--","488","--","--","--","--","--","5,610","--","--","--","--","--","--","--","--","--","'-10","27.0","No","00:00:14.0","8","31.0","38","18","45","--","--","--","--","--","00:35:12","00:35:14","4","14"
Indoor Climbing,2024-06-23 11:40:01,false,"Indoor Climbing","--","665","02:03:22","116","170","1.9","--","--","--","--","29","--","--","--","--","--","--","--","--","--","--","--","0.0","--","--","--","--","--","--","--","--","--","--","--","--","708","--","--","6","14:48","12","--","29","--","1:48:31","'-14","25.0","No","02:03:22","1","30.0","--","--","--","--","--","--","--","--","00:00:00","02:03:22","16","25"
Running,2024-06-22 09:53:17,false,"Gothenburg Running","5.42","456","00:42:29","155","181","3.6","157","171","7:50","5:57","69","57","0.81","9.6","7.7","301","--","7:43","--","--","305","--","0.0","--","290","--","--","--","--","469","--","--","--","--","--","6,658","--","--","--","--","--","--","--","--","--","'-13","18.0","No","00:02:50.5","6","26.0","33","17","40","--","--","--","--","--","00:42:27","00:42:29","7","56"
Pool Swim,2024-06-20 17:15:13,false,"Pool Swim","1,575","396","01:09:25","115","166","2.0","--","--","2:32","0:48","--","--","--","--","--","--","--","--","--","--","--","--","0.0","--","--","--","--","--","--","--","--","--","736","50","18","--","--","--","--","--","--","--","--","--","--","--","--","No","00:00:09.7","49","--","--","--","--","--","--","--","--","--","00:39:53","01:09:31","--","--"
Indoor Climbing,2024-06-19 20:12:43,false,"Indoor Climbing","--","124","00:22:50","108","128","0.6","--","--","--","--","20","--","--","--","--","--","--","--","--","--","--","--","0.0","--","--","--","--","--","--","--","--","--","--","--","--","74","--","--","2","4:28","10","--","20","--","18:21","'-2","29.0","No","00:22:50","1","30.0","--","--","--","--","--","--","--","--","00:00:00","00:22:50","3","14"
Pool Swim,2024-06-18 18:27:09,false,"Pool Swim","2,000","530","01:00:24","138","171","3.0","--","--","2:33","1:17","--","--","--","--","--","--","--","--","--","--","--","--","0.0","--","--","--","--","--","--","--","--","--","1002","51","20","--","--","--","--","--","--","--","--","--","--","--","--","No","00:00:04.2","25","--","--","--","--","--","--","--","--","--","00:50:53","01:00:35","--","--"
Indoor Climbing,2024-06-16 12:03:24,false,"Indoor Climbing","--","473","01:49:52","106","138","0.6","--","--","--","--","56","--","--","--","--","--","--","--","--","--","--","--","0.0","--","--","--","--","--","--","--","--","--","--","--","--","360","--","--","5","13:43","14","--","56","--","1:36:07","'-8","26.0","No","01:49:52","1","30.0","--","--","--","--","--","--","--","--","00:00:00","01:49:52","19","31"
Running,2024-06-15 10:01:22,false,"Gothenburg - Threshold","4.42","366","00:33:58","161","185","3.6","159","172","7:42","6:00","30","30","0.81","9.7","7.8","301","--","7:39","--","--","310","--","0.0","--","294","--","--","--","--","501","--","--","--","--","--","5,428","--","--","--","--","--","--","--","--","--","'-10","19.0","No","00:01:36.7","6","26.0","34","19","42","--","--","--","--","--","00:33:56","00:33:58","6","13"
Indoor Climbing,2024-06-14 11:49:14,false,"Indoor Climbing","--","561","01:14:17","132","175","3.0","--","--","--","--","177","--","--","--","--","--","--","--","--","--","--","--","0.0","--","--","--","--","--","--","--","--","--","--","--","--","422","--","--","16","30:23","12","--","177","--","43:51","'-12","24.0","No","01:14:17","1","29.0","--","--","--","--","--","--","--","--","00:00:00","01:14:17","20","33"
Pool Swim,2024-06-11 17:37:36,false,"Pool Swim","1,500","291","00:45:04","116","158","2.2","--","--","2:45","1:20","--","--","--","--","--","--","--","--","--","--","--","--","0.0","--","--","--","--","--","--","--","--","--","800","55","19","--","--","--","--","--","--","--","--","--","--","--","--","No","00:00:07.7","18","--","--","--","--","--","--","--","--","--","00:41:19","00:45:20","--","--"
Running,2024-06-10 17:25:21,false,"Gothenburg Running","3.53","280","00:26:20","150","176","3.2","145","175","7:27","4:42","28","29","0.90","8.6","7.7","290","--","7:22","--","--","318","--","0.0","--","282","--","--","--","--","529","--","--","--","--","--","3,942","--","--","--","--","--","--","--","--","--","'-5","22.0","No","00:04:51.8","4","26.0","31","19","38","--","--","--","--","--","00:26:19","00:26:20","4","11"
Indoor Climbing,2024-06-09 11:51:46,false,"Indoor Climbing","--","561","01:57:18","112","165","1.3","--","--","--","--","86","--","--","--","--","--","--","--","--","--","--","--","0.0","--","--","--","--","--","--","--","--","--","--","--","--","388","--","--","9","19:33","14","--","86","--","1:37:43","'-12","25.0","No","01:57:18","1","30.0","--","--","--","--","--","--","--","--","00:00:00","01:57:25","11","25"
Running,2024-06-08 10:23:54,false,"Gothenburg - Base","3.00","250","00:23:11","153","172","3.1","161","181","7:44","6:54","25","26","0.80","9.8","7.8","301","--","7:40","--","--","299","--","0.0","--","292","--","--","--","--","454","--","--","--","--","--","3,742","--","--","--","--","--","--","--","--","--","'-5","23.0","No","00:00:10.6","4","28.0","--","--","--","--","--","--","--","--","00:23:07","00:23:11","5","14"
Pool Swim,2024-06-06 13:52:02,false,"Pool Swim","1,525","403","00:47:42","137","176","3.0","--","--","2:35","0:49","--","--","--","--","--","--","--","--","--","--","--","--","0.0","--","--","--","--","--","--","--","--","--","643","51","19","--","--","--","--","--","--","--","--","--","--","--","--","No","00:00:05.2","28","--","--","--","--","--","--","--","--","--","00:39:08","00:47:51","--","--"
Running,2024-06-04 17:51:13,false,"Gothenburg Running","2.29","186","00:15:52","158","176","3.3","162","170","6:55","5:34","15","14","0.89","9.3","8.2","295","--","6:54","--","--","331","--","0.0","--","324","--","--","--","--","481","--","--","--","--","--","2,570","--","--","--","--","--","--","--","--","--","'-5","25.0","No","00:02:11.0","3","30.0","36","24","44","--","--","--","--","--","00:15:51","00:15:52","6","18"
Indoor Climbing,2024-06-03 18:53:30,false,"Indoor Climbing","--","478","01:10:37","132","182","2.8","--","--","--","--","133","--","--","--","--","--","--","--","--","--","--","--","0.0","--","--","--","--","--","--","--","--","--","--","--","--","232","--","--","14","26:01","11","--","133","--","44:33","'-9","27.0","No","01:10:37","1","31.0","--","--","--","--","--","--","--","--","00:00:00","01:10:37","22","34"
Running,2024-06-02 18:03:21,false,"Gothenburg Running","2.17","173","00:17:30","149","164","2.7","163","173","8:04","6:41","10","21","0.76","10.1","7.6","301","--","8:05","--","--","283","--","0.0","--","279","--","--","--","--","397","--","--","--","--","--","2,852","--","--","--","--","--","--","--","--","--","'-4","25.0","No","00:01:13.0","3","31.0","37","26","43","--","--","--","--","--","00:17:27","00:17:30","8","20"
Indoor Climbing,2024-05-29 18:14:05,false,"Indoor Climbing","--","381","00:54:33","127","177","2.8","--","--","--","--","86","--","--","--","--","--","--","--","--","--","--","--","0.0","--","--","--","--","--","--","--","--","--","--","--","--","214","--","--","10","17:58","11","--","86","--","36:34","'-6","27.0","No","00:54:33","1","31.0","--","--","--","--","--","--","--","--","00:00:00","00:54:33","24","37"
Running,2024-05-28 11:50:01,false,"Gothenburg Running","0.87","64","00:05:58.9","132","140","2.3","163","174","6:51","5:34","6","3","0.89","9.3","8.2","294","--","6:51","--","--","327","--","0.0","--","323","--","--","--","--","423","--","--","--","--","--","972","--","--","--","--","--","--","--","--","--","'-1","27.0","No","00:05:58.9","1","30.0","--","--","--","--","--","--","--","--","00:05:58.9","00:05:58.9","11","16"
Running,2024-05-27 17:52:44,false,"Gothenburg Running","2.12","166","00:17:28","145","159","2.8","160","167","8:15","7:12","14","12","0.75","10.2","7.7","309","--","8:16","--","--","271","--","0.0","--","268","--","--","--","--","384","--","--","--","--","--","2,790","--","--","--","--","--","--","--","--","--","'-5","25.0","No","00:00:51.4","3","29.0","--","--","--","--","--","--","--","--","00:17:26","00:17:28","6","19"
Indoor Climbing,2024-05-24 12:28:24,false,"Indoor Climbing","--","715","01:32:20","141","189","4.5","--","--","--","--","184","--","--","--","--","--","--","--","--","--","--","--","0.0","--","--","--","--","--","--","--","--","--","--","--","--","432","--","--","20","30:44","11","--","184","--","1:01:32","--","25.0","No","01:32:20","1","31.0","32","18","42","--","--","--","--","--","00:00:00","01:32:20","18","31"
Running,2024-05-23 21:38:01,false,"Gothenburg Running","1.52","118","00:13:59","140","156","2.3","153","160","9:13","7:49","11","14","0.70","10.7","7.5","324","--","9:11","--","--","249","--","0.0","--","245","--","--","--","--","349","--","--","--","--","--","2,142","--","--","--","--","--","--","--","--","--","'-3","25.0","No","00:04:32.9","2","30.0","--","--","--","--","--","--","--","--","00:13:58","00:13:59","7","19"
Indoor Climbing,2024-05-22 15:44:29,false,"Indoor Climbing","--","914","02:16:30","130","188","3.6","--","--","--","--","46","--","--","--","--","--","--","--","--","--","--","--","0.0","--","--","--","--","--","--","--","--","--","--","--","--","492","--","--","4","17:28","17","--","46","--","1:59:01","'-21","30.0","No","02:16:30","1","32.0","--","--","--","--","--","--","--","--","00:00:00","02:16:30","22","38"
Running,2024-05-20 17:56:56,false,"Gothenburg Running","2.28","186","00:23:35","148","163","2.4","156","161","10:20","8:28","47","18","0.62","11.5","7.1","324","--","10:19","--","--","228","--","0.0","--","226","--","--","--","--","335","--","--","--","--","--","3,662","--","--","--","--","--","--","--","--","--","'-4","28.0","No","00:02:49.6","3","34.0","30","19","37","--","--","--","--","--","00:23:35","00:23:35","8","19"
Indoor Climbing,2024-05-19 15:33:00,false,"Indoor Climbing","--","418","01:23:53","111","162","1.6","--","--","--","--","39","--","--","--","--","--","--","--","--","--","--","--","0.0","--","--","--","--","--","--","--","--","--","--","--","--","702","--","--","4","9:12","10","--","39","--","1:14:40","'-10","30.0","No","01:23:53","1","32.0","--","--","--","--","--","--","--","--","00:00:00","01:40:32","25","40"
Indoor Climbing,2024-05-17 11:21:42,false,"Indoor Climbing","--","403","00:50:11","136","181","3.5","--","--","--","--","81","--","--","--","--","--","--","--","--","--","--","--","0.0","--","--","--","--","--","--","--","--","--","--","--","--","268","--","--","9","18:44","10","--","81","--","31:25","'-14","27.0","No","00:50:11","1","30.0","--","--","--","--","--","--","--","--","00:00:00","00:50:11","24","36"
Indoor Climbing,2024-05-13 18:37:04,false,"Indoor Climbing","--","205","00:21:17","143","177","3.2","--","--","--","--","44","--","--","--","--","--","--","--","--","--","--","--","0.0","--","--","--","--","--","--","--","--","--","--","--","--","206","--","--","5","7:54","10","--","44","--","13:22","'-6","28.0","No","00:21:17","1","30.0","--","--","--","--","--","--","--","--","00:00:00","00:21:17","28","39"
Running,2024-05-12 11:05:33,false,"Gothenburg Running","2.14","173","00:16:45","151","178","3.5","165","195","7:51","6:27","9","18","0.77","9.9","7.6","296","--","7:51","--","--","293","--","0.0","--","283","--","--","--","--","418","--","--","--","--","--","2,770","--","--","--","--","--","--","--","--","--","'-7","25.0","No","00:01:01.1","3","27.0","32","20","40","--","--","--","--","--","00:16:43","00:16:48","4","15"
Pool Swim,2024-05-08 18:45:17,false,"Pool Swim","1,275","374","00:52:21","127","167","3.0","--","--","2:41","0:45","--","--","--","--","--","--","--","--","--","--","--","--","0.0","--","--","--","--","--","--","--","--","--","710","54","21","--","--","--","--","--","--","--","--","--","--","--","--","No","00:00:17.8","17","--","--","--","--","--","--","--","--","--","00:34:07","00:52:53","--","--"
Running,2024-05-06 12:44:52,false,"Gothenburg Running","0.87","64","00:08:10.1","127","143","1.7","160","167","9:24","8:09","4","2","0.67","10.9","7.3","314","--","9:18","--","--","249","--","0.0","--","247","--","--","--","--","324","--","--","--","--","--","1,304","--","--","--","--","--","--","--","--","--","'-2","20.0","No","00:08:10.1","1","26.0","--","--","--","--","--","--","--","--","00:08:10","00:08:10.1","11","14"
Running,2024-04-16 17:57:22,false,"Gothenburg Running","1.31","100","00:12:03","140","168","2.1","162","171","9:14","7:04","11","9","0.67","10.8","7.2","309","--","9:10","--","--","258","--","0.0","--","254","--","--","--","--","379","--","--","--","--","--","1,950","--","--","--","--","--","--","--","--","--","'-2","20.0","No","00:02:55.1","2","24.0","--","--","--","--","--","--","--","--","00:12:02","00:12:03","7","16"
Running,2024-04-08 17:41:30,false,"Gothenburg Running","2.04","171","00:18:33","160","191","2.9","166","174","9:06","6:41","9","12","0.66","10.8","7.1","302","--","9:07","--","--","252","--","0.0","--","248","--","--","--","--","370","--","--","--","--","--","3,076","--","--","--","--","--","--","--","--","--","'-5","23.0","No","00:03:26.2","3","26.0","--","--","--","--","--","--","--","--","00:18:32","00:18:33","7","17"
Indoor Climbing,2024-03-29 13:43:22,false,"Indoor Climbing","--","433","01:16:12","117","164","2.1","--","--","--","--","90","--","--","--","--","--","--","--","--","--","--","--","0.0","--","--","--","--","--","--","--","--","--","--","--","--","152","--","--","10","19:07","11","7","90","5","57:02","'-9","25.0","No","01:16:12","1","29.0","--","--","--","--","--","--","--","--","00:00:00","01:16:12","17","31"
Indoor Climbing,2024-03-24 14:14:28,false,"Indoor Climbing","--","744","02:03:07","127","172","3.0","--","--","--","--","79","--","--","--","--","--","--","--","--","--","--","--","0.0","--","--","--","--","--","--","--","--","--","--","--","--","710","--","--","7","25:48","12","7","79","--","1:37:18","'-17","25.0","No","02:03:07","1","29.0","--","--","--","--","--","--","--","--","00:00:00","02:03:07","17","31"
Running,2024-03-23 18:23:25,false,"Gothenburg Running","2.26","177","00:20:07","144","164","2.4","166","174","8:54","6:04","12","11","0.68","10.6","7.2","302","--","8:51","--","--","259","--","0.0","--","257","--","--","--","--","374","--","--","--","--","--","3,320","--","--","--","--","--","--","--","--","--","'-5","15.0","No","00:02:22.7","3","29.0","--","--","--","--","--","--","--","--","00:20:06","00:20:07","6","17"
Indoor Climbing,2024-03-22 11:20:07,false,"Indoor Climbing","--","269","00:35:59","129","166","2.6","--","--","--","--","58","--","--","--","--","--","--","--","--","--","--","--","0.0","--","--","--","--","--","--","--","--","--","--","--","--","274","--","--","8","15:10","12","5","58","4","20:47","'-7","25.0","No","00:35:59","1","27.0","--","--","--","--","--","--","--","--","00:00:00","00:36:04","70","83"
Pool Swim,2024-03-19 19:01:06,false,"Pool Swimming","1,275","448","00:57:49","133","181","3.6","--","--","2:33","1:01","--","--","--","--","--","--","--","--","--","--","--","--","0.0","--","--","--","--","--","--","--","--","--","697","52","21","--","--","--","--","--","--","--","--","--","--","--","--","No","00:00:01.3","21","--","--","--","--","--","--","--","--","--","00:32:36","00:58:02","--","--"
Indoor Climbing,2024-03-15 15:48:04,false,"Indoor Climbing","--","404","00:46:39","142","181","3.8","--","--","--","--","70","--","--","--","--","--","--","--","--","--","--","--","0.0","--","--","--","--","--","--","--","--","--","--","--","--","248","--","--","11","16:21","9","7","70","4","30:15","'-11","26.0","No","00:46:39","1","29.0","--","--","--","--","--","--","--","--","00:00:00","00:46:39","21","31"
Indoor Climbing,2024-03-10 12:32:58,false,"Indoor Climbing","--","563","01:23:31","128","175","3.1","--","--","--","--","92","--","--","--","--","--","--","--","--","--","--","--","0.0","--","--","--","--","--","--","--","--","--","--","--","--","480","--","--","11","26:30","14","11","92","--","56:58","'-17","26.0","No","01:23:31","1","28.0","--","--","--","--","--","--","--","--","00:00:00","01:48:14","20","35"
Running,2024-03-08 12:05:39,false,"Gothenburg Running","2.88","232","00:24:32","159","178","3.1","165","191","8:31","7:00","19","19","0.72","10.3","7.4","302","--","8:28","--","--","269","--","0.0","--","266","--","--","--","--","401","--","--","--","--","--","4,028","--","--","--","--","--","--","--","--","--","'-8","18.0","No","00:07:25.6","3","27.0","--","--","--","--","--","--","--","--","00:24:31","00:24:32","6","19"
Indoor Climbing,2024-03-05 20:13:59,false,"Indoor Climbing","--","430","00:46:25","146","189","4.1","--","--","--","--","85","--","--","--","--","--","--","--","--","--","--","--","0.0","--","--","--","--","--","--","--","--","--","--","--","--","278","--","--","10","16:31","11","9","85","1","29:51","'-13","26.0","No","00:46:25","1","29.0","--","--","--","--","--","--","--","--","00:00:00","00:46:26","18","31"
Running,2024-03-04 18:25:39,false,"Gothenburg - Base","2.25","174","00:20:19","144","161","2.6","166","176","9:02","7:25","12","12","0.67","10.7","7.1","302","--","9:02","--","--","260","--","0.0","--","257","--","--","--","--","394","--","--","--","--","--","3,370","--","--","--","--","--","--","--","--","--","'-4","17.0","No","00:02:04.4","3","28.0","--","--","--","--","--","--","--","--","00:20:18","00:20:19","7","18"
Running,2024-02-28 17:17:55,false,"Gothenburg - Base","2.06","167","00:16:43","154","167","2.8","171","178","8:08","6:08","21","13","0.71","10.0","7.1","289","--","8:07","--","--","279","--","0.0","--","275","--","--","--","--","407","--","--","--","--","--","2,870","--","--","--","--","--","--","--","--","--","'-5","14.0","No","00:00:28.1","3","27.0","--","--","--","--","--","--","--","--","00:16:42","00:16:43","3","18"
Indoor Climbing,2024-02-18 14:37:16,false,"Indoor Climbing","--","414","01:16:05","119","189","2.4","--","--","--","--","40","--","--","--","--","--","--","--","--","--","--","--","0.0","--","--","--","--","--","--","--","--","--","--","--","--","410","--","--","4","11:35","12","3","40","1","1:04:28","'-6","28.0","No","01:16:05","1","30.0","--","--","--","--","--","--","--","--","00:00:00","01:16:05","85","107"
Indoor Climbing,2024-02-17 15:41:54,false,"Indoor Climbing","--","493","01:20:37","122","170","2.5","--","--","--","--","74","--","--","--","--","--","--","--","--","--","--","--","0.0","--","--","--","--","--","--","--","--","--","--","--","--","390","--","--","6","16:58","16","5","74","1","1:03:38","'-8","25.0","No","01:20:37","1","30.0","--","--","--","--","--","--","--","--","00:00:00","01:20:39","'-28","'-10"
Indoor Climbing,2024-02-11 12:43:03,false,"Indoor Climbing","--","691","02:20:42","115","185","2.2","--","--","--","--","101","--","--","--","--","--","--","--","--","--","--","--","0.0","--","--","--","--","--","--","--","--","--","--","--","--","640","--","--","12","38:14","15","--","101","--","1:42:24","'-10","26.0","No","02:20:42","1","28.0","--","--","--","--","--","--","--","--","00:00:00","02:31:08","26","41"
Bouldering,2024-02-09 14:20:10,false,"Bouldering","--","394","00:44:29","140","179","3.1","--","--","--","--","--","--","--","--","--","--","--","--","--","--","--","--","0.0","--","--","--","--","--","--","--","--","--","--","--","--","522","--","--","9","10:42","--","--","--","--","33:46","'-9","--","No","00:44:29","1","--","--","--","--","--","--","--","--","--","00:00:00","00:44:47","--","--"
Running,2024-02-08 17:54:33,false,"Gothenburg Running","1.64","131","00:14:18","157","183","2.2","167","179","8:42","4:32","13","9","0.69","10.5","7.2","299","--","8:41","--","--","262","--","0.0","--","260","--","--","--","--","507","--","--","--","--","--","2,390","--","--","--","--","--","--","--","--","--","'-3","13.0","No","00:05:26.4","2","28.0","--","--","--","--","--","--","--","--","00:14:16","00:14:18","11","21"
Indoor Climbing,2024-02-06 18:59:10,false,"Indoor Climbing","--","342","00:42:18","137","181","3.1","--","--","--","--","79","--","--","--","--","--","--","--","--","--","--","--","0.0","--","--","--","--","--","--","--","--","--","--","--","--","250","--","--","10","16:08","11","--","79","--","26:08","'-8","26.0","No","00:42:18","1","29.0","--","--","--","--","--","--","--","--","00:00:00","00:42:18","37","53"
Indoor Climbing,2024-02-04 12:33:13,false,"Indoor Climbing","--","534","01:49:47","113","179","2.3","--","--","--","--","117","--","--","--","--","--","--","--","--","--","--","--","0.0","--","--","--","--","--","--","--","--","--","--","--","--","424","--","--","20","22:23","15","--","117","--","1:27:17","'-9","27.0","No","01:49:47","1","30.0","--","--","--","--","--","--","--","--","00:00:00","02:17:57","24","42"
Running,2024-02-03 14:58:56,false,"Gothenburg Running","2.29","181","00:19:22","154","178","2.7","163","171","8:28","5:09","19","18","0.73","10.3","7.5","304","--","8:22","--","--","278","--","0.0","--","275","--","--","--","--","431","--","--","--","--","--","3,142","--","--","--","--","--","--","--","--","--","'-5","13.0","No","00:02:27.0","3","29.0","--","--","--","--","--","--","--","--","00:19:20","00:19:22","6","19"
Indoor Climbing,2024-02-02 12:03:00,false,"Indoor Climbing","--","262","00:40:08","121","174","2.4","--","--","--","--","90","--","--","--","--","--","--","--","--","--","--","--","0.0","--","--","--","--","--","--","--","--","--","--","--","--","366","--","--","10","15:14","12","--","90","--","24:53","'-7","23.0","No","00:40:08","1","26.0","--","--","--","--","--","--","--","--","00:00:00","00:40:08","38","53"
Running,2024-01-29 19:40:10,false,"Gothenburg Running","2.20","168","00:20:13","148","159","2.4","163","169","9:11","5:01","12","14","0.67","10.8","7.2","306","--","9:09","--","--","250","--","0.0","--","247","--","--","--","--","413","--","--","--","--","--","3,304","--","--","--","--","--","--","--","--","--","'-4","16.0","No","00:01:51.9","3","28.0","--","--","--","--","--","--","--","--","00:20:03","00:20:13","7","17"
Indoor Climbing,2024-01-27 12:58:46,false,"Indoor Climbing","--","373","00:48:01","135","170","3.3","--","--","--","--","12","--","--","--","--","--","--","--","--","--","--","--","0.0","--","--","--","--","--","--","--","--","--","--","--","--","564","--","--","3","2:34","5","--","12","--","45:27","'-13","25.0","No","00:48:01","1","28.0","--","--","--","--","--","--","--","--","00:00:00","00:48:01","16","27"
Indoor Climbing,2024-01-24 19:02:22,false,"Indoor Climbing","--","342","00:47:08","130","176","3.0","--","--","--","--","59","--","--","--","--","--","--","--","--","--","--","--","0.0","--","--","--","--","--","--","--","--","--","--","--","--","112","--","--","9","12:27","9","--","59","--","34:39","'-8","24.0","No","00:47:08","1","29.0","--","--","--","--","--","--","--","--","00:00:00","00:47:08","29","42"
Running,2024-01-22 17:18:24,false,"Gothenburg Running","0.89","69","00:08:20.0","140","155","2.0","163","172","9:21","7:48","12","10","0.66","10.9","7.1","306","--","9:13","--","--","263","--","0.0","--","256","--","--","--","--","358","--","--","--","--","--","1,366","--","--","--","--","--","--","--","--","--","'-2","17.0","No","00:08:20.0","1","28.0","--","--","--","--","--","--","--","--","00:08:20","00:08:20.0","9","15"
Indoor Climbing,2024-01-21 11:36:28,false,"Indoor Climbing","--","584","01:53:03","118","176","2.5","--","--","--","--","72","--","--","--","--","--","--","--","--","--","--","--","0.0","--","--","--","--","--","--","--","--","--","--","--","--","480","--","--","9","26:59","13","--","72","--","1:26:03","'-10","24.0","No","01:53:03","1","28.0","--","--","--","--","--","--","--","--","00:00:00","01:53:03","69","92"
Indoor Climbing,2024-01-19 13:45:56,false,"Indoor Climbing","--","644","01:32:38","134","190","3.6","--","--","--","--","111","--","--","--","--","--","--","--","--","--","--","--","0.0","--","--","--","--","--","--","--","--","--","--","--","--","902","--","--","13","22:07","10","--","111","--","1:10:27","'-18","24.0","No","01:32:38","1","29.0","--","--","--","--","--","--","--","--","00:00:00","01:32:38","'-53","'-18"
Indoor Climbing,2024-01-15 18:54:00,false,"Indoor Climbing","--","435","01:04:53","127","181","3.1","--","--","--","--","57","--","--","--","--","--","--","--","--","--","--","--","0.0","--","--","--","--","--","--","--","--","--","--","--","--","416","--","--","7","10:49","12","--","57","--","54:03","'-11","25.0","No","01:04:53","1","29.0","--","--","--","--","--","--","--","--","00:00:00","01:04:53","'-22","'-5"
Indoor Climbing,2024-01-12 16:32:35,false,"Indoor Climbing","--","569","01:34:51","126","184","3.2","--","--","--","--","68","--","--","--","--","--","--","--","--","--","--","--","0.0","--","--","--","--","--","--","--","--","--","--","--","--","958","--","--","6","13:50","13","--","68","--","1:21:00","'-11","24.0","No","01:34:51","1","29.0","--","--","--","--","--","--","--","--","00:00:00","01:34:51","29","47"
Bouldering,2024-01-09 19:13:00,false,"Klättring","0.00","1,274","01:16:00","--","--","--","--","--","--","--","--","--","--","--","--","--","--","--","--","--","--","--","0.0","--","--","--","--","--","--","--","--","--","--","--","--","--","--","--","--","--","--","--","--","--","--","--","--","No","01:16:00","1","--","--","--","--","--","--","--","--","--","--:--:--","01:16:00","--","--"
Running,2024-01-01 13:17:37,false,"Gothenburg Running","0.83","63","00:07:29.2","138","154","2.0","167","174","9:04","6:41","10","10","0.67","10.5","7.1","297","--","9:01","--","--","264","--","0.0","--","254","--","--","--","--","386","--","--","--","--","--","1,262","--","--","--","--","--","--","--","--","--","'-2","20.0","No","00:07:29.2","1","28.0","--","--","--","--","--","--","--","--","00:07:16","00:07:29.2","12","17"
Running,2023-12-22 17:44:00,false,"Gothenburg Running","0.94","73","00:07:50.4","137","154","2.2","170","178","8:23","7:24","7","4","0.71","10.1","7.2","293","--","8:14","--","--","272","--","0.0","--","270","--","--","--","--","360","--","--","--","--","--","1,328","--","--","--","--","--","--","--","--","--","'-2","18.0","No","00:07:50.4","1","29.0","--","--","--","--","--","--","--","--","00:07:50","00:07:50.4","11","14"
Indoor Climbing,2023-12-10 13:14:39,false,"Indoor Climbing","--","551","02:01:53","110","161","1.6","--","--","--","--","87","--","--","--","--","--","--","--","--","--","--","--","0.0","--","--","--","--","--","--","--","--","--","--","--","--","628","--","--","8","33:25","21","--","87","--","1:28:25","--","24.0","No","02:01:53","1","28.0","--","--","--","--","--","--","--","--","00:00:00","02:01:53","23","41"
Indoor Climbing,2023-12-07 18:14:49,false,"Indoor Climbing","--","738","02:05:24","127","190","3.3","--","--","--","--","77","--","--","--","--","--","--","--","--","--","--","--","0.0","--","--","--","--","--","--","--","--","--","--","--","--","1,072","--","--","9","18:41","11","--","77","--","1:46:42","'-20","24.0","No","02:05:24","1","29.0","--","--","--","--","--","--","--","--","00:00:00","02:05:28","15","30"
Running,2023-12-05 10:10:34,false,"Gothenburg Running","0.90","70","00:07:47.7","131","145","2.1","169","212","8:37","6:00","5","2","0.70","10.3","7.2","295","--","8:30","--","--","267","--","0.0","--","264","--","--","--","--","375","--","--","--","--","--","1,314","--","--","--","--","--","--","--","--","--","'-2","15.0","No","00:07:47.7","1","28.0","--","--","--","--","--","--","--","--","00:07:47","00:07:47.7","10","14"
Indoor Climbing,2023-12-03 12:28:35,false,"Indoor Climbing","--","545","01:57:57","111","167","2.0","--","--","--","--","60","--","--","--","--","--","--","--","--","--","--","--","0.0","--","--","--","--","--","--","--","--","--","--","--","--","814","--","--","6","16:54","12","--","60","--","1:41:01","'-11","24.0","No","01:57:57","1","28.0","--","--","--","--","--","--","--","--","00:00:00","01:57:57","'-1","12"
Indoor Climbing,2023-12-01 11:44:09,false,"Indoor Climbing","--","418","01:02:02","130","186","3.1","--","--","--","--","92","--","--","--","--","--","--","--","--","--","--","--","0.0","--","--","--","--","--","--","--","--","--","--","--","--","326","--","--","11","20:20","13","--","92","--","41:39","'-12","23.0","No","01:02:02","1","28.0","--","--","--","--","--","--","--","--","00:00:00","01:02:03","22","34"
Indoor Climbing,2023-11-26 14:32:28,false,"Indoor Climbing","--","175","01:27:13","121","175","2.1","--","--","--","--","32","--","--","--","--","--","--","--","--","--","--","--","0.0","--","--","--","--","--","--","--","--","--","--","--","--","220","--","--","3","5:50","12","--","32","--","21:22","'-3","24.0","No","00:27:13","1","28.0","--","--","--","--","--","--","--","--","00:00:00","00:27:13","20","33"
Bouldering,2023-11-17 11:06:24,false,"Bouldering","--","279","00:36:11","133","169","2.4","--","--","--","--","--","--","--","--","--","--","--","--","--","--","--","--","0.0","--","--","--","--","--","--","--","--","--","--","--","--","368","--","--","11","17:04","--","--","--","--","19:06","'-7","--","No","00:00:08.5","22","--","--","--","--","--","--","--","--","--","00:00:00","00:37:16","--","--"
Running,2023-11-16 12:35:16,false,"Gothenburg Running","1.01","75","00:09:10.2","129","145","1.1","169","178","9:06","6:07","6","7","0.66","10.6","7.0","298","--","8:59","--","--","254","--","0.0","--","250","--","--","--","--","355","--","--","--","--","--","1,546","--","--","--","--","--","--","--","--","--","'-1","17.0","No","00:00:03.7","2","27.0","--","--","--","--","--","--","--","--","00:09:08.5","00:09:10.2","9","14"
Running,2023-11-15 11:36:02,false,"Gothenburg Running","1.03","75","00:10:36","134","151","0.7","159","167","10:20","6:51","7","8","0.60","11.6","7.0","317","--","10:21","--","--","224","--","0.0","--","221","--","--","--","--","356","--","--","--","--","--","1,692","--","--","--","--","--","--","--","--","--","'-1","16.0","No","00:00:13.9","2","26.0","--","--","--","--","--","--","--","--","00:10:34","00:10:36","9","15"
Indoor Climbing,2023-11-14 16:37:42,false,"Indoor Climbing","--","345","00:46:32","133","172","2.5","--","--","--","--","103","--","--","--","--","--","--","--","--","--","--","--","0.0","--","--","--","--","--","--","--","--","--","--","--","--","190","--","--","11","20:47","11","--","103","--","25:43","'-5","23.0","No","00:46:32","1","29.0","--","--","--","--","--","--","--","--","00:00:00","00:46:32","11","25"
Running,2023-11-12 18:00:02,false,"Gothenburg Running","2.21","168","00:14:47","154","182","3.1","162","179","6:42","5:12","12","13","0.92","9.2","8.3","293","--","6:43","--","--","330","--","0.0","--","322","--","--","--","--","437","--","--","--","--","--","2,404","--","--","--","--","--","--","--","--","--","'-4","14.0","No","00:01:07.9","3","28.0","--","--","--","--","--","--","--","--","00:14:46","00:14:47","5","17"
Running,2023-11-11 11:55:24,false,"Gothenburg Running","2.21","166","00:20:14","135","152","2.1","165","187","9:10","6:38","10","12","0.66","10.8","7.1","303","--","9:08","--","--","247","--","0.0","--","243","--","--","--","--","339","--","--","--","--","--","3,348","--","--","--","--","--","--","--","--","--","'-5","19.0","No","00:01:57.7","3","25.0","--","--","--","--","--","--","--","--","00:20:13","00:20:14","7","17"
Running,2023-11-09 12:07:32,false,"Gothenburg Running","1.93","143","00:17:07","134","145","2.0","166","173","8:51","7:44","19","8","0.68","10.6","7.2","301","--","8:51","--","--","253","--","0.0","--","249","--","--","--","--","394","--","--","--","--","--","2,846","--","--","--","--","--","--","--","--","--","'-3","17.0","No","00:08:15.7","2","26.0","--","--","--","--","--","--","--","--","00:17:05","00:17:07","6","18"
Running,2023-11-08 12:07:46,false,"Gothenburg Running","2.33","169","00:23:58","134","145","1.3","160","168","10:18","6:34","13","11","0.61","11.5","7.0","318","--","10:13","--","--","223","--","0.0","--","222","--","--","--","--","340","--","--","--","--","--","3,822","--","--","--","--","--","--","--","--","--","'-3","18.0","No","00:03:20.7","3","28.0","--","--","--","--","--","--","--","--","00:23:56","00:23:58","6","17"
Running,2023-11-06 12:02:35,false,"Gothenburg Running","2.29","163","00:24:03","128","140","1.2","164","169","10:31","7:21","13","13","0.58","11.7","6.8","311","--","10:31","--","--","219","--","0.0","--","218","--","--","--","--","329","--","--","--","--","--","3,936","--","--","--","--","--","--","--","--","--","'-3","21.0","No","00:02:59.4","3","28.0","--","--","--","--","--","--","--","--","00:24:02","00:24:03","6","16"
Indoor Climbing,2023-11-05 12:06:33,false,"Indoor Climbing","--","465","01:24:20","121","174","2.1","--","--","--","--","84","--","--","--","--","--","--","--","--","--","--","--","0.0","--","--","--","--","--","--","--","--","--","--","--","--","558","--","--","8","15:30","12","--","84","--","1:08:49","'-8","25.0","No","01:24:20","1","30.0","--","--","--","--","--","--","--","--","00:00:00","01:24:20","18","31"
Running,2023-11-04 13:01:16,false,"Gothenburg - Base","3.19","253","00:26:51","145","164","2.6","164","190","8:25","6:34","24","24","0.73","10.3","7.5","301","--","8:19","--","--","268","--","0.0","--","263","--","--","--","--","410","--","--","--","--","--","4,418","--","--","--","--","--","--","--","--","--","'-6","18.0","No","00:01:35.7","4","27.0","--","--","--","--","--","--","--","--","00:26:50","00:26:51","4","14"
Running,2023-11-03 09:08:37,false,"Borås - Base","11.03","887","01:36:50","155","176","3.6","166","196","8:47","6:13","163","164","0.69","10.6","7.2","302","--","8:39","--","--","272","--","0.0","--","263","--","--","--","--","424","--","--","--","--","--","16,030","--","--","--","--","--","--","--","--","--","'-18","19.0","No","00:00:33.3","12","30.0","--","--","--","--","--","--","--","--","01:36:46","01:36:50","256","325"
Running,2023-11-01 12:06:31,false,"Gothenburg - Recovery","2.59","188","00:26:04","129","147","1.5","160","174","10:03","6:38","16","16","0.62","11.3","7.0","313","--","10:00","--","--","229","--","0.0","--","225","--","--","--","--","333","--","--","--","--","--","4,178","--","--","--","--","--","--","--","--","--","'-3","16.0","No","00:00:03.6","4","27.0","--","--","--","--","--","--","--","--","00:25:59","00:26:04","7","18"
Running,2023-10-31 17:11:23,false,"Gothenburg - Threshold","4.89","389","00:36:03","159","180","3.7","163","170","7:22","5:52","34","34","0.83","9.6","8.0","298","--","7:23","--","--","310","--","0.0","--","298","--","--","--","--","440","--","--","--","--","--","5,846","--","--","--","--","--","--","--","--","--","'-8","12.0","No","00:00:02.6","8","26.0","--","--","--","--","--","--","--","--","00:36:01","00:36:03","4","33"
Pool Swim,2023-10-30 18:10:11,false,"Pool Swimming","1,050","345","00:41:41","137","176","2.7","--","--","2:40","1:23","--","--","--","--","--","--","--","--","--","--","--","--","0.0","--","--","--","--","--","--","--","--","--","600","54","21","--","--","--","--","--","--","--","--","--","--","--","--","No","00:00:01.1","33","--","--","--","--","--","--","--","--","--","00:27:59","00:41:54","--","--"
Running,2023-10-30 11:57:27,false,"Gothenburg Running","2.30","167","00:23:20","130","141","1.4","164","174","10:09","8:09","16","15","0.60","11.5","6.9","311","--","10:06","--","--","229","--","0.0","--","227","--","--","--","--","312","--","--","--","--","--","3,812","--","--","--","--","--","--","--","--","--","'-3","20.0","No","00:02:59.1","3","28.0","--","--","--","--","--","--","--","--","00:23:19","00:23:20","6","18"
Indoor Climbing,2023-10-29 13:36:28,false,"Grepp Lerum","--","522","01:36:03","117","159","1.7","--","--","--","--","66","--","--","--","--","--","--","--","--","--","--","--","0.0","--","--","--","--","--","--","--","--","--","--","--","--","924","--","--","4","58:14","33","--","66","--","37:48","'-9","27.0","No","01:36:03","1","30.0","--","--","--","--","--","--","--","--","00:00:00","02:19:55","48","74"
Running,2023-10-28 09:59:45,false,"Gothenburg Running","2.27","164","00:24:54","133","140","1.0","156","161","10:57","8:05","14","12","0.59","11.9","6.9","326","--","10:53","--","--","216","--","0.0","--","214","--","--","--","--","325","--","--","--","--","--","3,858","--","--","--","--","--","--","--","--","--","'-3","15.0","No","00:02:57.5","3","28.0","--","--","--","--","--","--","--","--","00:24:52","00:24:54","6","18"
Indoor Climbing,2023-10-27 11:28:25,false,"Indoor Climbing","--","443","01:12:53","123","167","2.1","--","--","--","--","10","--","--","--","--","--","--","--","--","--","--","--","0.0","--","--","--","--","--","--","--","--","--","--","--","--","434","--","--","3","3:49","4","--","10","--","1:09:03","'-7","26.0","No","01:12:53","1","29.0","--","--","--","--","--","--","--","--","00:00:00","01:12:53","'-7","'-3"
Running,2023-10-26 11:42:34,false,"Gothenburg - Anaerobic","6.38","500","00:54:12","156","179","3.2","163","206","8:30","4:12","45","42","0.72","10.5","7.4","306","--","8:29","--","--","289","--","0.0","--","269","--","--","--","--","552","--","--","--","--","--","8,764","--","--","--","--","--","--","--","--","--","'-8","14.0","No","00:00:40","18","29.0","--","--","--","--","--","--","--","--","00:54:10","00:54:12","6","15"
Running,2023-10-25 12:12:30,false,"Gothenburg - Base","4.38","353","00:36:03","153","169","3.0","166","200","8:13","7:00","37","34","0.73","10.1","7.5","299","--","8:10","--","--","282","--","0.0","--","277","--","--","--","--","431","--","--","--","--","--","5,962","--","--","--","--","--","--","--","--","--","'-7","12.0","No","00:00:03.2","6","27.0","--","--","--","--","--","--","--","--","00:36:02","00:36:03","5","14"
Running,2023-10-24 16:29:55,false,"Gothenburg - Base","4.15","351","00:35:38","155","181","3.1","162","195","8:35","7:09","81","80","0.72","10.1","7.2","297","--","8:08","--","--","281","--","0.0","--","269","--","--","--","--","467","--","--","--","--","--","5,798","--","--","--","--","--","--","--","--","--","'-6","15.0","No","00:04:37.7","5","24.0","--","--","--","--","--","--","--","--","00:35:34","00:35:38","11","79"
Running,2023-10-23 12:40:31,false,"Gothenburg Running","2.28","166","00:23:45","135","145","1.3","164","171","10:25","8:05","13","12","0.59","11.6","6.8","311","--","10:22","--","--","224","--","0.0","--","222","--","--","--","--","334","--","--","--","--","--","3,880","--","--","--","--","--","--","--","--","--","'-3","20.0","No","00:03:04.1","3","28.0","--","--","--","--","--","--","--","--","00:23:44","00:23:45","7","17"
Indoor Climbing,2023-10-22 11:17:37,false,"Indoor Climbing","--","325","00:43:35","132","189","2.7","--","--","--","--","46","--","--","--","--","--","--","--","--","--","--","--","0.0","--","--","--","--","--","--","--","--","--","--","--","--","426","--","--","5","9:39","13","--","46","--","33:55","'-7","24.0","No","00:43:35","1","28.0","--","--","--","--","--","--","--","--","00:00:00","00:43:35","22","36"
Running,2023-10-21 13:53:22,false,"Borås - Base","3.77","307","00:31:06","151","176","3.0","168","185","8:15","7:05","59","52","0.72","10.2","7.3","296","--","8:09","--","--","289","--","0.0","--","279","--","--","--","--","428","--","--","--","--","--","5,228","--","--","--","--","--","--","--","--","--","'-7","12.0","No","00:00:06.1","5","27.0","--","--","--","--","--","--","--","--","00:31:05","00:31:06","269","293"
Running,2023-10-20 10:46:21,false,"Gothenburg - Base","10.11","795","01:27:06","152","173","3.5","167","180","8:37","6:04","78","71","0.70","10.4","7.3","299","--","8:34","--","--","269","--","0.0","--","264","--","--","--","--","486","--","--","--","--","--","14,494","--","--","--","--","--","--","--","--","--","'-18","17.0","No","00:00:53.0","11","28.0","--","--","--","--","--","--","--","--","01:27:03","01:27:09","4","27"
Breathwork,2023-10-19 14:55:21,false,"Relax and Focus (Short)","--","--","00:05:34","102","119","0.1","--","--","--","--","--","--","--","--","--","--","--","--","--","--","--","--","0.0","--","--","--","--","--","--","--","--","--","--","--","--","--","--","--","--","--","--","--","--","--","--","'-1","--","No","00:00:04","77","--","4","3","6","'-32","96","64","81","98","00:00:00","00:05:34","--","--"
Running,2023-10-19 12:23:30,false,"Gothenburg Running","3.69","298","00:26:26","163","186","3.7","163","187","7:10","5:43","33","31","0.86","9.5","8.1","296","--","7:07","--","--","324","--","0.0","--","313","--","--","--","--","513","--","--","--","--","--","4,318","--","--","--","--","--","--","--","--","--","'-8","17.0","No","00:05:12.3","4","27.0","--","--","--","--","--","--","--","--","00:26:13","00:26:26","5","14"
Running,2023-10-17 18:38:30,false,"Gothenburg - Base","4.15","320","00:37:30","152","164","2.5","161","175","9:02","7:26","35","36","0.69","10.7","7.4","311","--","9:01","--","--","256","--","0.0","--","253","--","--","--","--","361","--","--","--","--","--","6,016","--","--","--","--","--","--","--","--","--","'-5","20.0","No","00:04:30.3","5","27.0","--","--","--","--","--","--","--","--","00:37:29","00:37:30","5","32"
Running,2023-10-16 11:56:53,false,"Gothenburg - Threshold","3.51","281","00:27:07","158","187","3.5","165","199","7:44","5:58","23","27","0.79","9.9","7.7","297","--","7:41","--","--","295","--","0.0","--","283","--","--","--","--","457","--","--","--","--","--","4,466","--","--","--","--","--","--","--","--","--","'-7","18.0","No","00:00:40.4","6","28.0","--","--","--","--","--","--","--","--","00:27:05","00:27:07","4","14"
Hiking,2023-10-15 11:04:10,false,"Gothenburg Hiking","13.02","929","03:53:53","105","143","1.1","74","188","17:58","6:19","329","280","0.77","--","--","--","--","--","--","--","--","--","0.0","--","--","--","--","--","--","--","--","--","--","--","--","18,496","--","--","--","--","--","--","--","--","--","'-11","--","No","00:20:43","3","--","--","--","--","--","--","--","--","--","03:02:44","03:53:53","12","105"
Running,2023-10-14 08:37:13,false,"Gothenburg Running","3.77","298","00:34:48","146","160","2.4","162","214","9:14","7:09","49","51","0.67","10.9","7.2","310","--","9:11","--","--","258","--","0.0","--","253","--","--","--","--","387","--","--","--","--","--","5,636","--","--","--","--","--","--","--","--","--","'-5","20.0","No","00:07:45.2","4","28.0","--","--","--","--","--","--","--","--","00:34:46","00:34:48","3","15"
Indoor Climbing,2023-10-13 16:30:33,false,"Indoor Climbing","--","551","01:24:08","132","169","2.8","--","--","--","--","30","--","--","--","--","--","--","--","--","--","--","--","0.0","--","--","--","--","--","--","--","--","--","--","--","--","554","--","--","6","14:39","14","--","30","--","1:09:26","'-8","25.0","No","01:24:08","1","30.0","--","--","--","--","--","--","--","--","00:00:00","01:24:08","16","40"
Running,2023-10-12 12:21:36,false,"Gothenburg Running","2.25","170","00:21:17","141","152","2.0","165","171","9:27","7:23","25","26","0.64","11.0","7.1","305","--","9:28","--","--","251","--","0.0","--","246","--","--","--","--","373","--","--","--","--","--","3,512","--","--","--","--","--","--","--","--","--","'-2","18.0","No","00:02:27.2","3","26.0","--","--","--","--","--","--","--","--","00:21:03","00:21:17","5","18"
Running,2023-10-11 12:58:45,false,"Gothenburg - Threshold","4.53","363","00:35:03","162","187","3.7","170","204","7:44","5:52","33","35","0.76","9.8","7.4","289","--","7:43","--","--","305","--","0.0","--","292","--","--","--","--","497","--","--","--","--","--","5,954","--","--","--","--","--","--","--","--","--","'-9","19.0","No","00:00:03.1","8","26.0","38","24","45","--","--","--","--","--","00:35:01","00:35:03","5","22"
Running,2023-10-10 11:54:25,false,"Gothenburg Running","4.00","312","00:34:28","153","183","2.8","166","188","8:37","5:19","26","24","0.70","10.4","7.3","301","--","8:33","--","--","271","--","0.0","--","264","--","--","--","--","451","--","--","--","--","--","5,708","--","--","--","--","--","--","--","--","--","'-7","20.0","No","00:08:31.3","4","26.0","--","--","--","--","--","--","--","--","00:34:27","00:34:28","5","15"
Running,2023-10-09 17:05:07,false,"Gothenburg Running","3.36","267","00:27:46","146","159","2.8","165","183","8:16","7:03","21","21","0.74","10.2","7.5","300","--","8:15","--","--","275","--","0.0","--","271","--","--","--","--","426","--","--","--","--","--","4,576","--","--","--","--","--","--","--","--","--","'-5","18.0","No","00:02:48.9","4","27.0","--","--","--","--","--","--","--","--","00:27:32","00:27:46","4","18"
Running,2023-10-06 10:21:21,false,"Gothenburg - Base","8.30","681","01:11:30","159","182","3.7","168","222","8:37","7:00","101","100","0.69","10.4","7.2","299","--","8:29","--","--","280","--","0.0","--","273","--","--","--","--","441","--","--","--","--","--","11,956","--","--","--","--","--","--","--","--","--","'-13","21.0","No","00:02:35.7","9","28.0","--","--","--","--","--","--","--","--","01:11:28","01:11:30","7","66"
Running,2023-10-05 07:24:59,false,"Gothenburg Running","4.39","350","00:34:09","156","178","3.4","165","187","7:46","5:12","28","31","0.77","9.5","7.2","286","--","7:46","--","--","298","--","0.0","--","279","--","--","--","--","457","--","--","--","--","--","5,682","--","--","--","--","--","--","--","--","--","'-10","17.0","No","00:02:41.4","5","26.0","38","24","46","--","--","--","--","--","00:34:05","00:34:09","5","30"
Indoor Climbing,2023-10-04 11:15:08,false,"Indoor Climbing","--","361","00:57:44","121","170","2.2","--","--","--","--","55","--","--","--","--","--","--","--","--","--","--","--","0.0","--","--","--","--","--","--","--","--","--","--","--","--","472","--","--","8","14:08","11","--","55","--","43:33","'-7","24.0","No","00:20:58","2","29.0","--","--","--","--","--","--","--","--","00:00:00","00:57:44","15","27"
Running,2023-10-02 12:46:48,false,"Gothenburg Running","2.27","170","00:23:55","137","144","1.4","161","171","10:32","7:36","15","14","0.59","11.7","6.9","316","--","10:27","--","--","229","--","0.0","--","226","--","--","--","--","356","--","--","--","--","--","3,852","--","--","--","--","--","--","--","--","--","'-4","23.0","No","00:02:59.1","3","27.0","--","--","--","--","--","--","--","--","00:23:53","00:23:55","6","18"
Indoor Climbing,2023-10-01 12:53:44,false,"Indoor Climbing","--","502","01:31:20","123","189","2.1","--","--","--","--","56","--","--","--","--","--","--","--","--","--","--","--","0.0","--","--","--","--","--","--","--","--","--","--","--","--","518","--","--","6","14:14","12","--","56","--","1:17:04","'-10","26.0","No","01:31:20","1","30.0","--","--","--","--","--","--","--","--","00:00:00","01:57:15","19","33"
Running,2023-09-30 13:43:11,false,"Gothenburg Running","10.01","772","01:36:41","148","164","3.1","167","194","9:39","6:17","139","126","0.62","11.1","6.9","302","--","9:34","--","--","250","--","0.0","--","243","--","--","--","--","449","--","--","--","--","--","16,150","--","--","--","--","--","--","--","--","--","'-15","21.0","No","00:00:04.4","11","26.0","--","--","--","--","--","--","--","--","01:36:07","01:36:41","3","25"
Running,2023-09-28 12:00:15,false,"Gothenburg Running","2.77","208","00:27:05","138","147","2.0","167","173","9:47","7:09","19","20","0.62","11.2","6.9","305","--","9:44","--","--","238","--","0.0","--","236","--","--","--","--","313","--","--","--","--","--","4,490","--","--","--","--","--","--","--","--","--","'-5","24.0","No","00:07:36.4","3","30.0","--","--","--","--","--","--","--","--","00:27:04","00:27:05","9","24"
Indoor Climbing,2023-09-27 11:16:59,false,"Indoor Climbing","--","399","00:54:18","134","175","2.8","--","--","--","--","15","--","--","--","--","--","--","--","--","--","--","--","0.0","--","--","--","--","--","--","--","--","--","--","--","--","574","--","--","4","3:27","5","--","15","--","50:49","'-7","25.0","No","00:14:12","2","29.0","--","--","--","--","--","--","--","--","00:00:00","00:54:18","20","27"
Running,2023-09-26 20:17:53,false,"Gothenburg - Base","3.32","243","00:36:06","142","151","1.8","165","173","10:54","7:32","16","18","0.56","12.0","6.6","310","--","10:51","--","--","217","--","0.0","--","215","--","--","--","--","279","--","--","--","--","--","5,968","--","--","--","--","--","--","--","--","--","'-3","22.0","No","00:00:06.2","5","29.0","--","--","--","--","--","--","--","--","00:36:05","00:36:06","10","23"
Running,2023-09-25 12:14:00,false,"Gothenburg - Base","3.70","293","00:33:30","150","162","2.4","167","174","9:03","6:44","45","44","0.67","10.7","7.1","301","--","8:55","--","--","263","--","0.0","--","259","--","--","--","--","364","--","--","--","--","--","5,578","--","--","--","--","--","--","--","--","--","'-6","23.0","No","00:02:30.0","5","27.0","--","--","--","--","--","--","--","--","00:33:29","00:33:30","11","41"
Running,2023-09-24 10:06:56,false,"Gothenburg - Threshold","5.24","415","00:42:45","158","180","3.5","166","177","8:09","5:12","27","36","0.74","10.2","7.4","298","--","8:10","--","--","282","--","0.0","--","272","--","--","--","--","426","--","--","--","--","--","7,082","--","--","--","--","--","--","--","--","--","'-13","22.0","No","00:00:44.6","10","28.0","37","27","44","--","--","--","--","--","00:42:42","00:42:45","2","14"
Running,2023-09-23 11:37:29,false,"Gothenburg - Base","4.47","360","00:43:20","146","161","2.5","162","185","9:42","7:12","78","79","0.64","11.1","7.0","310","--","9:39","--","--","249","--","0.0","--","243","--","--","--","--","415","--","--","--","--","--","7,020","--","--","--","--","--","--","--","--","--","'-8","19.0","No","00:00:43.9","6","27.0","--","--","--","--","--","--","--","--","00:43:19","00:43:20","8","67"
Indoor Climbing,2023-09-21 18:02:12,false,"Indoor Climbing","--","793","02:12:39","129","171","2.6","--","--","--","--","48","--","--","--","--","--","--","--","--","--","--","--","0.0","--","--","--","--","--","--","--","--","--","--","--","--","1,128","--","--","8","10:33","12","--","48","--","2:02:03","'-8","27.0","No","02:12:39","1","31.0","--","--","--","--","--","--","--","--","00:00:00","02:12:39","54","69"
Running,2023-09-21 06:27:07,false,"Gothenburg - Base","3.88","301","00:35:39","146","158","2.5","166","177","9:12","6:59","26","24","0.66","10.8","7.1","303","--","9:06","--","--","250","--","0.0","--","247","--","--","--","--","331","--","--","--","--","--","5,908","--","--","--","--","--","--","--","--","--","'-8","23.0","No","00:02:38.9","5","30.0","--","--","--","--","--","--","--","--","00:35:38","00:35:39","4","17"
Running,2023-09-20 12:11:40,false,"Gothenburg Running","2.57","190","00:29:36","134","156","1.5","166","176","11:31","6:35","25","27","0.55","12.1","6.5","311","--","11:29","--","--","216","--","0.0","--","212","--","--","--","--","347","--","--","--","--","--","4,904","--","--","--","--","--","--","--","--","--","'-3","24.0","No","00:06:44.4","3","27.0","--","--","--","--","--","--","--","--","00:29:35","00:29:36","3","16"
Running,2023-09-19 12:51:19,false,"Gothenburg Running","0.10","6","00:00:47.4","142","148","0.2","93","185","7:59","5:51","--","--","0.86","8.1","6.9","322","--","9:58","--","--","267","--","0.0","--","174","--","--","--","--","406","--","--","--","--","--","116","--","--","--","--","--","--","--","--","--","--","26.0","No","00:00:47.4","1","27.0","29","26","33","--","--","--","--","--","00:00:37","00:00:52.8","12","13"
Running,2023-09-19 12:12:11,false,"Gothenburg - Lactate Threshold Test","3.70","295","00:27:52","160","181","3.4","166","187","7:31","4:56","43","53","0.79","9.4","7.3","284","--","7:31","--","--","320","--","0.0","--","295","--","--","--","--","698","--","--","--","--","--","4,648","--","--","--","--","--","--","--","--","--","'-7","19.0","No","00:00:21.7","8","24.0","38","23","44","--","--","--","--","--","00:27:47","00:27:52","13","34"
Running,2023-09-18 11:59:04,false,"Gothenburg Running","3.81","297","00:33:26","150","180","3.0","167","197","8:47","5:35","42","39","0.68","10.6","7.1","299","--","8:41","--","--","280","--","0.0","--","265","--","--","--","--","483","--","--","--","--","--","5,592","--","--","--","--","--","--","--","--","--","'-6","22.0","No","00:07:24.3","4","29.0","--","--","--","--","--","--","--","--","00:33:24","00:33:26","4","15"
Hiking,2023-09-17 11:22:40,false,"Partille Hiking","12.05","883","03:49:11","103","157","1.6","59","160","19:02","6:34","231","305","3.97","--","--","--","--","--","--","--","--","--","0.0","--","--","--","--","--","--","--","--","--","--","--","--","15,746","--","--","--","--","--","--","--","--","--","'-18","--","No","00:00:29.2","8","--","--","--","--","--","--","--","--","--","02:36:59","03:49:11","43","149"
Running,2023-09-16 11:38:55,false,"Gothenburg Running","2.26","163","00:24:58","130","142","1.2","160","169","11:03","8:38","15","13","0.57","12.0","6.8","319","--","11:00","--","--","214","--","0.0","--","213","--","--","--","--","291","--","--","--","--","--","3,992","--","--","--","--","--","--","--","--","--","'-5","26.0","No","00:02:53.7","3","30.0","--","--","--","--","--","--","--","--","00:24:57","00:24:58","7","19"
Running,2023-09-15 10:33:08,false,"Gothenburg Running","6.74","501","01:11:26","145","162","2.3","162","181","10:36","7:12","47","46","0.59","11.6","6.8","315","--","10:33","--","--","224","--","0.0","--","221","--","--","--","--","332","--","--","--","--","--","11,562","--","--","--","--","--","--","--","--","--","'-16","23.0","No","00:08:26.9","7","28.0","--","--","--","--","--","--","--","--","01:11:25","01:11:26","3","13"
Running,2023-09-14 11:53:34,false,"Gothenburg Running","2.22","161","00:25:06","128","135","1.1","165","174","11:19","6:34","12","12","0.54","12.3","6.6","311","--","11:15","--","--","212","--","0.0","--","211","--","--","--","--","338","--","--","--","--","--","4,152","--","--","--","--","--","--","--","--","--","'-3","22.0","No","00:02:32.6","3","27.0","--","--","--","--","--","--","--","--","00:25:05","00:25:06","7","19"
Indoor Climbing,2023-09-13 11:16:48,false,"Indoor Climbing","--","362","00:52:48","129","169","2.3","--","--","--","--","7","--","--","--","--","--","--","--","--","--","--","--","0.0","--","--","--","--","--","--","--","--","--","--","--","--","560","--","--","2","1:40","3","--","7","--","51:06","'-6","26.0","No","00:00:18.7","3","30.0","--","--","--","--","--","--","--","--","00:00:00","00:52:48","21","28"
Running,2023-09-12 18:10:02,false,"Gothenburg Running","2.62","194","00:30:39","132","139","1.3","168","177","11:41","7:14","21","23","0.53","12.2","6.3","307","--","11:36","--","--","209","--","0.0","--","207","--","--","--","--","327","--","--","--","--","--","5,110","--","--","--","--","--","--","--","--","--","'-5","23.0","No","00:07:12.1","3","29.0","--","--","--","--","--","--","--","--","00:30:38","00:30:39","5","17"
Running,2023-09-11 12:25:25,false,"Gothenburg - VO2 Max","5.02","408","00:40:03","160","191","3.9","151","200","7:59","4:38","39","30","0.80","9.2","7.0","278","--","7:59","--","--","310","--","0.0","--","258","--","--","--","--","508","--","--","--","--","--","6,256","--","--","--","--","--","--","--","--","--","'-12","26.0","No","00:00:02.6","17","29.0","--","--","--","--","--","--","--","--","00:39:40","00:40:08","11","35"
Running,2023-09-10 14:00:35,false,"Gothenburg Running","3.27","239","00:45:54","128","142","0.9","156","174","14:03","8:35","21","20","0.51","12.6","6.2","334","--","13:59","--","--","180","--","0.0","--","178","--","--","--","--","264","--","--","--","--","--","7,146","--","--","--","--","--","--","--","--","--","'-3","25.0","No","00:04:02.1","4","29.0","--","--","--","--","--","--","--","--","00:45:52","00:45:54","5","17"
Running,2023-09-09 08:23:11,false,"Borås - Base","3.59","271","00:36:02","142","151","2.1","169","176","10:02","7:38","36","34","0.59","11.4","6.7","302","--","10:00","--","--","233","--","0.0","--","231","--","--","--","--","295","--","--","--","--","--","6,096","--","--","--","--","--","--","--","--","--","'-4","24.0","No","00:00:02.1","5","28.0","--","--","--","--","--","--","--","--","00:36:01","00:36:02","290","312"
Running,2023-09-08 09:11:48,false,"Gothenburg - Base","8.54","708","01:33:54","154","184","2.8","169","184","11:00","7:25","103","86","0.54","11.9","6.5","305","--","10:47","--","--","225","--","0.0","--","219","--","--","--","--","359","--","--","--","--","--","15,870","--","--","--","--","--","--","--","--","--","--","23.0","No","00:01:03.9","10","31.0","--","--","--","--","--","--","--","--","01:33:53","01:33:54","4","62"
Running,2023-09-07 06:43:50,false,"Gothenburg Running","2.53","185","00:29:52","130","139","1.2","169","186","11:49","8:07","17","19","0.50","12.3","6.1","300","--","11:43","--","--","204","--","0.0","--","200","--","--","--","--","300","--","--","--","--","--","5,078","--","--","--","--","--","--","--","--","--","--","22.0","No","00:06:24.8","3","28.0","--","--","--","--","--","--","--","--","00:29:47","00:29:52","5","18"
Strength Training,2023-09-06 20:42:24,false,"Strength","0.00","8","00:02:44.4","84","117","0.0","--","--","--","--","--","--","--","--","--","--","--","--","--","--","--","--","0.0","--","--","--","--","--","--","--","--","--","--","--","--","42","21","2","--","--","--","--","--","--","--","--","--","No","00:02:44.4","1","--","--","--","--","--","--","--","--","--","00:01:04.5","00:02:44.4","--","--"
Running,2023-09-06 07:01:50,false,"Gothenburg Running","2.28","169","00:28:45","133","141","1.0","170","180","12:37","7:14","13","12","0.49","12.7","6.1","308","--","12:31","--","--","196","--","0.0","--","195","--","--","--","--","294","--","--","--","--","--","4,886","--","--","--","--","--","--","--","--","--","--","22.0","No","00:03:39.2","3","28.0","--","--","--","--","--","--","--","--","00:28:44","00:28:45","6","16"
Running,2023-09-05 06:35:35,false,"Gothenburg - Threshold","6.48","523","00:56:24","157","202","3.4","165","190","8:42","4:27","61","57","0.69","9.9","6.6","285","--","8:37","--","--","292","--","0.0","--","250","--","--","--","--","739","--","--","--","--","--","9,444","--","--","--","--","--","--","--","--","--","--","21.0","No","00:00:06.6","13","28.0","37","24","44","--","--","--","--","--","00:56:18","00:56:24","6","42"
Running,2023-09-04 12:07:57,false,"Gothenburg Running","2.26","174","00:31:22","130","138","0.8","174","189","13:54","8:59","10","14","0.48","12.4","5.8","305","--","13:56","--","--","190","--","0.0","--","188","--","--","--","--","260","--","--","--","--","--","5,458","--","--","--","--","--","--","--","--","--","--","28.0","No","00:04:07.6","3","32.0","33","22","40","--","--","--","--","--","00:31:21","00:31:22","7","17"
Indoor Climbing,2023-09-03 11:17:24,false,"Indoor Climbing","--","748","02:27:45","120","172","2.4","--","--","--","--","89","--","--","--","--","--","--","--","--","--","--","--","0.0","--","--","--","--","--","--","--","--","--","--","--","--","564","--","--","10","22:01","13","--","89","--","2:05:42","--","26.0","No","02:27:45","1","31.0","--","--","--","--","--","--","--","--","00:00:00","02:58:01","7","29"
Running,2023-09-02 10:10:32,false,"Gothenburg Running","4.47","377","01:06:04","133","174","2.2","156","187","14:47","7:56","80","75","0.52","12.3","5.9","315","--","15:02","--","--","179","--","0.0","--","173","--","--","--","--","544","--","--","--","--","--","10,518","--","--","--","--","--","--","--","--","--","--","24.0","No","00:06:41.4","5","30.0","33","21","40","--","--","--","--","--","01:03:10","01:06:04","12","77"
Indoor Climbing,2023-09-01 11:22:52,false,"Indoor Climbing","--","509","01:09:23","134","181","3.1","--","--","--","--","11","--","--","--","--","--","--","--","--","--","--","--","0.0","--","--","--","--","--","--","--","--","--","--","--","--","424","--","--","3","3:03","4","--","11","--","1:06:18","--","27.0","No","01:09:23","1","31.0","--","--","--","--","--","--","--","--","00:00:00","01:09:23","18","28"
Running,2023-08-31 07:11:46,false,"Gothenburg Running","2.19","169","00:26:40","133","158","1.2","166","179","12:10","6:02","24","14","0.54","12.2","6.3","313","--","12:09","--","--","203","--","0.0","--","200","--","--","--","--","361","--","--","--","--","--","4,404","--","--","--","--","--","--","--","--","--","--","19.0","No","00:02:25.0","3","27.0","--","--","--","--","--","--","--","--","00:26:39","00:26:40","3","17"
Running,2023-08-30 06:30:47,false,"Gothenburg Running","1.27","95","00:14:15","130","137","0.7","162","175","11:12","6:59","10","6","0.56","12.1","6.7","317","--","11:06","--","--","218","--","0.0","--","216","--","--","--","--","320","--","--","--","--","--","2,294","--","--","--","--","--","--","--","--","--","--","20.0","No","00:03:04.6","2","25.0","--","--","--","--","--","--","--","--","00:14:13","00:14:15","6","17"
Running,2023-08-29 06:24:55,false,"Gothenburg - Threshold","4.90","399","00:41:35","158","176","3.4","171","184","8:29","5:55","30","32","0.69","10.4","7.0","294","--","8:30","--","--","272","--","0.0","--","264","--","--","--","--","377","--","--","--","--","--","7,082","--","--","--","--","--","--","--","--","--","--","22.0","No","00:01:30.9","7","27.0","37","24","43","--","--","--","--","--","00:41:34","00:41:35","6","34"
Running,2023-08-28 07:03:19,false,"Gothenburg Running","1.00","74","00:10:47","128","147","0.7","174","181","10:45","9:07","7","2","0.54","11.8","6.3","297","--","10:35","--","--","220","--","0.0","--","217","--","--","--","--","276","--","--","--","--","--","1,874","--","--","--","--","--","--","--","--","--","--","21.0","No","00:00:02.9","2","29.0","--","--","--","--","--","--","--","--","00:10:46","00:10:47","10","15"
Indoor Climbing,2023-08-27 11:52:05,false,"Indoor Climbing","--","625","01:47:06","123","171","2.2","--","--","--","--","64","--","--","--","--","--","--","--","--","--","--","--","0.0","--","--","--","--","--","--","--","--","--","--","--","--","574","--","--","6","16:47","12","--","64","--","1:30:18","--","28.0","No","01:47:06","1","30.0","--","--","--","--","--","--","--","--","00:00:00","02:27:18","23","37"
Running,2023-08-27 08:39:20,false,"Gothenburg Running","0.90","72","00:06:52.3","151","169","2.1","187","197","7:41","6:47","5","3","0.69","9.4","6.5","272","--","7:43","--","--","285","--","0.0","--","282","--","--","--","--","394","--","--","--","--","--","1,280","--","--","--","--","--","--","--","--","--","--","22.0","No","00:06:52.3","1","28.0","--","--","--","--","--","--","--","--","00:06:52","00:06:52.3","11","14"
Running,2023-08-26 08:42:45,false,"Gothenburg - Base","3.21","266","00:33:03","148","170","2.2","176","190","10:18","5:37","23","16","0.55","11.4","6.3","293","--","10:12","--","--","234","--","0.0","--","229","--","--","--","--","406","--","--","--","--","--","5,846","--","--","--","--","--","--","--","--","--","--","22.0","No","00:00:03.2","5","26.0","36","29","42","--","--","--","--","--","00:33:01","00:33:03","4","17"
Running,2023-08-25 08:31:36,false,"Gothenburg Running","5.01","391","01:11:46","132","158","1.6","174","198","14:20","4:49","40","38","0.51","12.1","5.7","306","--","14:18","--","--","194","--","0.0","--","189","--","--","--","--","406","--","--","--","--","--","12,448","--","--","--","--","--","--","--","--","--","--","18.0","No","00:00:05.8","6","28.0","--","--","--","--","--","--","--","--","01:11:45","01:11:46","4","27"
Breathwork,2023-08-24 13:50:19,false,"Relax and Focus (Short)","--","--","00:05:34","96","105","0.1","--","--","--","--","--","--","--","--","--","--","--","--","--","--","--","--","0.0","--","--","--","--","--","--","--","--","--","--","--","--","--","--","--","--","--","--","--","--","--","--","--","--","No","00:00:04","77","--","4","4","6","6","66","72","69","82","00:00:00","00:05:34","--","--"
Running,2023-08-24 11:36:41,false,"Gothenburg - Base","3.49","294","00:32:13","155","189","2.9","177","210","9:13","4:04","30","22","0.60","10.9","6.4","287","--","9:10","--","--","273","--","0.0","--","254","--","--","--","--","568","--","--","--","--","--","5,724","--","--","--","--","--","--","--","--","--","--","24.0","No","00:00:13.1","5","28.0","--","--","--","--","--","--","--","--","00:32:09","00:32:13","3","26"
Running,2023-08-22 06:28:04,false,"Gothenburg Running","2.33","175","00:27:27","130","139","1.2","167","175","11:46","8:56","18","18","0.52","12.3","6.4","309","--","11:40","--","--","212","--","0.0","--","211","--","--","--","--","309","--","--","--","--","--","4,590","--","--","--","--","--","--","--","--","--","--","24.0","No","00:04:02.2","3","28.0","--","--","--","--","--","--","--","--","00:27:27","00:27:27","4","18"
Running,2023-08-21 12:05:49,false,"Gothenburg Running","2.34","175","00:28:57","130","142","1.2","166","178","12:23","7:52","21","19","0.51","12.6","6.3","311","--","12:17","--","--","207","--","0.0","--","205","--","--","--","--","307","--","--","--","--","--","4,818","--","--","--","--","--","--","--","--","--","--","26.0","No","00:04:18.9","3","29.0","--","--","--","--","--","--","--","--","00:28:56","00:28:57","6","19"
Indoor Climbing,2023-08-20 11:15:58,false,"Indoor Climbing","--","850","02:51:58","117","192","2.6","--","--","--","--","67","--","--","--","--","--","--","--","--","--","--","--","0.0","--","--","--","--","--","--","--","--","--","--","--","--","894","--","--","8","15:06","11","--","67","--","2:36:51","--","28.0","No","02:51:58","1","32.0","--","--","--","--","--","--","--","--","00:00:00","03:19:37","11","26"
Running,2023-08-19 08:43:52,false,"Gothenburg - Recovery","2.34","180","00:31:06","131","142","1.1","165","178","13:18","9:12","19","18","0.49","12.8","6.2","316","--","13:13","--","--","196","--","0.0","--","193","--","--","--","--","289","--","--","--","--","--","5,132","--","--","--","--","--","--","--","--","--","--","24.0","No","00:07:06.1","3","29.0","--","--","--","--","--","--","--","--","00:31:05","00:31:06","4","17"
Indoor Climbing,2023-08-18 11:09:33,false,"Indoor Climbing","--","704","01:44:40","130","182","3.2","--","--","--","--","46","--","--","--","--","--","--","--","--","--","--","--","0.0","--","--","--","--","--","--","--","--","--","--","--","--","1,126","--","--","8","8:38","10","--","46","--","1:36:00","--","25.0","No","01:44:40","1","31.0","--","--","--","--","--","--","--","--","00:00:00","01:44:45","27","40"
Running,2023-08-18 07:42:06,false,"Gothenburg Running","2.01","150","00:24:50","131","137","1.0","171","179","12:22","7:27","23","13","0.51","12.5","6.2","306","--","12:14","--","--","208","--","0.0","--","204","--","--","--","--","292","--","--","--","--","--","4,240","--","--","--","--","--","--","--","--","--","--","23.0","No","00:00:05.3","3","27.0","--","--","--","--","--","--","--","--","00:24:48","00:24:50","6","17"
Running,2023-08-17 06:49:43,false,"Gothenburg Running","2.00","148","00:23:29","132","141","1.1","170","173","11:43","8:53","10","12","0.52","12.3","6.3","306","--","11:36","--","--","212","--","0.0","--","210","--","--","--","--","289","--","--","--","--","--","3,974","--","--","--","--","--","--","--","--","--","--","20.0","No","00:00:03.6","3","25.0","--","--","--","--","--","--","--","--","00:23:27","00:23:29","6","16"
Running,2023-08-16 07:10:00,false,"Borås Running","2.40","194","00:27:38","134","148","1.8","155","173","11:30","7:28","35","33","0.55","12.2","6.7","321","--","11:27","--","--","219","--","0.0","--","210","--","--","--","--","344","--","--","--","--","--","4,354","--","--","--","--","--","--","--","--","--","--","21.0","No","00:04:22.3","3","24.0","--","--","--","--","--","--","--","--","00:26:59","00:27:38","279","310"
Cycling,2023-08-14 17:40:08,false,"Gothenburg Cycling","18.09","493","00:51:15","143","179","3.4","--","--","21.2","39.3","122","122","--","--","--","--","--","2:50","--","--","--","--","0.0","--","--","--","--","--","--","--","--","--","--","--","--","--","--","--","--","--","--","--","--","--","--","--","--","No","00:09:06.9","4","--","--","--","--","--","--","--","--","--","00:51:15","00:51:15","4","22"
Running,2023-08-14 06:44:21,false,"Gothenburg Running","1.72","127","00:18:34","115","131","1.2","135","176","10:48","6:26","11","10","0.68","9.7","6.4","309","--","10:44","--","--","196","--","0.0","--","180","--","--","--","--","313","--","--","--","--","--","2,584","--","--","--","--","--","--","--","--","--","--","23.0","No","00:07:18.1","2","27.0","--","--","--","--","--","--","--","--","00:18:23","00:18:34","6","18"
Running,2023-08-13 09:15:19,false,"Gothenburg - FTP Test Workout","4.38","360","00:41:16","153","190","3.4","171","195","9:25","5:23","37","24","0.62","10.8","6.6","292","--","9:20","--","--","254","--","0.0","--","242","--","--","--","--","407","--","--","--","--","--","7,098","--","--","--","--","--","--","--","--","--","--","--","No","00:03:00","8","--","36","26","44","--","--","--","--","--","00:41:02","00:41:16","6","35"
Indoor Climbing,2023-08-11 13:19:03,false,"Indoor Climbing","--","791","02:16:14","123","171","2.7","--","--","--","--","61","--","--","--","--","--","--","--","--","--","--","--","0.0","--","--","--","--","--","--","--","--","--","--","--","--","934","--","--","8","15:31","11","--","61","--","2:00:41","--","26.0","No","02:16:14","1","31.0","--","--","--","--","--","--","--","--","00:00:00","02:16:14","21","34"
Walking,2023-08-11 10:13:26,false,"Gothenburg Walking","3.63","258","00:38:36","110","130","2.0","108","158","10:39","7:34","27","26","0.87","--","--","--","--","10:35","--","--","--","--","0.0","--","--","--","--","--","--","--","--","--","--","--","--","4,374","--","--","--","--","--","--","--","--","--","--","--","No","00:00:47.2","5","--","--","--","--","--","--","--","--","--","00:38:20","00:38:37","2","14"
Running,2023-08-10 12:16:33,false,"Gothenburg Running","2.36","181","00:27:15","131","144","2.0","165","208","11:33","6:07","25","29","0.55","11.6","6.1","300","--","11:26","--","--","210","--","0.0","--","203","--","--","--","--","374","--","--","--","--","--","4,554","--","--","--","--","--","--","--","--","--","--","--","No","00:04:45.2","3","--","--","--","--","--","--","--","--","--","00:27:12","00:35:15","9","29"
Running,2023-08-09 06:28:52,false,"Gothenburg Running","2.13","159","00:22:06","128","140","1.8","170","182","10:21","7:27","20","15","0.57","11.6","6.6","302","--","10:19","--","--","229","--","0.0","--","226","--","--","--","--","310","--","--","--","--","--","3,742","--","--","--","--","--","--","--","--","--","--","--","No","00:01:37.3","3","--","--","--","--","--","--","--","--","--","00:22:04","00:22:06","1","17"
Running,2023-08-08 17:31:42,false,"Gothenburg Running","3.44","271","00:32:50","142","159","2.6","172","185","9:33","5:17","39","39","0.61","10.9","6.6","293","--","9:27","--","--","250","--","0.0","--","243","--","--","--","--","367","--","--","--","--","--","5,668","--","--","--","--","--","--","--","--","--","--","--","No","00:04:46.1","4","--","--","--","--","--","--","--","--","--","00:32:49","00:32:57","6","29"
Running,2023-08-07 06:34:21,false,"Gothenburg Running","2.21","163","00:25:15","129","139","1.2","170","180","11:24","8:03","13","14","0.52","12.2","6.4","304","--","11:17","--","--","216","--","0.0","--","213","--","--","--","--","329","--","--","--","--","--","4,284","--","--","--","--","--","--","--","--","--","--","--","No","00:02:28.7","3","--","--","--","--","--","--","--","--","--","00:25:14","00:25:15","3","18"
Running,2023-08-06 07:38:19,false,"Gothenburg Running","2.01","143","00:25:34","125","136","0.8","170","174","12:45","8:09","10","10","0.48","12.9","6.1","309","--","12:43","--","--","197","--","0.0","--","196","--","--","--","--","324","--","--","--","--","--","4,338","--","--","--","--","--","--","--","--","--","--","--","No","00:00:03.9","3","--","--","--","--","--","--","--","--","--","00:25:33","00:25:34","6","18"
Indoor Climbing,2023-08-05 16:04:18,false,"Indoor Climbing","--","565","01:12:31","139","193","3.7","--","--","--","--","99","--","--","--","--","--","--","--","--","--","--","--","0.0","--","--","--","--","--","--","--","--","--","--","--","--","494","--","--","14","18:08","10","--","99","--","54:20","--","27.0","No","01:12:31","1","32.0","--","--","--","--","--","--","--","--","00:00:00","01:12:31","24","36"
Running,2023-08-05 07:44:03,false,"Gothenburg Running","2.08","157","00:24:27","130","140","1.8","169","179","11:45","5:31","14","15","0.53","12.2","6.3","306","--","11:39","--","--","215","--","0.0","--","213","--","--","--","--","441","--","--","--","--","--","4,126","--","--","--","--","--","--","--","--","--","--","--","No","00:03:16.8","3","--","--","--","--","--","--","--","--","--","00:24:24","00:24:29","5","16"
Running,2023-08-04 07:27:59,false,"Gothenburg Running","2.00","152","00:20:12","136","151","2.2","167","174","10:06","6:34","12","12","0.60","11.4","6.7","301","--","10:04","--","--","239","--","0.0","--","231","--","--","--","--","382","--","--","--","--","--","3,400","--","--","--","--","--","--","--","--","--","--","--","No","00:00:01.9","3","--","--","--","--","--","--","--","--","--","00:20:11","00:20:12","5","17"
Walking,2023-08-03 21:27:33,false,"Gothenburg Walking","1.86","136","00:21:12","119","126","1.4","104","127","11:25","8:05","11","5","0.85","--","--","--","--","11:23","--","--","--","--","0.0","--","--","--","--","--","--","--","--","--","--","--","--","2,316","--","--","--","--","--","--","--","--","--","--","--","No","00:00:58.9","4","--","--","--","--","--","--","--","--","--","00:20:55","00:21:12","6","17"
Running,2023-08-03 06:24:54,false,"Gothenburg Running","2.01","149","00:21:10","128","138","1.7","166","175","10:33","8:21","10","12","0.57","11.7","6.7","307","--","10:33","--","--","224","--","0.0","--","222","--","--","--","--","310","--","--","--","--","--","3,522","--","--","--","--","--","--","--","--","--","--","--","No","00:00:03.3","3","--","--","--","--","--","--","--","--","--","00:21:09","00:21:10","6","17"
Running,2023-08-02 06:24:43,false,"Gothenburg Running","2.01","147","00:22:09","128","136","1.5","169","174","11:02","6:46","14","15","0.54","12.0","6.5","305","--","11:01","--","--","219","--","0.0","--","218","--","--","--","--","349","--","--","--","--","--","3,748","--","--","--","--","--","--","--","--","--","--","--","No","00:00:03.0","3","--","--","--","--","--","--","--","--","--","00:22:08","00:22:09","5","17"
Running,2023-08-01 06:36:53,false,"Gothenburg Running","1.94","142","00:22:52","125","134","1.1","167","180","11:48","8:30","11","12","0.52","12.4","6.3","309","--","11:51","--","--","207","--","0.0","--","206","--","--","--","--","314","--","--","--","--","--","3,808","--","--","--","--","--","--","--","--","--","--","--","No","00:10:41","2","--","--","--","--","--","--","--","--","--","00:22:51","00:22:52","5","17"
Bouldering,2023-07-31 17:54:39,false,"Bouldering","--","369","00:48:48","130","177","3.1","--","--","--","--","--","--","--","--","--","--","--","--","--","--","--","--","0.0","--","--","--","--","--","--","--","--","--","--","--","--","346","--","--","16","13:53","--","--","--","--","34:52","--","--","No","00:48:48","1","--","--","--","--","--","--","--","--","--","00:00:00","00:49:33","--","--"
Running,2023-07-31 08:51:39,false,"Gothenburg Running","2.04","194","00:26:34","126","135","2.3","169","175","13:01","8:16","11","9","0.46","--","--","--","--","--","--","--","--","--","0.0","--","--","--","--","--","--","--","--","--","--","--","--","4,468","--","--","--","--","--","--","--","--","--","--","21.0","No","00:00:45.0","3","26.0","--","--","--","--","--","--","--","--","00:26:33","00:26:34","4","16"
Running,2023-07-30 09:04:51,false,"Gothenburg Running","2.33","158","00:23:00","124","139","2.1","144","177","9:51","6:38","20","27","0.71","--","--","--","--","--","--","--","--","--","0.0","--","--","--","--","--","--","--","--","--","--","--","--","3,354","--","--","--","--","--","--","--","--","--","--","23.0","No","00:04:11.5","3","31.0","--","--","--","--","--","--","--","--","00:22:58","00:23:00","7","23"
Running,2023-07-29 16:37:44,false,"Gothenburg Running","1.21","87","00:11:17","127","143","2.1","156","175","9:19","6:24","7","9","0.69","--","--","--","--","--","--","--","--","--","0.0","--","--","--","--","--","--","--","--","--","--","--","--","1,740","--","--","--","--","--","--","--","--","--","--","26.0","No","00:02:06.8","2","29.0","--","--","--","--","--","--","--","--","00:11:17","00:11:17","13","21"
Running,2023-07-28 19:33:00,false,"Borås Running","1.99","202","00:21:21","135","174","3.9","142","178","10:43","6:55","22","19","0.68","--","--","--","--","--","--","--","--","--","0.0","--","--","--","--","--","--","--","--","--","--","--","--","3,060","--","--","--","--","--","--","--","--","--","--","25.0","No","00:09:39.6","2","30.0","--","--","--","--","--","--","--","--","00:21:21","00:21:21","293","313"
Running,2023-07-26 08:39:44,false,"Borås Running","1.17","138","00:12:03","153","174","3.8","169","174","10:18","8:05","19","15","0.57","--","--","--","--","--","--","--","--","--","0.0","--","--","--","--","--","--","--","--","--","--","--","--","2,034","--","--","--","--","--","--","--","--","--","--","20.0","No","00:01:41.3","2","27.0","--","--","--","--","--","--","--","--","00:12:02","00:12:03","294","313"
Running,2023-07-24 09:22:41,false,"Gothenburg Running","1.38","136","00:14:26","135","147","2.7","169","173","10:29","7:38","5","5","0.56","--","--","--","--","--","--","--","--","--","0.0","--","--","--","--","--","--","--","--","--","--","--","--","2,442","--","--","--","--","--","--","--","--","--","--","24.0","No","00:04:22.5","2","29.0","--","--","--","--","--","--","--","--","00:14:26","00:14:26","14","18"
Running,2023-07-23 10:00:11,false,"Gothenburg Running","1.03","94","00:10:19","132","142","2.2","169","173","10:01","5:57","8","3","0.59","--","--","--","--","--","--","--","--","--","0.0","--","--","--","--","--","--","--","--","--","--","--","--","1,744","--","--","--","--","--","--","--","--","--","--","23.0","No","00:00:15.7","2","29.0","--","--","--","--","--","--","--","--","00:10:19","00:10:19","15","21"
Running,2023-07-21 09:52:43,false,"Gothenburg Running","0.47","30","00:02:15.1","170","192","2.3","177","195","4:45","4:05","4","4","1.19","--","--","--","--","--","--","--","--","--","0.0","--","--","--","--","--","--","--","--","--","--","--","--","388","--","--","--","--","--","--","--","--","--","--","23.0","No","00:02:15.1","1","23.0","--","--","--","--","--","--","--","--","00:02:13","00:02:19.8","16","21"
Running,2023-07-21 09:39:07,false,"Gothenburg Running","0.93","102","00:08:55.2","145","158","3.0","168","185","9:34","7:32","9","6","0.62","--","--","--","--","--","--","--","--","--","0.0","--","--","--","--","--","--","--","--","--","--","--","--","1,490","--","--","--","--","--","--","--","--","--","--","22.0","No","00:08:55.2","1","29.0","--","--","--","--","--","--","--","--","00:08:55","00:08:55.2","15","21"
Running,2023-07-20 09:38:58,false,"Gothenburg Running","0.96","77","00:07:53.0","141","152","2.1","169","175","8:15","6:43","5","3","0.72","--","--","--","--","--","--","--","--","--","0.0","--","--","--","--","--","--","--","--","--","--","--","--","1,328","--","--","--","--","--","--","--","--","--","--","22.0","No","00:07:53.0","1","29.0","--","--","--","--","--","--","--","--","00:07:53","00:07:53.0","13","19"
Cycling,2022-06-15 17:39:44,false,"Gothenburg Cycling","17.33","682","00:57:40","160","198","5.0","--","--","18.0","47.1","149","139","--","--","--","--","--","--","--","--","--","--","0.0","--","--","--","--","--","--","--","--","--","--","--","--","--","--","--","--","--","--","--","--","--","--","--","22.0","No","00:10:07","4","28.0","--","--","--","--","--","--","--","--","00:54:55","00:57:40","3","83"
Cycling,2022-06-05 10:59:35,false,"Gothenburg Cycling","17.22","642","00:55:55","153","195","5.0","--","--","18.5","44.0","160","160","--","--","--","--","--","--","--","--","--","--","0.0","--","--","--","--","--","--","--","--","--","--","--","--","--","--","--","--","--","--","--","--","--","--","--","23.0","No","00:07:42.3","4","29.0","--","--","--","--","--","--","--","--","00:55:13","00:55:55","1","87"
Cycling,2022-05-07 13:37:33,false,"Gothenburg Cycling","11.29","415","00:33:33","161","180","5.0","--","--","20.2","48.2","37","106","--","--","--","--","--","--","--","--","--","--","0.0","--","--","--","--","--","--","--","--","--","--","--","--","--","--","--","--","--","--","--","--","--","--","--","26.0","No","00:06:34.0","3","30.0","--","--","--","--","--","--","--","--","00:30:32","00:33:33","'-85","115"
Cycling,2022-05-03 17:07:08,false,"Gothenburg Cycling","10.95","309","00:30:42","138","160","3.7","--","--","21.4","35.8","43","42","--","--","--","--","--","--","--","--","--","--","0.0","--","--","--","--","--","--","--","--","--","--","--","--","--","--","--","--","--","--","--","--","--","--","--","23.0","No","00:03:06.1","3","28.0","--","--","--","--","--","--","--","--","00:30:41","00:30:42","32","49"
Cycling,2022-04-25 17:08:44,false,"Gothenburg Cycling","10.95","307","00:30:54","137","165","3.6","--","--","21.3","33.5","49","47","--","--","--","--","--","--","--","--","--","--","0.0","--","--","--","--","--","--","--","--","--","--","--","--","--","--","--","--","--","--","--","--","--","--","--","20.0","No","00:02:58.0","3","29.0","--","--","--","--","--","--","--","--","00:30:42","00:30:54","33","49"
Cycling,2021-10-23 13:30:07,false,"Göteborg Cykling","19.03","567","00:53:02","145","175","4.9","--","--","21.5","40.0","76","82","--","--","--","--","--","--","--","--","--","--","0.0","--","--","--","--","--","--","--","--","--","--","--","--","--","--","--","--","--","--","--","--","--","--","--","22.0","No","00:11:24","4","29.0","--","--","--","--","--","--","--","--","00:52:53","00:53:02","3","23"
Cycling,2021-10-04 17:40:56,false,"Göteborg Cykling","13.61","187","00:37:46","100","104","1.3","--","--","21.6","39.4","52","55","--","--","--","--","--","--","--","--","--","--","0.0","--","--","--","--","--","--","--","--","--","--","--","--","--","--","--","--","--","--","--","--","--","--","--","24.0","No","00:10:15","3","28.0","--","--","--","--","--","--","--","--","00:37:42","00:37:46","10","27"
Running,2021-09-30 17:20:15,false,"Göteborg Löpning","2.94","235","00:26:53","136","173","3.4","132","235","9:09","5:38","23","23","0.83","--","--","--","--","--","--","--","--","--","0.0","--","--","--","--","--","--","--","--","--","--","--","--","3,560","--","--","--","--","--","--","--","--","--","--","26.0","No","00:07:34.9","3","28.0","--","--","--","--","--","--","--","--","00:26:52","00:26:53","8","22"
Cycling,2021-09-25 14:41:57,false,"Göteborg Cykling","19.27","600","00:50:22","156","184","4.6","--","--","23.0","41.8","81","88","--","--","--","--","--","--","--","--","--","--","0.0","--","--","--","--","--","--","--","--","--","--","--","--","--","--","--","--","--","--","--","--","--","--","--","23.0","No","00:11:24","4","27.0","--","--","--","--","--","--","--","--","00:50:22","00:50:22","8","30"
Cycling,2021-09-06 17:52:16,false,"Göteborg Cykling","10.01","213","00:41:59","100","107","1.2","--","--","14.3","29.5","72","175","--","--","--","--","--","--","--","--","--","--","0.0","--","--","--","--","--","--","--","--","--","--","--","--","--","--","--","--","--","--","--","--","--","--","--","23.0","No","00:00:10.8","3","30.0","--","--","--","--","--","--","--","--","00:33:57","00:41:59","14","36"
Cycling,2021-09-03 10:40:57,false,"Göteborg Cykling","10.00","360","00:31:12","152","173","3.6","--","--","19.2","31.3","39","27","--","--","--","--","--","--","--","--","--","--","0.0","--","--","--","--","--","--","--","--","--","--","--","--","--","--","--","--","--","--","--","--","--","--","--","25.0","No","00:00:10.5","3","29.0","--","--","--","--","--","--","--","--","00:29:37","00:31:12","7","30"
Cycling,2021-08-30 17:15:56,false,"Göteborg Cykling","11.38","423","00:39:13","146","175","3.8","--","--","17.4","34.0","48","40","--","--","--","--","--","--","--","--","--","--","0.0","--","--","--","--","--","--","--","--","--","--","--","--","--","--","--","--","--","--","--","--","--","--","--","27.0","No","00:05:05.2","3","30.0","--","--","--","--","--","--","--","--","00:35:38","00:53:23","4","23"
Running,2021-08-26 17:38:48,false,"Göteborg Löpning","2.25","189","00:18:56","144","168","2.9","136","170","8:25","6:28","17","14","0.87","--","--","--","--","--","--","--","--","--","0.0","--","--","--","--","--","--","--","--","--","--","--","--","2,544","--","--","--","--","--","--","--","--","--","--","21.0","No","00:02:42.9","3","27.0","--","--","--","--","--","--","--","--","00:18:56","00:18:56","6","21"
Cycling,2021-08-22 14:34:23,false,"Göteborg Cykling","15.05","587","00:55:53","145","161","3.7","--","--","16.2","38.7","59","58","--","--","--","--","--","--","--","--","--","--","0.0","--","--","--","--","--","--","--","--","--","--","--","--","--","--","--","--","--","--","--","--","--","--","--","26.0","No","00:07:31.8","4","31.0","--","--","--","--","--","--","--","--","00:42:36","00:55:53","'-4","9"
Cycling,2021-08-20 17:32:36,false,"Göteborg Cykling","18.06","468","00:43:22","146","174","3.9","--","--","25.0","46.1","71","72","--","--","--","--","--","--","--","--","--","--","0.0","--","--","--","--","--","--","--","--","--","--","--","--","--","--","--","--","--","--","--","--","--","--","--","23.0","No","00:08:01.8","4","30.0","--","--","--","--","--","--","--","--","00:42:32","00:43:22","5","30"
Cycling,2021-08-16 16:44:38,false,"Göteborg Cykling","18.07","459","00:44:04","144","175","3.5","--","--","24.6","40.1","72","72","--","--","--","--","--","--","--","--","--","--","0.0","--","--","--","--","--","--","--","--","--","--","--","--","--","--","--","--","--","--","--","--","--","--","--","22.0","No","00:07:19.8","4","28.0","--","--","--","--","--","--","--","--","00:44:01","00:44:04","10","29"
Cycling,2021-08-15 14:45:48,false,"Göteborg Cykling","17.20","685","00:50:32","--","--","--","--","--","20.4","47.7","139","138","--","--","--","--","--","--","--","--","--","--","0.0","--","--","--","--","--","--","--","--","--","--","--","--","--","--","--","--","--","--","--","--","--","--","--","23.0","No","00:06:09.5","4","30.0","--","--","--","--","--","--","--","--","00:50:31","00:50:32","10","91"
Cycling,2021-08-13 16:51:49,false,"Göteborg Cykling","18.08","241","00:49:36","98","114","1.2","--","--","21.9","39.7","81","73","--","--","--","--","--","--","--","--","--","--","0.0","--","--","--","--","--","--","--","--","--","--","--","--","--","--","--","--","--","--","--","--","--","--","--","25.0","No","00:08:46.8","4","29.0","--","--","--","--","--","--","--","--","00:49:13","00:49:36","13","34"
Cycling,2021-08-05 22:02:54,false,"Göteborg Cykling","23.50","698","01:09:45","151","179","4.9","--","--","20.2","34.8","121","111","--","--","--","--","--","--","--","--","--","--","0.0","--","--","--","--","--","--","--","--","--","--","--","--","--","--","--","--","--","--","--","--","--","--","--","18.0","No","00:11:47","5","24.0","--","--","--","--","--","--","--","--","01:08:23","01:09:45","'-3","22"
Cycling,2021-08-04 17:03:12,false,"Göteborg Cykling","18.07","475","00:43:37","148","176","4.7","--","--","24.9","43.7","73","71","--","--","--","--","--","--","--","--","--","--","0.0","--","--","--","--","--","--","--","--","--","--","--","--","--","--","--","--","--","--","--","--","--","--","--","24.0","No","00:07:56.4","4","30.0","--","--","--","--","--","--","--","--","00:43:35","00:43:37","11","31"
Cycling,2021-08-02 15:58:29,false,"Göteborg Cykling","13.83","385","00:39:00","141","173","3.9","--","--","21.3","46.6","107","114","--","--","--","--","--","--","--","--","--","--","0.0","--","--","--","--","--","--","--","--","--","--","--","--","--","--","--","--","--","--","--","--","--","--","--","25.0","No","00:08:55.9","3","29.0","--","--","--","--","--","--","--","--","00:38:59","00:39:00","9","89"
Cycling,2021-07-30 15:44:38,false,"Göteborg Cykling","18.03","495","00:47:56","142","171","4.8","--","--","22.6","45.3","196","90","--","--","--","--","--","--","--","--","--","--","0.0","--","--","--","--","--","--","--","--","--","--","--","--","--","--","--","--","--","--","--","--","--","--","--","26.0","No","00:09:30.1","4","29.0","--","--","--","--","--","--","--","--","00:47:56","00:47:56","20","147"
Cycling,2021-07-19 21:23:04,false,"Göteborg Cykling","17.66","465","00:42:20","147","181","5.0","--","--","25.0","39.8","61","92","--","--","--","--","--","--","--","--","--","--","0.0","--","--","--","--","--","--","--","--","--","--","--","--","--","--","--","--","--","--","--","--","--","--","--","22.0","No","00:06:07.0","4","30.0","--","--","--","--","--","--","--","--","00:42:20","00:42:20","9","29"
Cycling,2021-07-17 19:12:59,false,"Göteborg Cykling","20.31","514","00:54:16","139","176","3.5","--","--","22.5","40.9","89","85","--","--","--","--","--","--","--","--","--","--","0.0","--","--","--","--","--","--","--","--","--","--","--","--","--","--","--","--","--","--","--","--","--","--","--","27.0","No","00:00:56.1","5","32.0","--","--","--","--","--","--","--","--","00:53:40","00:54:16","13","33"
Cycling,2021-07-11 13:54:40,false,"Göteborg Cykling","20.29","799","00:52:05","--","--","--","--","--","23.4","42.2","80","80","--","--","--","--","--","--","--","--","--","--","0.0","--","--","--","--","--","--","--","--","--","--","--","--","--","--","--","--","--","--","--","--","--","--","--","24.0","No","00:00:44.1","5","28.0","--","--","--","--","--","--","--","--","00:51:33","00:52:05","6","26"
Cycling,2021-07-07 18:47:53,false,"Göteborg Cykling","20.27","787","00:52:19","--","--","--","--","--","23.2","40.0","81","81","--","--","--","--","--","--","--","--","--","--","0.0","--","--","--","--","--","--","--","--","--","--","--","--","--","--","--","--","--","--","--","--","--","--","--","24.0","No","00:00:48.8","5","30.0","--","--","--","--","--","--","--","--","00:52:18","00:52:19","6","30"
Cycling,2021-07-01 17:57:11,false,"Göteborg Cykling","20.27","885","00:53:46","--","--","--","--","--","22.6","39.1","178","178","--","--","--","--","--","--","--","--","--","--","0.0","--","--","--","--","--","--","--","--","--","--","--","--","--","--","--","--","--","--","--","--","--","--","--","24.0","No","00:00:37.3","5","30.0","--","--","--","--","--","--","--","--","00:53:45","00:53:46","'-77","25"
Cycling,2021-06-22 16:59:36,false,"Göteborg Cykling","20.51","802","00:52:00","--","--","--","--","--","23.7","41.5","87","88","--","--","--","--","--","--","--","--","--","--","0.0","--","--","--","--","--","--","--","--","--","--","--","--","--","--","--","--","--","--","--","--","--","--","--","25.0","No","00:01:21.2","5","30.0","--","--","--","--","--","--","--","--","00:51:58","00:52:00","9","32"
Cycling,2021-06-20 18:21:50,false,"Göteborg Cykling","20.52","783","00:55:16","--","--","--","--","--","22.3","39.1","94","94","--","--","--","--","--","--","--","--","--","--","0.0","--","--","--","--","--","--","--","--","--","--","--","--","--","--","--","--","--","--","--","--","--","--","--","28.0","No","00:01:33.4","5","30.0","--","--","--","--","--","--","--","--","00:55:15","00:55:16","'-2","19"
Cycling,2021-06-15 19:24:23,false,"Göteborg Cykling","20.60","851","00:52:15","--","--","--","--","--","23.7","43.2","97","98","--","--","--","--","--","--","--","--","--","--","0.0","--","--","--","--","--","--","--","--","--","--","--","--","--","--","--","--","--","--","--","--","--","--","--","20.0","No","00:01:45.1","5","29.0","--","--","--","--","--","--","--","--","00:52:00","00:52:15","10","31"
Running,2021-06-03 17:02:41,false,"Göteborg Löpning","1.82","132","00:16:16","130","168","1.8","131","180","8:56","6:15","15","11","0.85","--","--","--","--","--","--","--","--","--","0.0","--","--","--","--","--","--","--","--","--","--","--","--","2,174","--","--","--","--","--","--","--","--","--","--","28.0","No","00:07:58.2","2","31.0","--","--","--","--","--","--","--","--","00:16:16","00:16:23","8","21"
Cycling,2021-05-24 16:33:24,false,"Göteborg Cykling","20.60","601","00:51:21","156","184","3.8","--","--","24.1","41.7","123","117","--","--","--","--","--","--","--","--","--","--","0.0","--","--","--","--","--","--","--","--","--","--","--","--","--","--","--","--","--","--","--","--","--","--","--","22.0","No","00:01:34.6","5","28.0","--","--","--","--","--","--","--","--","00:51:09","00:51:21","6","26"
Cycling,2021-05-18 16:29:12,false,"Göteborg Cykling","20.55","574","00:49:24","155","185","3.7","--","--","25.0","43.0","104","104","--","--","--","--","--","--","--","--","--","--","0.0","--","--","--","--","--","--","--","--","--","--","--","--","--","--","--","--","--","--","--","--","--","--","--","21.0","No","00:01:20.2","5","29.0","--","--","--","--","--","--","--","--","00:49:21","00:52:55","9","31"
Cycling,2021-05-16 11:59:50,false,"Göteborg Cykling","24.58","654","01:08:20","143","183","3.0","--","--","21.6","45.3","159","155","--","--","--","--","--","--","--","--","--","--","0.0","--","--","--","--","--","--","--","--","--","--","--","--","--","--","--","--","--","--","--","--","--","--","--","19.0","No","00:12:28","5","29.0","--","--","--","--","--","--","--","--","01:07:50","01:08:20","'-14","28"
Cycling,2021-05-14 11:35:36,false,"Göteborg Cykling","26.12","783","01:13:14","149","175","3.2","--","--","21.4","39.6","167","152","--","--","--","--","--","--","--","--","--","--","0.0","--","--","--","--","--","--","--","--","--","--","--","--","--","--","--","--","--","--","--","--","--","--","--","25.0","No","00:03:10.8","6","29.0","--","--","--","--","--","--","--","--","01:12:14","01:13:14","'-17","23"
Cycling,2021-05-12 16:16:47,false,"Göteborg Cykling","27.52","797","01:32:40","137","174","2.7","--","--","17.8","55.5","247","192","--","--","--","--","--","--","--","--","--","--","0.0","--","--","--","--","--","--","--","--","--","--","--","--","--","--","--","--","--","--","--","--","--","--","--","22.0","No","00:07:46.4","6","29.0","--","--","--","--","--","--","--","--","01:24:46","01:32:40","'-21","30"
Cycling,2021-05-10 17:35:00,false,"Göteborg Cykling","19.41","548","00:49:36","149","176","3.5","--","--","23.5","43.1","85","102","--","--","--","--","--","--","--","--","--","--","0.0","--","--","--","--","--","--","--","--","--","--","--","--","--","--","--","--","--","--","--","--","--","--","--","25.0","No","00:11:38","4","28.0","--","--","--","--","--","--","--","--","00:49:33","00:49:36","'-17","6"
Cycling,2021-05-07 16:58:34,false,"Göteborg Cykling","50.64","1,229","02:17:11","149","177","3.8","--","--","22.2","54.1","225","228","--","--","--","--","--","--","--","--","--","--","0.0","--","--","--","--","--","--","--","--","--","--","--","--","--","--","--","--","--","--","--","--","--","--","--","17.0","No","00:01:45.5","11","28.0","--","--","--","--","--","--","--","--","02:14:54","02:17:11","'-14","74"
Cycling,2021-05-06 17:07:35,false,"Göteborg Cykling","2.93","90","00:08:05.7","143","156","2.0","--","--","21.7","39.8","121","13","--","--","--","--","--","--","--","--","--","--","0.0","--","--","--","--","--","--","--","--","--","--","--","--","--","--","--","--","--","--","--","--","--","--","--","18.0","No","00:08:05.7","1","26.0","--","--","--","--","--","--","--","--","00:08:03","00:08:05.7","0","11"
Cycling,2021-05-03 16:55:25,false,"Göteborg Cykling","22.46","730","01:06:09","152","186","3.6","--","--","20.4","45.7","141","139","--","--","--","--","--","--","--","--","--","--","0.0","--","--","--","--","--","--","--","--","--","--","--","--","--","--","--","--","--","--","--","--","--","--","--","18.0","No","00:07:12.9","5","26.0","--","--","--","--","--","--","--","--","01:03:05","01:06:10","'-5","38"
Cycling,2021-04-30 16:43:37,false,"Göteborg Cykling","16.15","490","00:38:04","167","181","4.5","--","--","25.5","39.5","54","100","--","--","--","--","--","--","--","--","--","--","0.0","--","--","--","--","--","--","--","--","--","--","--","--","--","--","--","--","--","--","--","--","--","--","--","18.0","No","00:04:02.5","4","26.0","--","--","--","--","--","--","--","--","00:37:39","00:38:04","'-5","55"
Cycling,2021-04-30 15:05:04,false,"Göteborg Cykling","16.72","303","00:55:34","103","149","2.3","--","--","18.1","46.3","143","92","--","--","--","--","--","--","--","--","--","--","0.0","--","--","--","--","--","--","--","--","--","--","--","--","--","--","--","--","--","--","--","--","--","--","--","19.0","No","00:05:01.0","4","28.0","--","--","--","--","--","--","--","--","00:50:52","00:55:34","'-116","'-40"
Cycling,2021-04-27 17:09:11,false,"Göteborg Cykling","11.13","367","00:34:33","143","166","3.3","--","--","19.3","33.0","53","40","--","--","--","--","--","--","--","--","--","--","0.0","--","--","--","--","--","--","--","--","--","--","--","--","--","--","--","--","--","--","--","--","--","--","--","21.0","No","00:07:10.6","3","30.0","--","--","--","--","--","--","--","--","00:31:28","00:34:33","'-119","'-104"
Cycling,2021-04-26 17:27:22,false,"Göteborg Cykling","16.40","444","00:47:54","135","167","3.1","--","--","20.5","45.6","137","143","--","--","--","--","--","--","--","--","--","--","0.0","--","--","--","--","--","--","--","--","--","--","--","--","--","--","--","--","--","--","--","--","--","--","--","18.0","No","00:05:30.5","4","24.0","--","--","--","--","--","--","--","--","00:46:42","00:47:54","'-124","'-40"
Cycling,2021-04-20 17:27:14,false,"Göteborg Cykling","20.32","631","00:51:07","162","189","5.0","--","--","23.8","40.6","87","82","--","--","--","--","--","--","--","--","--","--","0.0","--","--","--","--","--","--","--","--","--","--","--","--","--","--","--","--","--","--","--","--","--","--","--","23.0","No","00:00:53.9","5","29.0","--","--","--","--","--","--","--","--","00:50:51","01:08:41","'-126","'-104"
Cycling,2021-04-18 12:48:08,false,"Göteborg Cykling","6.46","215","00:19:10","148","171","3.3","--","--","20.2","40.1","57","23","--","--","--","--","--","--","--","--","--","--","0.0","--","--","--","--","--","--","--","--","--","--","--","--","--","--","--","--","--","--","--","--","--","--","--","24.0","No","00:05:22.5","2","28.0","--","--","--","--","--","--","--","--","00:17:08","00:19:10","'-130","'-112"
Cycling,2021-04-18 11:07:44,false,"Göteborg Cykling","13.63","527","01:27:40","118","158","3.0","--","--","9.3","36.8","43","35","--","--","--","--","--","--","--","--","--","--","0.0","--","--","--","--","--","--","--","--","--","--","--","--","--","--","--","--","--","--","--","--","--","--","--","23.0","No","00:15:18","3","27.0","--","--","--","--","--","--","--","--","00:47:40","01:27:40","'-133","'-114"
Cycling,2021-04-17 13:51:31,false,"Göteborg Cykling","20.36","646","00:52:26","161","193","5.0","--","--","23.3","41.6","98","96","--","--","--","--","--","--","--","--","--","--","0.0","--","--","--","--","--","--","--","--","--","--","--","--","--","--","--","--","--","--","--","--","--","--","--","23.0","No","00:00:50.0","5","26.0","--","--","--","--","--","--","--","--","00:51:47","00:52:26","'-129","'-108"
Cycling,2021-04-14 18:20:12,false,"Göteborg Cykling","13.16","392","00:36:27","145","160","4.3","--","--","21.7","38.4","60","60","--","--","--","--","--","--","--","--","--","--","0.0","--","--","--","--","--","--","--","--","--","--","--","--","--","--","--","--","--","--","--","--","--","--","--","15.0","No","00:10:15","3","27.0","--","--","--","--","--","--","--","--","00:34:50","00:36:27","'-128","'-108"
Running,2021-03-30 18:11:11,false,"Göteborg Löpning","2.40","180","00:18:04","142","175","3.7","145","185","7:32","4:55","24","7","0.92","--","--","--","--","--","--","--","--","--","0.0","--","--","--","--","--","--","--","--","--","--","--","--","2,572","--","--","--","--","--","--","--","--","--","--","26.0","No","00:03:33.9","3","28.0","--","--","--","--","--","--","--","--","00:18:04","00:18:04","'-56","'-32"
Cycling,2021-03-21 15:23:01,false,"Göteborg Cykling","20.32","564","01:01:38","143","168","5.0","--","--","19.8","40.1","104","99","--","--","--","--","--","--","--","--","--","--","0.0","--","--","--","--","--","--","--","--","--","--","--","--","--","--","--","--","--","--","--","--","--","--","--","18.0","No","00:01:05.2","5","31.0","--","--","--","--","--","--","--","--","01:01:04","01:01:38","'-54","'-33"
Hiking,2021-02-07 12:49:20,false,"Göteborg Vandring","5.01","297","00:56:04","115","148","2.1","109","130","11:11","8:30","48","148","0.82","--","--","--","--","--","--","--","--","--","0.0","--","--","--","--","--","--","--","--","--","--","--","--","6,132","--","--","--","--","--","--","--","--","--","--","26.0","No","00:00:07.8","2","28.0","--","--","--","--","--","--","--","--","00:55:54","00:56:04","'-19","15"
Hiking,2021-01-27 17:15:16,false,"Göteborg Vandring","6.90","339","01:16:49","107","130","2.1","90","146","11:08","6:59","72","62","1.20","--","--","--","--","--","--","--","--","--","0.0","--","--","--","--","--","--","--","--","--","--","--","--","6,952","--","--","--","--","--","--","--","--","--","--","24.0","No","00:23:04","2","29.0","--","--","--","--","--","--","--","--","01:16:49","01:16:49","'-19","37"
Running,2021-01-25 17:08:48,false,"Göteborg Löpning","2.95","214","00:26:20","138","193","3.5","132","182","8:56","2:06","30","23","0.85","--","--","--","--","--","--","--","--","--","0.0","--","--","--","--","--","--","--","--","--","--","--","--","3,472","--","--","--","--","--","--","--","--","--","--","23.0","No","00:06:48.1","3","28.0","--","--","--","--","--","--","--","--","00:26:07","00:26:20","'-15","1"
Running,2021-01-24 10:06:31,false,"Göteborg Löpning","10.03","423","01:48:01","99","153","2.1","115","182","10:46","5:38","184","196","0.80","--","--","--","--","--","--","--","--","--","0.0","--","--","--","--","--","--","--","--","--","--","--","--","12,502","--","--","--","--","--","--","--","--","--","--","12.0","No","00:00:18.8","11","26.0","--","--","--","--","--","--","--","--","01:46:52","01:48:01","'-14","111"
Running,2021-01-21 16:40:11,false,"Göteborg Löpning","4.01","325","00:32:18","148","187","4.5","138","188","8:03","4:14","298","38","0.90","--","--","--","--","--","--","--","--","--","0.0","--","--","--","--","--","--","--","--","--","--","--","--","4,400","--","--","--","--","--","--","--","--","--","--","17.0","No","00:00:08.3","5","28.0","--","--","--","--","--","--","--","--","00:32:17","00:32:18","'-9","7"
Running,2021-01-08 14:47:16,false,"Göteborg Löpning","2.07","183","00:16:16","154","179","4.1","154","175","7:51","5:54","12","15","0.83","--","--","--","--","--","--","--","--","--","0.0","--","--","--","--","--","--","--","--","--","--","--","--","2,482","--","--","--","--","--","--","--","--","--","--","17.0","No","00:00:39.3","3","26.0","--","--","--","--","--","--","--","--","00:16:16","00:16:16","'-6","6"
Running,2021-01-07 15:48:48,false,"Göteborg Löpning","2.27","210","00:17:42","158","186","3.2","158","177","7:49","6:16","15","15","0.81","--","--","--","--","--","--","--","--","--","0.0","--","--","--","--","--","--","--","--","--","--","--","--","2,784","--","--","--","--","--","--","--","--","--","--","20.0","No","00:02:01.5","3","25.0","--","--","--","--","--","--","--","--","00:17:41","00:17:42","'-6","9"
Running,2021-01-02 17:38:18,false,"Göteborg Löpning","3.35","242","00:32:03","131","190","2.4","128","176","9:34","6:34","32","11","0.81","--","--","--","--","--","--","--","--","--","0.0","--","--","--","--","--","--","--","--","--","--","--","--","4,044","--","--","--","--","--","--","--","--","--","--","21.0","No","00:03:45.9","4","28.0","--","--","--","--","--","--","--","--","00:32:01","00:32:03","'-8","25"
Running,2020-12-04 17:00:10,false,"Göteborg Löpning","2.55","215","00:18:59","154","176","3.1","159","175","7:26","6:11","15","21","0.85","--","--","--","--","--","--","--","--","--","0.0","--","--","--","--","--","--","--","--","--","--","--","--","2,984","--","--","--","--","--","--","--","--","--","--","22.0","No","00:04:29.7","3","31.0","--","--","--","--","--","--","--","--","00:18:58","00:18:59","72","82"
Running,2020-12-02 12:18:42,false,"Göteborg Löpning","2.52","202","00:19:57","143","180","3.0","156","178","7:54","5:34","20","20","0.81","--","--","--","--","--","--","--","--","--","0.0","--","--","--","--","--","--","--","--","--","--","--","--","3,094","--","--","--","--","--","--","--","--","--","--","17.0","No","00:03:45.0","3","28.0","--","--","--","--","--","--","--","--","00:19:56","00:19:57","69","78"
Running,2020-11-27 15:01:16,false,"Göteborg Löpning","2.83","253","00:22:06","157","197","3.5","157","190","7:48","5:10","32","36","0.82","--","--","--","--","--","--","--","--","--","0.0","--","--","--","--","--","--","--","--","--","--","--","--","3,450","--","--","--","--","--","--","--","--","--","--","15.0","No","00:06:44.8","3","25.0","--","--","--","--","--","--","--","--","00:22:05","00:22:06","4","19"
Running,2020-11-25 12:45:59,false,"Göteborg Löpning","2.65","237","00:20:21","158","181","3.5","163","188","7:41","5:23","19","21","0.80","--","--","--","--","--","--","--","--","--","0.0","--","--","--","--","--","--","--","--","--","--","--","--","3,324","--","--","--","--","--","--","--","--","--","--","23.0","No","00:04:51.4","3","26.0","--","--","--","--","--","--","--","--","00:20:20","00:20:21","3","15"
Running,2020-11-24 12:58:27,false,"Göteborg Löpning","2.70","256","00:20:48","164","181","4.1","167","182","7:42","5:23","18","25","0.78","--","--","--","--","--","--","--","--","--","0.0","--","--","--","--","--","--","--","--","--","--","--","--","3,466","--","--","--","--","--","--","--","--","--","--","26.0","No","00:05:32.3","3","29.0","--","--","--","--","--","--","--","--","00:20:47","00:20:48","7","22"
Running,2020-11-23 12:49:28,false,"Göteborg Löpning","2.36","203","00:17:35","157","189","4.1","165","188","7:26","6:05","17","18","0.82","--","--","--","--","--","--","--","--","--","0.0","--","--","--","--","--","--","--","--","--","--","--","--","2,894","--","--","--","--","--","--","--","--","--","--","23.0","No","00:02:27.6","3","26.0","--","--","--","--","--","--","--","--","00:17:34","00:17:35","6","20"
Running,2020-11-19 13:04:13,false,"Göteborg Löpning","2.81","268","00:22:09","164","188","4.6","160","248","7:53","5:46","21","29","0.79","--","--","--","--","--","--","--","--","--","0.0","--","--","--","--","--","--","--","--","--","--","--","--","3,500","--","--","--","--","--","--","--","--","--","--","23.0","No","00:06:13.9","3","27.0","--","--","--","--","--","--","--","--","00:22:00","00:22:09","13","27"
Running,2020-11-18 18:43:11,false,"Göteborg Löpning","2.58","237","00:21:51","152","170","4.5","153","182","8:28","6:03","26","20","0.77","--","--","--","--","--","--","--","--","--","0.0","--","--","--","--","--","--","--","--","--","--","--","--","3,344","--","--","--","--","--","--","--","--","--","--","24.0","No","00:04:57.6","3","28.0","--","--","--","--","--","--","--","--","00:21:46","00:21:51","7","30"
Running,2020-11-17 17:15:42,false,"Göteborg Löpning","3.23","244","00:27:46","134","175","3.3","144","176","8:35","6:19","26","23","0.81","--","--","--","--","--","--","--","--","--","0.0","--","--","--","--","--","--","--","--","--","--","--","--","3,964","--","--","--","--","--","--","--","--","--","--","22.0","No","00:02:04.9","4","26.0","--","--","--","--","--","--","--","--","00:27:43","00:27:46","7","22"
Running,2020-11-16 17:40:15,false,"Göteborg Löpning","3.25","272","00:30:16","142","177","3.5","129","160","9:19","6:26","31","27","0.85","--","--","--","--","--","--","--","--","--","0.0","--","--","--","--","--","--","--","--","--","--","--","--","3,868","--","--","--","--","--","--","--","--","--","--","25.0","No","00:03:07.2","4","27.0","--","--","--","--","--","--","--","--","00:30:05","00:30:16","10","26"
Running,2020-11-13 15:56:09,false,"Göteborg Löpning","4.19","314","00:37:37","131","168","3.1","134","182","8:59","5:36","30","28","0.83","--","--","--","--","--","--","--","--","--","0.0","--","--","--","--","--","--","--","--","--","--","--","--","5,010","--","--","--","--","--","--","--","--","--","--","24.0","No","00:01:57.1","5","30.0","--","--","--","--","--","--","--","--","00:37:33","00:37:37","13","25"
Running,2020-10-06 17:13:50,false,"Göteborg Löpning","4.03","282","00:40:40","128","176","2.6","115","156","10:05","6:49","26","21","0.86","--","--","--","--","--","--","--","--","--","0.0","--","--","--","--","--","--","--","--","--","--","--","--","4,768","--","--","--","--","--","--","--","--","--","--","20.0","No","00:00:21.1","5","25.0","--","--","--","--","--","--","--","--","00:40:38","00:40:40","1","23"
Cycling,2020-09-27 12:38:39,false,"Göteborg Cykling","13.45","532","00:45:52","150","171","4.3","--","--","17.6","35.4","102","104","--","--","--","--","--","--","--","--","--","--","0.0","--","--","--","--","--","--","--","--","--","--","--","--","--","--","--","--","--","--","--","--","--","--","--","22.0","No","00:12:06","3","29.0","--","--","--","--","--","--","--","--","00:42:45","00:45:52","3","42"
Cycling,2020-09-23 17:31:02,false,"Göteborg Cykling","17.73","573","01:03:04","134","167","3.1","--","--","16.9","52.2","227","224","--","--","--","--","--","--","--","--","--","--","0.0","--","--","--","--","--","--","--","--","--","--","--","--","--","--","--","--","--","--","--","--","--","--","--","20.0","No","00:07:13.4","4","30.0","--","--","--","--","--","--","--","--","01:02:07","01:03:04","'-7","81"
Cycling,2020-09-15 16:53:48,false,"Göteborg Cykling","17.46","498","00:57:19","138","169","2.7","--","--","18.3","53.8","156","153","--","--","--","--","--","--","--","--","--","--","0.0","--","--","--","--","--","--","--","--","--","--","--","--","--","--","--","--","--","--","--","--","--","--","--","23.0","No","00:08:11.7","4","28.0","--","--","--","--","--","--","--","--","00:57:17","00:57:19","'-9","71"
Cycling,2020-09-14 17:26:53,false,"Göteborg Cykling","19.72","178","00:52:19","86","102","1.1","--","--","22.6","40.1","104","106","--","--","--","--","--","--","--","--","--","--","0.0","--","--","--","--","--","--","--","--","--","--","--","--","--","--","--","--","--","--","--","--","--","--","--","24.0","No","00:12:10","4","27.0","--","--","--","--","--","--","--","--","00:52:08","00:52:19","'-11","8"
Cycling,2020-09-06 17:31:13,false,"Göteborg Cykling","12.55","399","00:35:59","147","176","3.3","--","--","20.9","41.2","63","66","--","--","--","--","--","--","--","--","--","--","0.0","--","--","--","--","--","--","--","--","--","--","--","--","--","--","--","--","--","--","--","--","--","--","--","21.0","No","00:10:17","3","29.0","--","--","--","--","--","--","--","--","00:33:19","00:35:59","'-13","9"
Cycling,2020-09-05 09:11:39,false,"Göteborg Cykling","17.71","525","01:04:08","130","151","2.4","--","--","16.6","54.1","170","171","--","--","--","--","--","--","--","--","--","--","0.0","--","--","--","--","--","--","--","--","--","--","--","--","--","--","--","--","--","--","--","--","--","--","--","19.0","No","00:09:52.2","4","29.0","--","--","--","--","--","--","--","--","01:02:32","01:04:08","'-12","75"
Running,2020-08-31 17:39:41,false,"Göteborg Löpning","1.98","196","00:20:15","142","182","2.5","108","169","10:13","5:27","9","4","0.91","--","--","--","--","--","--","--","--","--","0.0","--","--","--","--","--","--","--","--","--","--","--","--","2,180","--","--","--","--","--","--","--","--","--","--","24.0","No","00:07:20.4","2","28.0","--","--","--","--","--","--","--","--","00:16:03","00:20:15","'-1","10"
Cycling,2020-08-30 15:02:06,false,"Göteborg Cykling","7.54","265","00:24:34","142","175","2.8","--","--","18.4","34.9","64","58","--","--","--","--","--","--","--","--","--","--","0.0","--","--","--","--","--","--","--","--","--","--","--","--","--","--","--","--","--","--","--","--","--","--","--","24.0","No","00:07:39.1","2","29.0","--","--","--","--","--","--","--","--","00:22:39","00:24:34","'-21","26"
Cycling,2020-08-30 11:28:06,false,"Göteborg Cykling","8.08","324","00:32:13","137","170","2.6","--","--","15.0","32.2","75","43","--","--","--","--","--","--","--","--","--","--","0.0","--","--","--","--","--","--","--","--","--","--","--","--","--","--","--","--","--","--","--","--","--","--","--","23.0","No","00:15:49","2","28.0","--","--","--","--","--","--","--","--","00:30:25","00:32:13","'-23","37"
Cycling,2020-08-27 19:04:01,false,"Göteborg Cykling","19.74","545","00:57:50","135","164","2.8","--","--","20.5","40.7","102","104","--","--","--","--","--","--","--","--","--","--","0.0","--","--","--","--","--","--","--","--","--","--","--","--","--","--","--","--","--","--","--","--","--","--","--","21.0","No","00:13:56","4","30.0","--","--","--","--","--","--","--","--","00:56:57","00:57:50","'-15","6"
Cycling,2020-08-23 14:14:05,false,"Göteborg Cykling","17.50","558","00:55:41","147","191","3.1","--","--","18.9","54.1","162","162","--","--","--","--","--","--","--","--","--","--","0.0","--","--","--","--","--","--","--","--","--","--","--","--","--","--","--","--","--","--","--","--","--","--","--","23.0","No","00:09:02.9","4","30.0","--","--","--","--","--","--","--","--","00:53:51","00:55:41","'-14","70"
Cycling,2020-08-19 19:29:01,false,"Göteborg Cykling","5.05","164","00:19:58","125","163","1.7","--","--","15.2","35.6","27","16","--","--","--","--","--","--","--","--","--","--","0.0","--","--","--","--","--","--","--","--","--","--","--","--","--","--","--","--","--","--","--","--","--","--","--","27.0","No","00:00:54.6","2","29.0","--","--","--","--","--","--","--","--","00:17:17","00:19:58","'-29","'-7"
Cycling,2020-08-19 16:50:05,false,"Göteborg Cykling","6.67","226","00:25:43","129","145","1.9","--","--","15.6","31.1","22","32","--","--","--","--","--","--","--","--","--","--","0.0","--","--","--","--","--","--","--","--","--","--","--","--","--","--","--","--","--","--","--","--","--","--","--","28.0","No","00:09:36.7","2","29.0","--","--","--","--","--","--","--","--","00:21:37","00:25:43","'-32","'-13"
Cycling,2020-08-17 19:12:54,false,"Göteborg Cykling","17.02","457","00:55:07","136","171","2.6","--","--","18.5","60.1","132","132","--","--","--","--","--","--","--","--","--","--","0.0","--","--","--","--","--","--","--","--","--","--","--","--","--","--","--","--","--","--","--","--","--","--","--","26.0","No","00:09:12.7","4","31.0","--","--","--","--","--","--","--","--","00:52:25","00:55:07","'-25","55"
Cycling,2020-08-16 20:17:26,false,"Göteborg Cykling","19.70","548","00:53:36","141","162","2.8","--","--","22.1","41.5","103","105","--","--","--","--","--","--","--","--","--","--","0.0","--","--","--","--","--","--","--","--","--","--","--","--","--","--","--","--","--","--","--","--","--","--","--","25.0","No","00:12:42","4","31.0","--","--","--","--","--","--","--","--","00:53:26","00:53:58","'-24","'-3"
Cycling,2020-08-15 17:48:36,false,"Göteborg Cykling","17.28","747","01:19:29","142","183","3.1","--","--","13.0","54.7","231","230","--","--","--","--","--","--","--","--","--","--","0.0","--","--","--","--","--","--","--","--","--","--","--","--","--","--","--","--","--","--","--","--","--","--","--","26.0","No","00:06:28.9","4","31.0","--","--","--","--","--","--","--","--","01:08:44","01:19:29","'-15","84"
Cycling,2020-08-12 21:28:55,false,"Göteborg Cykling","7.94","314","00:26:37","150","175","3.0","--","--","17.9","34.6","45","46","--","--","--","--","--","--","--","--","--","--","0.0","--","--","--","--","--","--","--","--","--","--","--","--","--","--","--","--","--","--","--","--","--","--","--","24.0","No","00:10:11","2","27.0","--","--","--","--","--","--","--","--","00:25:40","00:26:37","'-24","'-3"
Cycling,2020-08-12 19:20:41,false,"Göteborg Cykling","7.44","342","00:33:57","141","166","2.6","--","--","13.1","36.4","49","89","--","--","--","--","--","--","--","--","--","--","0.0","--","--","--","--","--","--","--","--","--","--","--","--","--","--","--","--","--","--","--","--","--","--","--","28.0","No","00:14:59","2","30.0","--","--","--","--","--","--","--","--","00:28:58","00:33:57","'-29","'-1"
Cycling,2020-08-12 18:15:18,false,"Göteborg Cykling","8.71","311","00:34:17","132","151","2.1","--","--","15.2","31.6","33","41","--","--","--","--","--","--","--","--","--","--","0.0","--","--","--","--","--","--","--","--","--","--","--","--","--","--","--","--","--","--","--","--","--","--","--","28.0","No","00:16:38","2","31.0","--","--","--","--","--","--","--","--","00:30:00","00:34:17","'-26","'-8"
Cycling,2020-08-11 19:37:08,false,"Göteborg Cykling","19.69","494","00:52:48","141","183","2.4","--","--","22.4","40.5","99","102","--","--","--","--","--","--","--","--","--","--","0.0","--","--","--","--","--","--","--","--","--","--","--","--","--","--","--","--","--","--","--","--","--","--","--","27.0","No","00:12:40","4","32.0","--","--","--","--","--","--","--","--","00:52:21","00:52:48","'-19","1"
Cycling,2020-08-10 20:11:59,false,"Göteborg Cykling","19.73","419","01:00:54","122","151","2.1","--","--","19.4","41.4","97","101","--","--","--","--","--","--","--","--","--","--","0.0","--","--","--","--","--","--","--","--","--","--","--","--","--","--","--","--","--","--","--","--","--","--","--","26.0","No","00:14:06","4","31.0","--","--","--","--","--","--","--","--","01:00:20","01:00:54","'-15","5"
Cycling,2020-08-09 14:31:22,false,"Göteborg Cykling","5.39","317","00:31:26","143","176","3.1","--","--","10.3","30.2","97","96","--","--","--","--","--","--","--","--","--","--","0.0","--","--","--","--","--","--","--","--","--","--","--","--","--","--","--","--","--","--","--","--","--","--","--","29.0","No","00:01:36.9","2","34.0","--","--","--","--","--","--","--","--","00:26:11","00:31:26","'-5","31"
Cycling,2020-08-08 20:30:20,false,"Göteborg Cykling","8.68","348","00:40:39","132","165","2.5","--","--","12.8","35.9","123","122","--","--","--","--","--","--","--","--","--","--","0.0","--","--","--","--","--","--","--","--","--","--","--","--","--","--","--","--","--","--","--","--","--","--","--","25.0","No","00:15:21","2","30.0","--","--","--","--","--","--","--","--","00:33:44","00:40:39","'-3","46"
Running,2020-08-06 19:48:53,false,"Göteborg Löpning","3.45","315","00:27:38","154","174","3.2","141","164","8:00","5:30","22","94","0.89","--","--","--","--","--","--","--","--","--","0.0","--","--","--","--","--","--","--","--","--","--","--","--","3,886","--","--","--","--","--","--","--","--","--","--","26.0","No","00:03:57.7","4","28.0","--","--","--","--","--","--","--","--","00:26:44","00:27:38","'-0","22"
Cycling,2020-08-02 18:48:23,false,"Göteborg Cykling","12.55","339","00:32:31","139","157","3.0","--","--","23.2","40.6","66","67","--","--","--","--","--","--","--","--","--","--","0.0","--","--","--","--","--","--","--","--","--","--","--","--","--","--","--","--","--","--","--","--","--","--","--","23.0","No","00:07:19.2","3","30.0","--","--","--","--","--","--","--","--","00:32:25","00:32:31","'-13","7"
Cycling,2020-07-31 17:36:36,false,"Göteborg Cykling","19.73","587","00:49:38","154","186","4.3","--","--","23.9","40.6","102","105","--","--","--","--","--","--","--","--","--","--","0.0","--","--","--","--","--","--","--","--","--","--","--","--","--","--","--","--","--","--","--","--","--","--","--","27.0","No","00:11:57","4","30.0","--","--","--","--","--","--","--","--","00:49:30","00:49:38","'-12","7"
Cycling,2020-07-27 12:11:55,false,"Göteborg Cykling","19.71","554","00:53:20","142","174","3.7","--","--","22.2","41.3","113","111","--","--","--","--","--","--","--","--","--","--","0.0","--","--","--","--","--","--","--","--","--","--","--","--","--","--","--","--","--","--","--","--","--","--","--","25.0","No","00:00:09.1","5","29.0","--","--","--","--","--","--","--","--","00:52:50","00:57:09","'-10","10"
Cycling,2020-07-23 17:36:44,false,"Göteborg Cykling","15.01","355","00:49:42","122","149","2.3","--","--","18.1","38.6","86","84","--","--","--","--","--","--","--","--","--","--","0.0","--","--","--","--","--","--","--","--","--","--","--","--","--","--","--","--","--","--","--","--","--","--","--","24.0","No","00:00:02.4","4","29.0","--","--","--","--","--","--","--","--","00:48:09","00:52:28","'-15","18"
Cycling,2020-07-22 15:13:48,false,"Göteborg Cykling","19.74","521","00:53:16","138","158","3.3","--","--","22.2","42.6","113","115","--","--","--","--","--","--","--","--","--","--","0.0","--","--","--","--","--","--","--","--","--","--","--","--","--","--","--","--","--","--","--","--","--","--","--","24.0","No","00:11:46","4","29.0","--","--","--","--","--","--","--","--","00:52:20","00:53:16","'-11","12"
Cycling,2020-07-21 11:55:25,false,"Göteborg Cykling","9.39","304","00:32:15","133","169","2.8","--","--","17.5","40.4","55","56","--","--","--","--","--","--","--","--","--","--","0.0","--","--","--","--","--","--","--","--","--","--","--","--","--","--","--","--","--","--","--","--","--","--","--","24.0","No","00:13:45","2","30.0","--","--","--","--","--","--","--","--","00:27:27","00:56:29","'-15","5"
Cycling,2020-07-19 14:41:47,false,"Bollebygd Cykling","45.70","1,916","02:53:44","162","184","5.0","--","--","15.8","42.0","484","277","--","--","--","--","--","--","--","--","--","--","0.0","--","--","--","--","--","--","--","--","--","--","--","--","--","--","--","--","--","--","--","--","--","--","--","27.0","No","00:03:55.2","10","32.0","--","--","--","--","--","--","--","--","02:37:55","02:53:44","75","286"
Cycling,2020-07-19 11:16:54,false,"Göteborg Cykling","45.96","1,482","02:49:18","144","175","4.8","--","--","16.3","46.5","557","479","--","--","--","--","--","--","--","--","--","--","0.0","--","--","--","--","--","--","--","--","--","--","--","--","--","--","--","--","--","--","--","--","--","--","--","26.0","No","00:05:13.7","10","31.0","--","--","--","--","--","--","--","--","02:33:26","02:49:18","'-10","150"
Cycling,2020-07-18 18:36:45,false,"Göteborg Cykling","20.67","560","01:08:44","135","162","3.9","--","--","18.0","38.2","112","233","--","--","--","--","--","--","--","--","--","--","0.0","--","--","--","--","--","--","--","--","--","--","--","--","--","--","--","--","--","--","--","--","--","--","--","26.0","No","00:02:15.7","5","30.0","--","--","--","--","--","--","--","--","01:03:58","01:08:44","'-12","95"
Cycling,2020-07-16 18:09:02,false,"Göteborg Cykling","45.37","1,686","02:23:57","--","--","--","--","--","18.9","46.3","331","338","--","--","--","--","--","--","--","--","--","--","0.0","--","--","--","--","--","--","--","--","--","--","--","--","--","--","--","--","--","--","--","--","--","--","--","24.0","No","00:01:26.7","10","28.0","--","--","--","--","--","--","--","--","02:23:14","02:23:57","88","178"
Cycling,2020-07-15 19:59:26,false,"Göteborg Cykling","19.47","736","00:54:00","--","--","--","--","--","21.6","40.9","99","101","--","--","--","--","--","--","--","--","--","--","0.0","--","--","--","--","--","--","--","--","--","--","--","--","--","--","--","--","--","--","--","--","--","--","--","21.0","No","00:12:50","4","27.0","--","--","--","--","--","--","--","--","00:52:42","00:54:00","2","24"
Cycling,2020-07-11 12:31:40,false,"Göteborg Cykling","10.49","346","01:12:28","--","--","--","--","--","8.7","26.0","45","64","--","--","--","--","--","--","--","--","--","--","0.0","--","--","--","--","--","--","--","--","--","--","--","--","--","--","--","--","--","--","--","--","--","--","--","23.0","No","00:05:53.9","3","31.0","--","--","--","--","--","--","--","--","01:03:10","01:12:28","8","30"
Cycling,2020-07-05 12:58:01,false,"Göteborg Cykling","10.89","464","00:36:03","--","--","--","--","--","18.1","34.8","72","76","--","--","--","--","--","--","--","--","--","--","0.0","--","--","--","--","--","--","--","--","--","--","--","--","--","--","--","--","--","--","--","--","--","--","--","20.0","No","00:03:04.2","3","27.0","--","--","--","--","--","--","--","--","00:35:07","00:43:25","'-4","18"
Cycling,2020-06-29 20:16:25,false,"Göteborg Cykling","8.62","245","00:32:16","121","143","2.4","--","--","16.0","35.6","41","40","--","--","--","--","--","--","--","--","--","--","0.0","--","--","--","--","--","--","--","--","--","--","--","--","--","--","--","--","--","--","--","--","--","--","--","23.0","No","00:11:18","2","26.0","--","--","--","--","--","--","--","--","00:28:47","00:32:16","'-1","16"
Cycling,2020-06-29 19:19:32,false,"Göteborg Cykling","8.94","305","00:32:26","135","171","3.0","--","--","16.5","29.7","49","47","--","--","--","--","--","--","--","--","--","--","0.0","--","--","--","--","--","--","--","--","--","--","--","--","--","--","--","--","--","--","--","--","--","--","--","23.0","No","00:16:09","2","28.0","--","--","--","--","--","--","--","--","00:29:58","00:32:26","'-8","14"
Cycling,2020-06-23 20:46:48,false,"Göteborg Cykling","9.11","67","00:25:41","79","79","1.0","--","--","21.3","35.6","41","45","--","--","--","--","--","--","--","--","--","--","0.0","--","--","--","--","--","--","--","--","--","--","--","--","--","--","--","--","--","--","--","--","--","--","--","22.0","No","00:11:55","2","24.0","--","--","--","--","--","--","--","--","00:25:23","00:25:41","1","19"
Cycling,2020-06-23 18:12:52,false,"Göteborg Cykling","9.09","125","01:24:23","76","94","1.0","--","--","6.5","29.6","53","53","--","--","--","--","--","--","--","--","--","--","0.0","--","--","--","--","--","--","--","--","--","--","--","--","--","--","--","--","--","--","--","--","--","--","--","24.0","No","00:18:29","2","29.0","--","--","--","--","--","--","--","--","00:36:24","01:24:23","87","107"
Cycling,2020-06-17 18:24:40,false,"Göteborg Cykling","6.40","214","00:23:36","131","151","2.3","--","--","16.3","35.8","32","18","--","--","--","--","--","--","--","--","--","--","0.0","--","--","--","--","--","--","--","--","--","--","--","--","--","--","--","--","--","--","--","--","--","--","--","26.0","No","00:04:45.8","2","30.0","--","--","--","--","--","--","--","--","00:22:06","00:23:36","90","105"
Cycling,2020-06-17 17:39:12,false,"Göteborg Cykling","5.36","159","00:17:38","129","142","2.1","--","--","18.2","34.8","15","26","--","--","--","--","--","--","--","--","--","--","0.0","--","--","--","--","--","--","--","--","--","--","--","--","--","--","--","--","--","--","--","--","--","--","--","29.0","No","00:02:08.1","2","31.0","--","--","--","--","--","--","--","--","00:16:39","00:17:38","87","105"
Cycling,2020-06-15 19:04:34,false,"Göteborg Cykling","17.48","652","01:03:37","--","--","--","--","--","16.5","53.2","148","150","--","--","--","--","--","--","--","--","--","--","0.0","--","--","--","--","--","--","--","--","--","--","--","--","--","--","--","--","--","--","--","--","--","--","--","26.0","No","00:08:57.2","4","31.0","--","--","--","--","--","--","--","--","01:00:15","01:03:37","'-2","78"
Cycling,2020-06-14 10:08:41,false,"Göteborg Cykling","13.78","493","00:42:32","--","--","--","--","--","19.4","31.5","68","69","--","--","--","--","--","--","--","--","--","--","0.0","--","--","--","--","--","--","--","--","--","--","--","--","--","--","--","--","--","--","--","--","--","--","--","27.0","No","00:00:12.8","5","30.0","--","--","--","--","--","--","--","--","00:42:31","00:42:34","1","23"
Cycling,2020-06-10 18:17:08,false,"Göteborg Cykling","19.68","737","00:56:23","--","--","--","--","--","20.9","38.7","103","108","--","--","--","--","--","--","--","--","--","--","0.0","--","--","--","--","--","--","--","--","--","--","--","--","--","--","--","--","--","--","--","--","--","--","--","26.0","No","00:12:51","4","28.0","--","--","--","--","--","--","--","--","00:56:14","00:56:23","4","27"
Cycling,2020-06-04 18:10:59,false,"Göteborg Cykling","11.49","379","00:39:01","138","159","3.2","--","--","17.7","30.1","53","52","--","--","--","--","--","--","--","--","--","--","0.0","--","--","--","--","--","--","--","--","--","--","--","--","--","--","--","--","--","--","--","--","--","--","--","24.0","No","00:05:30.3","3","29.0","--","--","--","--","--","--","--","--","00:39:00","00:39:01","8","24"
Cycling,2020-06-02 18:55:05,false,"Göteborg Cykling","19.72","581","00:53:18","147","175","3.7","--","--","22.2","39.3","105","103","--","--","--","--","--","--","--","--","--","--","0.0","--","--","--","--","--","--","--","--","--","--","--","--","--","--","--","--","--","--","--","--","--","--","--","25.0","No","00:12:21","4","28.0","--","--","--","--","--","--","--","--","00:52:30","00:53:18","8","29"
Cycling,2020-05-31 19:33:15,false,"Göteborg Cykling","19.72","595","00:53:23","152","195","3.9","--","--","22.2","36.7","104","107","--","--","--","--","--","--","--","--","--","--","0.0","--","--","--","--","--","--","--","--","--","--","--","--","--","--","--","--","--","--","--","--","--","--","--","25.0","No","00:12:29","4","29.0","--","--","--","--","--","--","--","--","00:53:10","00:53:23","10","30"
Cycling,2020-05-25 17:23:26,false,"Göteborg Cykling","19.70","599","00:50:12","156","196","5.0","--","--","23.5","40.1","102","108","--","--","--","--","--","--","--","--","--","--","0.0","--","--","--","--","--","--","--","--","--","--","--","--","--","--","--","--","--","--","--","--","--","--","--","24.0","No","00:12:04","4","29.0","--","--","--","--","--","--","--","--","00:49:39","00:50:12","13","36"
Cycling,2020-05-20 17:29:17,false,"Göteborg Cykling","17.55","462","01:02:02","127","155","2.3","--","--","17.0","33.3","93","95","--","--","--","--","--","--","--","--","--","--","0.0","--","--","--","--","--","--","--","--","--","--","--","--","--","--","--","--","--","--","--","--","--","--","--","22.0","No","00:03:32.7","5","28.0","--","--","--","--","--","--","--","--","01:00:36","01:02:02","16","37"
Cycling,2020-05-11 18:10:30,false,"Göteborg Cykling","17.48","513","00:49:15","143","173","3.2","--","--","21.3","36.1","61","60","--","--","--","--","--","--","--","--","--","--","0.0","--","--","--","--","--","--","--","--","--","--","--","--","--","--","--","--","--","--","--","--","--","--","--","21.0","No","00:08:14.0","4","28.0","--","--","--","--","--","--","--","--","00:49:14","00:49:15","17","38"
Cycling,2020-05-10 09:39:24,false,"Göteborg Cykling","14.79","469","00:56:00","131","169","2.3","--","--","15.8","39.2","95","93","--","--","--","--","--","--","--","--","--","--","0.0","--","--","--","--","--","--","--","--","--","--","--","--","--","--","--","--","--","--","--","--","--","--","--","21.0","No","00:17:07","3","29.0","--","--","--","--","--","--","--","--","00:50:06","00:56:00","72","107"
Cycling,2020-05-05 18:27:35,false,"Göteborg Cykling","6.52","273","00:40:39","115","163","2.0","--","--","9.6","40.2","94","91","--","--","--","--","--","--","--","--","--","--","0.0","--","--","--","--","--","--","--","--","--","--","--","--","--","--","--","--","--","--","--","--","--","--","--","17.0","No","00:08:30.8","2","30.0","--","--","--","--","--","--","--","--","00:22:44","00:40:39","18","88"
Cycling,2020-05-02 16:17:49,false,"Göteborg Cykling","15.65","555","00:57:12","139","173","3.0","--","--","16.4","42.5","183","187","--","--","--","--","--","--","--","--","--","--","0.0","--","--","--","--","--","--","--","--","--","--","--","--","--","--","--","--","--","--","--","--","--","--","--","20.0","No","00:02:09.6","4","29.0","--","--","--","--","--","--","--","--","00:54:55","00:57:12","15","102"
Cycling,2020-05-01 09:54:43,false,"Göteborg Cykling","27.08","947","01:38:33","142","169","3.0","--","--","16.5","44.6","243","240","--","--","--","--","--","--","--","--","--","--","0.0","--","--","--","--","--","--","--","--","--","--","--","--","--","--","--","--","--","--","--","--","--","--","--","20.0","No","00:06:09.8","6","29.0","--","--","--","--","--","--","--","--","01:30:35","01:46:25","'-22","90"
Cycling,2020-04-29 17:39:59,false,"Göteborg Cykling","24.37","345","01:13:39","104","104","1.2","--","--","19.9","45.4","127","123","--","--","--","--","--","--","--","--","--","--","0.0","--","--","--","--","--","--","--","--","--","--","--","--","--","--","--","--","--","--","--","--","--","--","--","19.0","No","00:13:31","5","28.0","--","--","--","--","--","--","--","--","01:13:10","01:13:39","'-30","25"
Cycling,2020-04-27 18:35:14,false,"Göteborg Cykling","5.72","91","00:16:36","105","113","1.2","--","--","20.7","49.9","60","60","--","--","--","--","--","--","--","--","--","--","0.0","--","--","--","--","--","--","--","--","--","--","--","--","--","--","--","--","--","--","--","--","--","--","--","15.0","No","00:02:04.7","2","27.0","--","--","--","--","--","--","--","--","00:16:28","00:16:36","'-14","39"
Cycling,2020-04-26 11:40:33,false,"Göteborg Cykling","27.38","935","01:29:20","153","190","3.9","--","--","18.4","38.3","228","232","--","--","--","--","--","--","--","--","--","--","0.0","--","--","--","--","--","--","--","--","--","--","--","--","--","--","--","--","--","--","--","--","--","--","--","17.0","No","00:07:31.2","6","28.0","--","--","--","--","--","--","--","--","01:20:22","01:29:20","'-22","71"
Cycling,2020-04-21 17:44:07,false,"Göteborg Cykling","19.71","610","00:53:30","150","180","3.5","--","--","22.1","38.6","113","115","--","--","--","--","--","--","--","--","--","--","0.0","--","--","--","--","--","--","--","--","--","--","--","--","--","--","--","--","--","--","--","--","--","--","--","24.0","No","00:12:26","4","28.0","--","--","--","--","--","--","--","--","00:52:56","00:53:30","'-19","2"
Cycling,2020-04-19 14:35:27,false,"Gothenburg Cycling","9.06","373","00:32:06","153","177","3.3","--","--","16.9","30.8","45","33","--","--","--","--","--","--","--","--","--","--","0.0","--","--","--","--","--","--","--","--","--","--","--","--","--","--","--","--","--","--","--","--","--","--","--","20.0","No","00:15:58","2","25.0","--","--","--","--","--","--","--","--","00:28:26","00:32:06","'-18","1"
Cycling,2020-04-19 13:37:11,false,"Gothenburg Cycling","9.35","401","00:34:56","150","181","3.4","--","--","16.1","29.1","46","52","--","--","--","--","--","--","--","--","--","--","0.0","--","--","--","--","--","--","--","--","--","--","--","--","--","--","--","--","--","--","--","--","--","--","--","20.0","No","00:16:45","2","29.0","--","--","--","--","--","--","--","--","00:31:36","00:34:56","'-18","'-1"
Cycling,2020-04-15 18:57:20,false,"Gothenburg Cycling","9.02","361","00:29:43","158","182","3.4","--","--","18.2","30.0","60","43","--","--","--","--","--","--","--","--","--","--","0.0","--","--","--","--","--","--","--","--","--","--","--","--","--","--","--","--","--","--","--","--","--","--","--","22.0","No","00:13:02","2","27.0","--","--","--","--","--","--","--","--","00:28:05","00:29:43","'-26","'-5"
Cycling,2020-04-15 17:53:59,false,"Gothenburg Cycling","9.31","353","00:34:54","139","164","3.0","--","--","16.0","31.5","37","52","--","--","--","--","--","--","--","--","--","--","0.0","--","--","--","--","--","--","--","--","--","--","--","--","--","--","--","--","--","--","--","--","--","--","--","21.0","No","00:12:57","2","30.0","--","--","--","--","--","--","--","--","00:29:44","00:34:54","'-20","'-4"
Running,2020-04-13 17:03:46,false,"Göteborg Löpning","2.68","248","00:28:52","140","181","2.4","83","169","10:46","4:07","36","33","1.12","--","--","--","--","--","--","--","--","--","0.0","--","--","--","--","--","--","--","--","--","--","--","--","2,466","--","--","--","--","--","--","--","--","--","--","16.0","No","00:05:19.5","3","30.0","--","--","--","--","--","--","--","--","00:19:51","00:28:52","2","22"
Cycling,2020-04-07 17:52:59,false,"Göteborg Cykling","19.85","591","00:53:48","149","179","3.6","--","--","22.1","43.0","78","79","--","--","--","--","--","--","--","--","--","--","0.0","--","--","--","--","--","--","--","--","--","--","--","--","--","--","--","--","--","--","--","--","--","--","--","20.0","No","00:11:52","4","28.0","--","--","--","--","--","--","--","--","00:53:35","00:53:48","15","35"
Cycling,2020-04-06 16:58:19,false,"Göteborg Cykling","20.40","599","00:57:07","146","174","3.4","--","--","21.4","41.3","76","76","--","--","--","--","--","--","--","--","--","--","0.0","--","--","--","--","--","--","--","--","--","--","--","--","--","--","--","--","--","--","--","--","--","--","--","26.0","No","00:01:17.8","5","28.0","--","--","--","--","--","--","--","--","00:56:29","00:57:07","9","30"
Cycling,2020-04-04 15:34:10,false,"Göteborg Cykling","19.72","528","00:55:55","142","162","2.9","--","--","21.2","38.1","70","76","--","--","--","--","--","--","--","--","--","--","0.0","--","--","--","--","--","--","--","--","--","--","--","--","--","--","--","--","--","--","--","--","--","--","--","22.0","No","00:12:57","4","28.0","--","--","--","--","--","--","--","--","00:55:12","00:55:55","12","32"
Cycling,2020-04-03 17:37:39,false,"Göteborg Cykling","17.49","545","00:55:18","145","176","3.0","--","--","19.0","52.5","153","159","--","--","--","--","--","--","--","--","--","--","0.0","--","--","--","--","--","--","--","--","--","--","--","--","--","--","--","--","--","--","--","--","--","--","--","17.0","No","00:07:33.9","4","29.0","--","--","--","--","--","--","--","--","00:55:14","00:55:18","9","100"
Other,2020-04-02 17:07:20,false,"Badminton","0.00","445","00:49:42","140","168","2.4","--","--","--","--","--","--","--","--","--","--","--","--","--","--","--","--","0.0","--","--","--","--","--","--","--","--","--","--","--","--","--","--","--","--","--","--","--","--","--","--","--","23.0","No","00:00:12.1","2","27.0","--","--","--","--","--","--","--","--","00:00:00","00:49:52","26","32"
Cycling,2020-04-01 16:50:57,false,"Göteborg Cykling","20.49","633","01:00:02","147","176","3.5","--","--","20.5","43.6","96","91","--","--","--","--","--","--","--","--","--","--","0.0","--","--","--","--","--","--","--","--","--","--","--","--","--","--","--","--","--","--","--","--","--","--","--","21.0","No","00:01:41.5","5","28.0","--","--","--","--","--","--","--","--","00:59:44","01:00:02","25","46"
Cycling,2020-03-30 16:59:02,false,"Göteborg Cykling","15.44","556","00:56:15","142","185","3.9","--","--","16.5","32.2","55","56","--","--","--","--","--","--","--","--","--","--","0.0","--","--","--","--","--","--","--","--","--","--","--","--","--","--","--","--","--","--","--","--","--","--","--","21.0","No","00:01:30.0","4","29.0","--","--","--","--","--","--","--","--","00:48:08","00:56:15","19","51"
Hiking,2020-03-29 12:10:41,false,"Ale Vandring","1.77","226","00:43:24","108","145","1.4","53","157","24:28","8:01","35","42","0.78","--","--","--","--","--","--","--","--","--","0.0","--","--","--","--","--","--","--","--","--","--","--","--","2,196","--","--","--","--","--","--","--","--","--","--","29.0","No","--:--:--","1","31.0","--","--","--","--","--","--","--","--","00:22:27","00:43:24","106","133"
Cycling,2020-03-28 10:37:38,false,"Göteborg Cykling","22.26","688","01:08:50","144","183","3.3","--","--","19.4","35.8","114","110","--","--","--","--","--","--","--","--","--","--","0.0","--","--","--","--","--","--","--","--","--","--","--","--","--","--","--","--","--","--","--","--","--","--","--","22.0","No","00:07:17.3","5","30.0","--","--","--","--","--","--","--","--","01:07:00","01:08:50","17","39"
Cycling,2020-03-25 17:01:56,false,"Göteborg Cykling","19.83","271","00:58:17","103","116","1.2","--","--","20.4","40.0","83","80","--","--","--","--","--","--","--","--","--","--","0.0","--","--","--","--","--","--","--","--","--","--","--","--","--","--","--","--","--","--","--","--","--","--","--","21.0","No","00:13:40","4","30.0","--","--","--","--","--","--","--","--","00:58:00","00:58:17","13","35"
Cycling,2020-03-22 14:50:17,false,"Göteborg Cykling","11.10","372","00:41:11","134","157","2.7","--","--","16.2","28.1","81","320","--","--","--","--","--","--","--","--","--","--","0.0","--","--","--","--","--","--","--","--","--","--","--","--","--","--","--","--","--","--","--","--","--","--","--","13.0","No","00:04:07.4","3","29.0","--","--","--","--","--","--","--","--","00:40:02","00:41:11","16","60"
Cycling,2020-03-21 14:13:11,false,"Göteborg Cykling","11.20","313","00:38:14","128","148","2.1","--","--","17.6","28.6","41","39","--","--","--","--","--","--","--","--","--","--","0.0","--","--","--","--","--","--","--","--","--","--","--","--","--","--","--","--","--","--","--","--","--","--","--","21.0","No","00:03:52.7","3","30.0","--","--","--","--","--","--","--","--","00:38:11","00:38:14","17","34"
Cycling,2020-03-20 16:42:39,false,"Göteborg Cykling","12.82","403","00:40:45","140","166","3.1","--","--","18.9","32.1","54","57","--","--","--","--","--","--","--","--","--","--","0.0","--","--","--","--","--","--","--","--","--","--","--","--","--","--","--","--","--","--","--","--","--","--","--","19.0","No","00:09:03.8","3","28.0","--","--","--","--","--","--","--","--","00:39:41","00:40:45","'-9","11"
Cycling,2020-03-19 17:22:54,false,"Göteborg Cykling","19.78","681","00:58:03","--","--","--","--","--","20.4","38.3","79","78","--","--","--","--","--","--","--","--","--","--","0.0","--","--","--","--","--","--","--","--","--","--","--","--","--","--","--","--","--","--","--","--","--","--","--","20.0","No","00:12:26","4","28.0","--","--","--","--","--","--","--","--","00:58:02","00:58:03","2","21"
Cycling,2020-03-18 17:27:44,false,"Göteborg Cykling","17.45","617","00:57:25","--","--","--","--","--","18.2","48.8","138","140","--","--","--","--","--","--","--","--","--","--","0.0","--","--","--","--","--","--","--","--","--","--","--","--","--","--","--","--","--","--","--","--","--","--","--","18.0","No","00:07:55.7","4","28.0","--","--","--","--","--","--","--","--","00:56:32","00:57:25","2","87"
Cycling,2020-03-16 17:33:06,false,"Göteborg Cykling","19.81","694","00:55:09","--","--","--","--","--","21.5","39.4","74","80","--","--","--","--","--","--","--","--","--","--","0.0","--","--","--","--","--","--","--","--","--","--","--","--","--","--","--","--","--","--","--","--","--","--","--","20.0","No","00:12:42","4","26.0","--","--","--","--","--","--","--","--","00:55:07","00:55:09","13","33"
Cycling,2020-03-14 11:04:41,false,"Göteborg Cykling","19.83","633","00:57:27","151","185","4.0","--","--","20.7","38.5","83","84","--","--","--","--","--","--","--","--","--","--","0.0","--","--","--","--","--","--","--","--","--","--","--","--","--","--","--","--","--","--","--","--","--","--","--","19.0","No","00:13:31","4","28.0","--","--","--","--","--","--","--","--","00:57:11","00:57:27","17","36"
Cycling,2020-03-11 18:20:59,false,"Göteborg Cykling","19.82","667","00:52:40","164","189","5.0","--","--","22.6","39.9","83","76","--","--","--","--","--","--","--","--","--","--","0.0","--","--","--","--","--","--","--","--","--","--","--","--","--","--","--","--","--","--","--","--","--","--","--","21.0","No","00:11:04","4","29.0","--","--","--","--","--","--","--","--","00:52:00","00:52:40","17","39"
Cycling,2020-03-09 18:29:25,false,"Göteborg Cykling","12.59","454","00:42:37","144","167","3.6","--","--","17.7","32.8","95","53","--","--","--","--","--","--","--","--","--","--","0.0","--","--","--","--","--","--","--","--","--","--","--","--","--","--","--","--","--","--","--","--","--","--","--","14.0","No","00:09:10.3","3","27.0","--","--","--","--","--","--","--","--","00:42:29","00:42:37","11","29"
Cycling,2020-03-01 14:21:29,false,"Göteborg Cykling","20.09","656","01:13:31","139","166","3.3","--","--","16.4","35.6","95","100","--","--","--","--","--","--","--","--","--","--","0.0","--","--","--","--","--","--","--","--","--","--","--","--","--","--","--","--","--","--","--","--","--","--","--","20.0","No","00:00:23.7","5","30.0","--","--","--","--","--","--","--","--","01:11:51","01:13:31","12","32"
Cycling,2020-02-29 10:03:08,false,"Göteborg Cykling","6.79","240","00:23:54","137","164","3.1","--","--","17.1","31.9","25","20","--","--","--","--","--","--","--","--","--","--","0.0","--","--","--","--","--","--","--","--","--","--","--","--","--","--","--","--","--","--","--","--","--","--","--","18.0","No","00:06:50.3","2","29.0","--","--","--","--","--","--","--","--","00:23:35","00:23:54","'-90","'-78"
Cycling,2020-02-28 18:16:44,false,"Göteborg Cykling","12.59","448","00:42:42","144","179","4.5","--","--","17.7","32.2","53","50","--","--","--","--","--","--","--","--","--","--","0.0","--","--","--","--","--","--","--","--","--","--","--","--","--","--","--","--","--","--","--","--","--","--","--","14.0","No","00:09:47.8","3","28.0","--","--","--","--","--","--","--","--","00:41:43","00:42:42","'-92","'-70"
Cycling,2020-02-24 17:31:46,false,"Göteborg Cykling","12.53","149","00:42:18","85","98","1.0","--","--","17.8","32.9","54","49","--","--","--","--","--","--","--","--","--","--","0.0","--","--","--","--","--","--","--","--","--","--","--","--","--","--","--","--","--","--","--","--","--","--","--","18.0","No","00:09:26.8","3","27.0","--","--","--","--","--","--","--","--","00:41:57","00:42:18","'-95","'-74"
Cycling,2020-02-13 15:30:43,false,"Göteborg Cykling","18.14","610","00:52:46","154","180","3.9","--","--","20.6","37.7","146","69","--","--","--","--","--","--","--","--","--","--","0.0","--","--","--","--","--","--","--","--","--","--","--","--","--","--","--","--","--","--","--","--","--","--","--","21.0","No","00:09:34.4","4","28.0","--","--","--","--","--","--","--","--","00:52:37","00:52:46","'-93","17"
Cycling,2020-02-11 17:48:17,false,"Göteborg Cykling","19.72","676","01:12:26","140","161","3.0","--","--","16.3","39.8","94","101","--","--","--","--","--","--","--","--","--","--","0.0","--","--","--","--","--","--","--","--","--","--","--","--","--","--","--","--","--","--","--","--","--","--","--","19.0","No","00:15:24","4","29.0","--","--","--","--","--","--","--","--","01:09:34","01:12:26","6","27"
Cycling,2020-01-30 16:27:59,false,"Göteborg Cykling","19.90","620","01:00:40","146","173","3.1","--","--","19.7","37.3","82","75","--","--","--","--","--","--","--","--","--","--","0.0","--","--","--","--","--","--","--","--","--","--","--","--","--","--","--","--","--","--","--","--","--","--","--","16.0","No","00:14:17","4","27.0","--","--","--","--","--","--","--","--","00:57:41","01:00:40","24","43"
Cycling,2020-01-27 17:51:29,false,"Göteborg Cykling","19.80","546","01:02:44","134","157","2.6","--","--","18.9","36.4","84","81","--","--","--","--","--","--","--","--","--","--","0.0","--","--","--","--","--","--","--","--","--","--","--","--","--","--","--","--","--","--","--","--","--","--","--","18.0","No","00:14:35","4","26.0","--","--","--","--","--","--","--","--","01:02:33","01:02:44","18","38"
Cycling,2020-01-26 12:14:26,false,"Göteborg Cykling","24.64","651","01:30:50","128","149","2.3","--","--","16.3","32.6","86","83","--","--","--","--","--","--","--","--","--","--","0.0","--","--","--","--","--","--","--","--","--","--","--","--","--","--","--","--","--","--","--","--","--","--","--","17.0","No","00:14:57","5","28.0","--","--","--","--","--","--","--","--","01:27:49","01:30:50","86","113"
Running,2020-01-26 09:30:57,false,"Göteborg Löpning","2.61","204","00:16:10","166","188","3.1","161","169","6:11","5:16","17","14","1.01","--","--","--","--","--","--","--","--","--","0.0","--","--","--","--","--","--","--","--","--","--","--","--","2,600","--","--","--","--","--","--","--","--","--","--","20.0","No","00:03:56.8","3","29.0","--","--","--","--","--","--","--","--","00:16:09","00:16:10","96","109"
Cycling,2020-01-22 17:02:15,false,"Göteborg Cykling","19.85","640","01:00:04","149","165","3.3","--","--","19.8","37.2","83","86","--","--","--","--","--","--","--","--","--","--","0.0","--","--","--","--","--","--","--","--","--","--","--","--","--","--","--","--","--","--","--","--","--","--","--","11.0","No","00:14:28","4","27.0","--","--","--","--","--","--","--","--","00:58:39","01:00:04","92","114"
Cycling,2020-01-20 17:50:26,false,"Göteborg Cykling","19.83","645","00:56:32","153","180","3.9","--","--","21.0","40.1","79","76","--","--","--","--","--","--","--","--","--","--","0.0","--","--","--","--","--","--","--","--","--","--","--","--","--","--","--","--","--","--","--","--","--","--","--","21.0","No","00:12:51","4","26.0","--","--","--","--","--","--","--","--","00:55:00","00:56:32","13","33"
Cycling,2020-01-19 13:12:51,false,"Göteborg Cykling","17.37","607","00:52:46","156","184","3.8","--","--","19.7","49.0","141","142","--","--","--","--","--","--","--","--","--","--","0.0","--","--","--","--","--","--","--","--","--","--","--","--","--","--","--","--","--","--","--","--","--","--","--","13.0","No","00:07:08.6","4","29.0","--","--","--","--","--","--","--","--","00:52:46","00:52:46","13","100"
Cycling,2020-01-16 17:43:20,false,"Göteborg Cykling","19.88","604","00:58:00","147","179","3.3","--","--","20.6","37.5","85","87","--","--","--","--","--","--","--","--","--","--","0.0","--","--","--","--","--","--","--","--","--","--","--","--","--","--","--","--","--","--","--","--","--","--","--","16.0","No","00:13:25","4","26.0","--","--","--","--","--","--","--","--","00:57:26","00:58:00","20","43"
Cycling,2020-01-15 17:35:09,false,"Göteborg Cykling","19.82","559","01:01:07","140","164","2.8","--","--","19.5","38.7","85","85","--","--","--","--","--","--","--","--","--","--","0.0","--","--","--","--","--","--","--","--","--","--","--","--","--","--","--","--","--","--","--","--","--","--","--","19.0","No","00:13:18","4","27.0","--","--","--","--","--","--","--","--","00:59:53","01:01:07","28","46"
Cycling,2020-01-13 20:01:23,false,"Göteborg Cykling","19.84","635","00:56:00","154","182","3.8","--","--","21.3","39.1","90","83","--","--","--","--","--","--","--","--","--","--","0.0","--","--","--","--","--","--","--","--","--","--","--","--","--","--","--","--","--","--","--","--","--","--","--","17.0","No","00:13:10","4","27.0","--","--","--","--","--","--","--","--","00:55:21","00:56:00","18","42"
Cycling,2020-01-11 11:45:52,false,"Göteborg Cykling","17.56","512","01:00:07","142","182","3.1","--","--","17.5","53.3","157","163","--","--","--","--","--","--","--","--","--","--","0.0","--","--","--","--","--","--","--","--","--","--","--","--","--","--","--","--","--","--","--","--","--","--","--","10.0","No","00:09:11.2","4","28.0","--","--","--","--","--","--","--","--","00:58:52","01:00:07","'-3","80"
Cycling,2020-01-08 17:42:46,false,"Göteborg Cykling","19.78","614","00:56:10","150","175","4.1","--","--","21.1","37.5","87","91","--","--","--","--","--","--","--","--","--","--","0.0","--","--","--","--","--","--","--","--","--","--","--","--","--","--","--","--","--","--","--","--","--","--","--","16.0","No","00:12:09","4","28.0","--","--","--","--","--","--","--","--","00:55:37","00:56:10","'-27","'-5"
Running,2020-01-07 17:39:35,false,"Löpning","2.54","208","00:18:49","153","173","3.2","151","164","7:25","5:57","20","15","0.89","--","--","--","--","--","--","--","--","--","0.0","--","--","--","--","--","--","--","--","--","--","--","--","2,828","--","--","--","--","--","--","--","--","--","--","13.0","No","00:03:58.6","3","25.0","--","--","--","--","--","--","--","--","00:18:42","00:18:49","'-17","'-4"
Cycling,2020-01-04 13:10:59,false,"Göteborg Cykling","19.58","644","01:04:45","143","166","3.4","--","--","18.1","33.4","99","112","--","--","--","--","--","--","--","--","--","--","0.0","--","--","--","--","--","--","--","--","--","--","--","--","--","--","--","--","--","--","--","--","--","--","--","10.0","No","00:14:36","4","26.0","--","--","--","--","--","--","--","--","01:03:30","01:04:45","'-21","6"
Cycling,2020-01-03 11:50:23,false,"Göteborg Cykling","25.36","404","01:31:43","147","186","1.0","--","--","16.6","38.7","241","247","--","--","--","--","--","--","--","--","--","--","0.0","--","--","--","--","--","--","--","--","--","--","--","--","--","--","--","--","--","--","--","--","--","--","--","14.0","No","00:01:20.0","6","29.0","--","--","--","--","--","--","--","--","01:28:58","01:31:43","'-291","'-181"
Cycling,2020-01-02 14:19:36,false,"Göteborg Cykling","17.51","608","01:03:50","149","192","3.4","--","--","16.5","52.2","158","150","--","--","--","--","--","--","--","--","--","--","0.0","--","--","--","--","--","--","--","--","--","--","--","--","--","--","--","--","--","--","--","--","--","--","--","16.0","No","00:09:01.6","4","29.0","--","--","--","--","--","--","--","--","01:02:54","01:03:50","'-271","'-186"
Cycling,2019-12-28 10:38:32,false,"Göteborg Cykling","17.09","607","01:07:41","144","190","3.6","--","--","15.1","33.8","209","458","--","--","--","--","--","--","--","--","--","--","0.0","--","--","--","--","--","--","--","--","--","--","--","--","--","--","--","--","--","--","--","--","--","--","--","14.0","No","00:07:01.9","4","30.0","--","--","--","--","--","--","--","--","01:06:18","01:07:41","'-295","33"
Cycling,2019-12-23 14:03:42,false,"Göteborg Cykling","17.71","598","01:07:28","146","183","3.4","--","--","15.8","35.0","243","147","--","--","--","--","--","--","--","--","--","--","0.0","--","--","--","--","--","--","--","--","--","--","--","--","--","--","--","--","--","--","--","--","--","--","--","13.0","No","00:09:55.3","4","28.0","--","--","--","--","--","--","--","--","01:04:42","01:07:28","19","105"
Cycling,2019-12-22 14:01:19,false,"Göteborg Cykling","19.73","520","01:02:47","139","177","3.0","--","--","18.9","37.9","96","93","--","--","--","--","--","--","--","--","--","--","0.0","--","--","--","--","--","--","--","--","--","--","--","--","--","--","--","--","--","--","--","--","--","--","--","14.0","No","00:14:48","4","28.0","--","--","--","--","--","--","--","--","01:02:27","01:02:47","26","46"
Cycling,2019-12-20 12:49:40,false,"Göteborg Cykling","19.72","681","00:59:10","162","193","4.2","--","--","20.0","36.7","89","78","--","--","--","--","--","--","--","--","--","--","0.0","--","--","--","--","--","--","--","--","--","--","--","--","--","--","--","--","--","--","--","--","--","--","--","14.0","No","00:14:15","4","26.0","--","--","--","--","--","--","--","--","00:58:08","00:59:10","18","43"
Cycling,2019-12-11 17:40:29,false,"Göteborg Cykling","19.74","556","00:59:51","143","174","2.9","--","--","19.8","36.7","78","80","--","--","--","--","--","--","--","--","--","--","0.0","--","--","--","--","--","--","--","--","--","--","--","--","--","--","--","--","--","--","--","--","--","--","--","20.0","No","00:14:25","4","27.0","--","--","--","--","--","--","--","--","00:59:00","00:59:51","15","35"
Cycling,2019-12-09 17:39:10,false,"Göteborg Cykling","13.74","396","00:40:58","144","177","2.8","--","--","20.1","31.8","49","67","--","--","--","--","--","--","--","--","--","--","0.0","--","--","--","--","--","--","--","--","--","--","--","--","--","--","--","--","--","--","--","--","--","--","--","15.0","No","00:12:05","3","26.0","--","--","--","--","--","--","--","--","00:40:10","00:40:58","79","108"
Cycling,2019-12-05 16:26:31,false,"Göteborg Cykling","19.69","572","01:00:59","141","172","3.0","--","--","19.4","38.4","88","100","--","--","--","--","--","--","--","--","--","--","0.0","--","--","--","--","--","--","--","--","--","--","--","--","--","--","--","--","--","--","--","--","--","--","--","20.0","No","00:12:37","4","28.0","--","--","--","--","--","--","--","--","01:00:34","01:00:59","96","116"
Cycling,2019-12-04 17:23:06,false,"Göteborg Cykling","19.69","473","01:00:08","135","161","2.3","--","--","19.6","37.8","77","180","--","--","--","--","--","--","--","--","--","--","0.0","--","--","--","--","--","--","--","--","--","--","--","--","--","--","--","--","--","--","--","--","--","--","--","15.0","No","00:13:46","4","26.0","--","--","--","--","--","--","--","--","00:58:52","01:00:08","100","121"
Cycling,2019-12-03 17:44:14,false,"Göteborg Cykling","19.70","411","00:57:42","146","171","1.0","--","--","20.5","41.1","77","78","--","--","--","--","--","--","--","--","--","--","0.0","--","--","--","--","--","--","--","--","--","--","--","--","--","--","--","--","--","--","--","--","--","--","--","17.0","No","00:12:32","4","26.0","--","--","--","--","--","--","--","--","00:56:51","00:57:42","101","121"
Cycling,2019-12-01 14:14:38,false,"Göteborg Cykling","19.82","581","00:57:46","150","182","3.3","--","--","20.6","50.3","79","75","--","--","--","--","--","--","--","--","--","--","0.0","--","--","--","--","--","--","--","--","--","--","--","--","--","--","--","--","--","--","--","--","--","--","--","14.0","No","00:13:39","4","29.0","--","--","--","--","--","--","--","--","00:55:25","00:57:46","102","122"
Cycling,2019-11-28 19:49:42,false,"Göteborg Cykling","13.86","358","00:41:17","132","157","2.2","--","--","20.1","33.7","53","54","--","--","--","--","--","--","--","--","--","--","0.0","--","--","--","--","--","--","--","--","--","--","--","--","--","--","--","--","--","--","--","--","--","--","--","18.0","No","00:11:13","3","27.0","--","--","--","--","--","--","--","--","00:40:53","00:41:17","100","118"
Cycling,2019-11-27 17:03:43,false,"Göteborg Cykling","22.20","493","01:05:39","138","164","1.0","--","--","20.3","37.0","111","103","--","--","--","--","--","--","--","--","--","--","0.0","--","--","--","--","--","--","--","--","--","--","--","--","--","--","--","--","--","--","--","--","--","--","--","17.0","No","00:07:05.5","5","26.0","--","--","--","--","--","--","--","--","01:05:27","01:05:39","97","131"
Cycling,2019-11-25 17:39:21,false,"Göteborg Cykling","19.73","518","00:53:50","145","175","3.0","--","--","22.0","38.5","97","97","--","--","--","--","--","--","--","--","--","--","0.0","--","--","--","--","--","--","--","--","--","--","--","--","--","--","--","--","--","--","--","--","--","--","--","12.0","No","00:12:50","4","25.0","--","--","--","--","--","--","--","--","00:53:28","00:53:50","90","110"
Cycling,2019-11-24 16:27:08,false,"Göteborg Cykling","19.69","504","01:01:39","137","168","2.2","--","--","19.2","35.7","85","82","--","--","--","--","--","--","--","--","--","--","0.0","--","--","--","--","--","--","--","--","--","--","--","--","--","--","--","--","--","--","--","--","--","--","--","15.0","No","00:14:01","4","29.0","--","--","--","--","--","--","--","--","01:01:28","01:01:39","'-8","12"
Cycling,2019-11-19 17:28:20,false,"Göteborg Cykling","19.73","577","00:57:37","148","174","3.0","--","--","20.5","36.4","80","86","--","--","--","--","--","--","--","--","--","--","0.0","--","--","--","--","--","--","--","--","--","--","--","--","--","--","--","--","--","--","--","--","--","--","--","12.0","No","00:13:21","4","27.0","--","--","--","--","--","--","--","--","00:57:28","00:57:37","'-3","20"
Cycling,2019-11-18 17:58:13,false,"Göteborg Cykling","7.10","216","00:24:05","140","186","2.3","--","--","17.7","39.8","88","84","--","--","--","--","--","--","--","--","--","--","0.0","--","--","--","--","--","--","--","--","--","--","--","--","--","--","--","--","--","--","--","--","--","--","--","14.0","No","00:05:39.5","2","26.0","--","--","--","--","--","--","--","--","00:23:52","00:24:05","7","59"
Cycling,2019-11-17 19:03:55,false,"Göteborg Cykling","19.65","612","00:55:45","156","191","3.5","--","--","21.1","36.9","79","86","--","--","--","--","--","--","--","--","--","--","0.0","--","--","--","--","--","--","--","--","--","--","--","--","--","--","--","--","--","--","--","--","--","--","--","15.0","No","00:12:29","4","29.0","--","--","--","--","--","--","--","--","00:54:54","00:55:45","2","23"
Cycling,2019-11-14 18:04:04,false,"Göteborg Cykling","19.74","576","00:58:38","148","177","3.0","--","--","20.2","37.7","80","89","--","--","--","--","--","--","--","--","--","--","0.0","--","--","--","--","--","--","--","--","--","--","--","--","--","--","--","--","--","--","--","--","--","--","--","13.0","No","00:14:26","4","28.0","--","--","--","--","--","--","--","--","00:57:25","00:58:38","13","34"
Cycling,2019-11-13 18:12:48,false,"Göteborg Cykling","19.77","583","00:57:59","150","173","3.1","--","--","20.5","35.1","107","106","--","--","--","--","--","--","--","--","--","--","0.0","--","--","--","--","--","--","--","--","--","--","--","--","--","--","--","--","--","--","--","--","--","--","--","7.0","No","00:13:52","4","25.0","--","--","--","--","--","--","--","--","00:57:43","00:57:59","90","111"
Running,2019-11-12 17:32:05,false,"Göteborg Löpning","1.96","146","00:16:17","144","171","2.1","131","162","8:20","5:54","11","8","0.91","--","--","--","--","--","--","--","--","--","0.0","--","--","--","--","--","--","--","--","--","--","--","--","2,168","--","--","--","--","--","--","--","--","--","--","14.0","No","00:06:57.9","2","17.0","--","--","--","--","--","--","--","--","00:16:17","00:16:17","'-35","'-24"
Cycling,2019-11-12 17:17:38,false,"Göteborg Cykling","4.10","114","00:11:09","147","178","2.2","--","--","22.1","32.3","16","14","--","--","--","--","--","--","--","--","--","--","0.0","--","--","--","--","--","--","--","--","--","--","--","--","--","--","--","--","--","--","--","--","--","--","--","14.0","No","--:--:--","1","27.0","--","--","--","--","--","--","--","--","00:11:07","00:11:09","'-42","'-31"
Cycling,2019-11-10 11:53:14,false,"Göteborg Cykling","19.73","640","00:58:36","154","176","3.3","--","--","20.2","37.0","104","103","--","--","--","--","--","--","--","--","--","--","0.0","--","--","--","--","--","--","--","--","--","--","--","--","--","--","--","--","--","--","--","--","--","--","--","9.0","No","00:13:40","4","28.0","--","--","--","--","--","--","--","--","00:58:28","00:58:36","'-37","'-17"
Cycling,2019-11-09 10:02:19,false,"Göteborg Cykling","14.97","516","00:51:03","148","179","3.1","--","--","17.6","34.3","77","73","--","--","--","--","--","--","--","--","--","--","0.0","--","--","--","--","--","--","--","--","--","--","--","--","--","--","--","--","--","--","--","--","--","--","--","13.0","No","00:15:52","3","27.0","--","--","--","--","--","--","--","--","00:47:02","00:54:16","'-40","'-8"
Running,2019-11-04 18:02:28,false,"Göteborg Löpning","4.09","319","00:31:59","149","169","2.7","148","164","7:49","4:51","34","35","0.86","--","--","--","--","--","--","--","--","--","0.0","--","--","--","--","--","--","--","--","--","--","--","--","4,742","--","--","--","--","--","--","--","--","--","--","11.0","No","00:00:34.6","5","25.0","--","--","--","--","--","--","--","--","00:31:57","00:31:59","'-21","4"
Cycling,2019-11-03 13:32:14,false,"Göteborg Cykling","19.75","612","00:59:27","150","172","3.0","--","--","19.9","30.7","99","101","--","--","--","--","--","--","--","--","--","--","0.0","--","--","--","--","--","--","--","--","--","--","--","--","--","--","--","--","--","--","--","--","--","--","--","12.0","No","00:13:37","4","26.0","--","--","--","--","--","--","--","--","00:59:17","00:59:27","24","44"
Cycling,2019-11-01 14:28:24,false,"Göteborg Cykling","15.51","486","00:53:05","148","182","3.1","--","--","17.5","46.1","200","188","--","--","--","--","--","--","--","--","--","--","0.0","--","--","--","--","--","--","--","--","--","--","--","--","--","--","--","--","--","--","--","--","--","--","--","15.0","No","00:01:35.1","4","29.0","--","--","--","--","--","--","--","--","00:51:02","00:53:05","25","132"
Cycling,2019-10-30 17:26:10,false,"Göteborg Cykling","19.72","550","00:57:14","145","170","2.8","--","--","20.7","36.4","98","100","--","--","--","--","--","--","--","--","--","--","0.0","--","--","--","--","--","--","--","--","--","--","--","--","--","--","--","--","--","--","--","--","--","--","--","13.0","No","00:13:45","4","27.0","--","--","--","--","--","--","--","--","00:56:22","00:57:14","73","94"
Running,2019-10-29 18:01:56,false,"Göteborg Löpning","4.08","255","00:33:45","138","176","2.6","136","164","8:16","6:05","37","36","0.89","--","--","--","--","--","--","--","--","--","0.0","--","--","--","--","--","--","--","--","--","--","--","--","4,534","--","--","--","--","--","--","--","--","--","--","13.0","No","00:00:47.2","5","30.0","--","--","--","--","--","--","--","--","00:33:44","00:33:45","87","111"
Cycling,2019-10-27 11:47:00,false,"Göteborg Cykling","12.49","376","00:34:28","153","179","3.3","--","--","21.7","38.5","49","53","--","--","--","--","--","--","--","--","--","--","0.0","--","--","--","--","--","--","--","--","--","--","--","--","--","--","--","--","--","--","--","--","--","--","--","18.0","No","00:07:24.9","3","29.0","--","--","--","--","--","--","--","--","00:34:15","00:34:28","75","92"
Cycling,2019-10-26 12:46:18,false,"Göteborg Cykling","19.72","548","00:54:40","149","174","3.3","--","--","21.6","40.9","96","102","--","--","--","--","--","--","--","--","--","--","0.0","--","--","--","--","--","--","--","--","--","--","--","--","--","--","--","--","--","--","--","--","--","--","--","16.0","No","00:12:08","4","29.0","--","--","--","--","--","--","--","--","00:53:25","00:54:40","83","105"
Cycling,2019-10-24 17:38:28,false,"Göteborg Cykling","19.74","584","00:56:11","151","183","3.5","--","--","21.1","37.4","98","102","--","--","--","--","--","--","--","--","--","--","0.0","--","--","--","--","--","--","--","--","--","--","--","--","--","--","--","--","--","--","--","--","--","--","--","20.0","No","00:13:33","4","25.0","--","--","--","--","--","--","--","--","00:56:07","00:56:11","'-26","'-3"
Cycling,2019-10-22 17:34:26,false,"Göteborg Cykling","12.55","397","00:35:15","157","177","3.6","--","--","21.4","38.0","54","58","--","--","--","--","--","--","--","--","--","--","0.0","--","--","--","--","--","--","--","--","--","--","--","--","--","--","--","--","--","--","--","--","--","--","--","18.0","No","00:07:22.5","3","25.0","--","--","--","--","--","--","--","--","00:35:14","00:35:15","'-13","4"
Cycling,2019-10-21 18:23:03,false,"Göteborg Cykling","6.55","201","00:24:29","131","161","2.3","--","--","16.0","32.3","33","18","--","--","--","--","--","--","--","--","--","--","0.0","--","--","--","--","--","--","--","--","--","--","--","--","--","--","--","--","--","--","--","--","--","--","--","17.0","No","00:04:55.7","2","26.0","--","--","--","--","--","--","--","--","00:22:12","00:24:29","'-16","2"
Cycling,2019-10-21 17:08:51,false,"Göteborg Cykling","6.47","209","00:22:10","141","170","2.5","--","--","17.5","35.4","20","28","--","--","--","--","--","--","--","--","--","--","0.0","--","--","--","--","--","--","--","--","--","--","--","--","--","--","--","--","--","--","--","--","--","--","--","17.0","No","00:07:05.6","2","27.0","--","--","--","--","--","--","--","--","00:20:28","00:22:10","'-22","'-5"
Cycling,2019-10-20 14:41:32,false,"Göteborg Cykling","24.06","639","01:17:43","140","193","3.0","--","--","18.6","37.5","157","161","--","--","--","--","--","--","--","--","--","--","0.0","--","--","--","--","--","--","--","--","--","--","--","--","--","--","--","--","--","--","--","--","--","--","--","19.0","No","00:12:59","5","27.0","--","--","--","--","--","--","--","--","01:17:10","01:17:43","'-13","30"
Cycling,2019-10-18 17:27:47,false,"Göteborg Cykling","19.59","576","00:59:51","145","171","3.2","--","--","19.6","37.2","99","97","--","--","--","--","--","--","--","--","--","--","0.0","--","--","--","--","--","--","--","--","--","--","--","--","--","--","--","--","--","--","--","--","--","--","--","18.0","No","00:14:11","4","27.0","--","--","--","--","--","--","--","--","00:57:10","00:59:51","2","22"
Running,2019-10-17 18:22:55,false,"Göteborg Löpning","4.30","270","00:36:39","139","194","2.8","132","171","8:32","4:58","25","24","0.88","--","--","--","--","--","--","--","--","--","0.0","--","--","--","--","--","--","--","--","--","--","--","--","4,800","--","--","--","--","--","--","--","--","--","--","21.0","No","00:03:12.0","5","30.0","--","--","--","--","--","--","--","--","00:36:39","00:36:39","18","39"
Cycling,2019-10-14 17:05:17,false,"Göteborg Cykling","17.67","372","00:58:12","126","153","2.1","--","--","18.2","37.4","80","85","--","--","--","--","--","--","--","--","--","--","0.0","--","--","--","--","--","--","--","--","--","--","--","--","--","--","--","--","--","--","--","--","--","--","--","16.0","No","00:08:41.5","4","26.0","--","--","--","--","--","--","--","--","00:58:12","00:58:12","10","31"
Cycling,2019-10-13 16:32:45,false,"Göteborg Cykling","22.28","571","01:06:02","140","177","2.7","--","--","20.2","37.7","124","119","--","--","--","--","--","--","--","--","--","--","0.0","--","--","--","--","--","--","--","--","--","--","--","--","--","--","--","--","--","--","--","--","--","--","--","17.0","No","00:06:23.4","5","27.0","--","--","--","--","--","--","--","--","01:05:48","01:06:02","14","36"
Cycling,2019-10-12 09:46:01,false,"Göteborg Cykling","19.74","598","00:56:47","152","177","3.8","--","--","20.9","37.9","100","105","--","--","--","--","--","--","--","--","--","--","0.0","--","--","--","--","--","--","--","--","--","--","--","--","--","--","--","--","--","--","--","--","--","--","--","18.0","No","00:13:02","4","27.0","--","--","--","--","--","--","--","--","00:56:43","00:56:47","14","36"
Cycling,2019-10-07 17:29:20,false,"Göteborg Cykling","19.75","522","00:56:27","142","165","3.0","--","--","21.0","38.2","88","81","--","--","--","--","--","--","--","--","--","--","0.0","--","--","--","--","--","--","--","--","--","--","--","--","--","--","--","--","--","--","--","--","--","--","--","14.0","No","00:13:49","4","29.0","--","--","--","--","--","--","--","--","00:56:21","00:56:27","14","35"
Running,2019-10-06 11:58:51,false,"Göteborg Löpning","3.45","289","00:24:20","167","186","3.6","159","166","7:02","5:49","24","131","0.89","--","--","--","--","--","--","--","--","--","0.0","--","--","--","--","--","--","--","--","--","--","--","--","3,854","--","--","--","--","--","--","--","--","--","--","16.0","No","00:00:03.0","6","28.0","--","--","--","--","--","--","--","--","00:24:17","00:24:24","19","42"
Cycling,2019-10-05 13:02:23,false,"Göteborg Cykling","19.60","532","01:03:08","139","162","2.5","--","--","18.6","35.2","94","90","--","--","--","--","--","--","--","--","--","--","0.0","--","--","--","--","--","--","--","--","--","--","--","--","--","--","--","--","--","--","--","--","--","--","--","16.0","No","00:14:40","4","28.0","--","--","--","--","--","--","--","--","01:02:53","01:03:08","10","31"
Cycling,2019-10-03 17:22:15,false,"Göteborg Cykling","19.71","514","00:55:53","143","170","2.7","--","--","21.2","38.3","89","89","--","--","--","--","--","--","--","--","--","--","0.0","--","--","--","--","--","--","--","--","--","--","--","--","--","--","--","--","--","--","--","--","--","--","--","16.0","No","00:13:07","4","27.0","--","--","--","--","--","--","--","--","00:55:44","00:55:53","8","27"
Cycling,2019-09-30 16:55:11,false,"Göteborg Cykling","19.75","499","00:54:26","141","170","2.8","--","--","21.8","42.1","109","116","--","--","--","--","--","--","--","--","--","--","0.0","--","--","--","--","--","--","--","--","--","--","--","--","--","--","--","--","--","--","--","--","--","--","--","17.0","No","00:12:57","4","26.0","--","--","--","--","--","--","--","--","00:53:58","00:54:26","12","34"
Cycling,2019-09-26 18:03:31,false,"Göteborg Cykling","19.76","522","00:54:44","145","171","3.0","--","--","21.7","38.5","104","104","--","--","--","--","--","--","--","--","--","--","0.0","--","--","--","--","--","--","--","--","--","--","--","--","--","--","--","--","--","--","--","--","--","--","--","19.0","No","00:12:59","4","27.0","--","--","--","--","--","--","--","--","00:53:44","00:54:44","14","35"
Cycling,2019-09-25 16:01:43,false,"Göteborg Cykling","12.65","319","00:37:53","134","161","2.2","--","--","20.0","31.3","64","64","--","--","--","--","--","--","--","--","--","--","0.0","--","--","--","--","--","--","--","--","--","--","--","--","--","--","--","--","--","--","--","--","--","--","--","19.0","No","00:08:20.9","3","27.0","--","--","--","--","--","--","--","--","00:37:29","00:37:53","14","34"
Cycling,2019-09-24 10:34:47,false,"Göteborg Cykling","12.65","274","00:39:14","125","149","1.8","--","--","19.3","33.6","64","234","--","--","--","--","--","--","--","--","--","--","0.0","--","--","--","--","--","--","--","--","--","--","--","--","--","--","--","--","--","--","--","--","--","--","--","16.0","No","00:08:22.4","3","31.0","--","--","--","--","--","--","--","--","00:39:01","00:39:14","96","165"
Cycling,2019-09-17 18:51:27,false,"Göteborg Cykling","19.73","545","00:54:01","148","180","3.0","--","--","21.9","38.7","96","105","--","--","--","--","--","--","--","--","--","--","0.0","--","--","--","--","--","--","--","--","--","--","--","--","--","--","--","--","--","--","--","--","--","--","--","14.0","No","00:12:47","4","26.0","--","--","--","--","--","--","--","--","00:53:49","00:54:01","158","181"
Cycling,2019-09-16 17:19:33,false,"Göteborg Cykling","19.76","550","00:52:27","150","173","3.3","--","--","22.6","41.8","116","117","--","--","--","--","--","--","--","--","--","--","0.0","--","--","--","--","--","--","--","--","--","--","--","--","--","--","--","--","--","--","--","--","--","--","--","21.0","No","00:11:15","4","28.0","--","--","--","--","--","--","--","--","00:51:26","00:52:27","176","198"
Cycling,2019-09-14 11:05:45,false,"Göteborg Cykling","79.62","2,161","04:06:37","149","179","3.6","--","--","19.4","48.8","436","426","--","--","--","--","--","--","--","--","--","--","0.0","--","--","--","--","--","--","--","--","--","--","--","--","--","--","--","--","--","--","--","--","--","--","--","20.0","No","00:00:01.6","17","29.0","--","--","--","--","--","--","--","--","03:54:11","04:30:50","87","179"
Cycling,2019-09-12 19:51:34,false,"Göteborg Cykling","19.76","547","00:56:10","143","179","3.0","--","--","21.1","41.4","102","107","--","--","--","--","--","--","--","--","--","--","0.0","--","--","--","--","--","--","--","--","--","--","--","--","--","--","--","--","--","--","--","--","--","--","--","18.0","No","00:12:55","4","27.0","--","--","--","--","--","--","--","--","00:55:54","00:56:10","83","109"
Cycling,2019-09-10 17:36:57,false,"Göteborg Cykling","28.96","928","01:38:38","146","176","3.4","--","--","17.6","33.6","147","154","--","--","--","--","--","--","--","--","--","--","0.0","--","--","--","--","--","--","--","--","--","--","--","--","--","--","--","--","--","--","--","--","--","--","--","24.0","No","00:11:36","6","30.0","--","--","--","--","--","--","--","--","01:26:06","01:42:59","70","111"
Cycling,2019-09-09 16:47:22,false,"Göteborg Cykling","12.61","295","00:42:45","124","145","1.8","--","--","17.7","31.5","65","64","--","--","--","--","--","--","--","--","--","--","0.0","--","--","--","--","--","--","--","--","--","--","--","--","--","--","--","--","--","--","--","--","--","--","--","22.0","No","00:08:42.2","3","27.0","--","--","--","--","--","--","--","--","00:42:20","00:42:45","16","36"
Cycling,2019-09-08 14:20:12,false,"Göteborg Cykling","25.94","665","01:40:52","131","172","2.2","--","--","15.4","32.7","172","315","--","--","--","--","--","--","--","--","--","--","0.0","--","--","--","--","--","--","--","--","--","--","--","--","--","--","--","--","--","--","--","--","--","--","--","24.0","No","00:03:51.2","6","31.0","--","--","--","--","--","--","--","--","01:34:09","01:40:52","11","97"
Cycling,2019-09-07 18:37:24,false,"Göteborg Cykling","15.25","417","00:52:31","136","172","2.4","--","--","17.4","44.7","163","167","--","--","--","--","--","--","--","--","--","--","0.0","--","--","--","--","--","--","--","--","--","--","--","--","--","--","--","--","--","--","--","--","--","--","--","20.0","No","00:01:00.3","4","29.0","--","--","--","--","--","--","--","--","00:52:06","00:52:31","88","195"
Cycling,2019-09-05 17:40:52,false,"Göteborg Cykling","19.78","533","00:55:49","143","174","2.7","--","--","21.3","39.5","110","113","--","--","--","--","--","--","--","--","--","--","0.0","--","--","--","--","--","--","--","--","--","--","--","--","--","--","--","--","--","--","--","--","--","--","--","20.0","No","00:12:54","4","28.0","--","--","--","--","--","--","--","--","00:55:39","00:55:49","90","113"
Cycling,2019-09-03 21:00:19,false,"Göteborg Cykling","19.75","543","00:56:03","144","164","2.7","--","--","21.1","40.6","109","110","--","--","--","--","--","--","--","--","--","--","0.0","--","--","--","--","--","--","--","--","--","--","--","--","--","--","--","--","--","--","--","--","--","--","--","20.0","No","00:12:47","4","30.0","--","--","--","--","--","--","--","--","00:56:03","00:56:03","13","35"
Cycling,2019-09-02 17:06:14,false,"Göteborg Cykling","19.77","581","00:54:14","151","176","3.3","--","--","21.9","44.2","138","140","--","--","--","--","--","--","--","--","--","--","0.0","--","--","--","--","--","--","--","--","--","--","--","--","--","--","--","--","--","--","--","--","--","--","--","22.0","No","00:12:09","4","28.0","--","--","--","--","--","--","--","--","00:54:11","00:54:14","'-57","30"
Cycling,2019-09-01 15:58:10,false,"Göteborg Cykling","43.44","1,131","02:22:12","145","177","2.8","--","--","18.3","47.9","403","395","--","--","--","--","--","--","--","--","--","--","0.0","--","--","--","--","--","--","--","--","--","--","--","--","--","--","--","--","--","--","--","--","--","--","--","20.0","No","00:10:19","9","30.0","--","--","--","--","--","--","--","--","02:16:04","02:22:12","5","97"
Cycling,2019-08-31 10:38:27,false,"Göteborg Cykling","19.75","606","00:56:13","152","177","3.4","--","--","21.1","40.1","116","116","--","--","--","--","--","--","--","--","--","--","0.0","--","--","--","--","--","--","--","--","--","--","--","--","--","--","--","--","--","--","--","--","--","--","--","26.0","No","00:13:09","4","31.0","--","--","--","--","--","--","--","--","00:55:29","00:56:13","11","32"
Cycling,2019-08-29 17:01:52,false,"Göteborg Cykling","23.61","617","01:06:03","141","167","2.9","--","--","21.4","41.9","133","136","--","--","--","--","--","--","--","--","--","--","0.0","--","--","--","--","--","--","--","--","--","--","--","--","--","--","--","--","--","--","--","--","--","--","--","25.0","No","00:09:25.5","5","30.0","--","--","--","--","--","--","--","--","01:04:09","01:06:03","5","42"
Cycling,2019-08-26 17:11:54,false,"Göteborg Cykling","40.09","1,107","02:15:47","144","176","2.9","--","--","17.7","43.3","429","424","--","--","--","--","--","--","--","--","--","--","0.0","--","--","--","--","--","--","--","--","--","--","--","--","--","--","--","--","--","--","--","--","--","--","--","27.0","No","00:00:20.2","9","32.0","--","--","--","--","--","--","--","--","02:09:34","02:15:55","9","154"
Cycling,2019-08-25 16:22:43,false,"Göteborg Cykling","22.64","649","01:20:59","139","174","2.5","--","--","16.8","34.5","215","213","--","--","--","--","--","--","--","--","--","--","0.0","--","--","--","--","--","--","--","--","--","--","--","--","--","--","--","--","--","--","--","--","--","--","--","26.0","No","00:09:01.4","5","31.0","--","--","--","--","--","--","--","--","01:19:15","01:20:59","8","82"
Cycling,2019-08-24 08:52:44,false,"Göteborg Cykling","19.74","554","00:56:39","144","174","3.0","--","--","20.9","36.8","120","124","--","--","--","--","--","--","--","--","--","--","0.0","--","--","--","--","--","--","--","--","--","--","--","--","--","--","--","--","--","--","--","--","--","--","--","23.0","No","00:12:50","4","28.0","--","--","--","--","--","--","--","--","00:56:27","00:56:39","10","39"
Cycling,2019-08-23 16:41:48,false,"Göteborg Cykling","20.47","563","01:00:23","142","166","2.9","--","--","20.3","36.2","138","145","--","--","--","--","--","--","--","--","--","--","0.0","--","--","--","--","--","--","--","--","--","--","--","--","--","--","--","--","--","--","--","--","--","--","--","23.0","No","00:01:34.1","5","28.0","--","--","--","--","--","--","--","--","00:59:46","01:00:23","15","44"
Cycling,2019-08-22 17:18:23,false,"Göteborg Cykling","19.74","471","00:58:46","134","170","2.2","--","--","20.2","38.7","125","119","--","--","--","--","--","--","--","--","--","--","0.0","--","--","--","--","--","--","--","--","--","--","--","--","--","--","--","--","--","--","--","--","--","--","--","20.0","No","00:14:09","4","28.0","--","--","--","--","--","--","--","--","00:58:08","00:58:46","13","39"
Cycling,2019-08-21 20:24:27,false,"Göteborg Cykling","19.74","528","00:57:31","139","159","2.6","--","--","20.6","43.2","101","104","--","--","--","--","--","--","--","--","--","--","0.0","--","--","--","--","--","--","--","--","--","--","--","--","--","--","--","--","--","--","--","--","--","--","--","19.0","No","00:13:54","4","26.0","--","--","--","--","--","--","--","--","00:57:28","00:57:31","15","36"
Cycling,2019-08-20 16:57:13,false,"Göteborg Cykling","19.73","526","00:57:15","140","166","2.7","--","--","20.7","39.4","114","119","--","--","--","--","--","--","--","--","--","--","0.0","--","--","--","--","--","--","--","--","--","--","--","--","--","--","--","--","--","--","--","--","--","--","--","24.0","No","00:13:11","4","27.0","--","--","--","--","--","--","--","--","00:57:03","00:57:15","12","34"
Running,2019-08-19 21:11:27,false,"Göteborg Löpning","3.40","312","00:27:36","156","187","3.0","153","171","8:07","5:20","29","22","0.80","--","--","--","--","--","--","--","--","--","0.0","--","--","--","--","--","--","--","--","--","--","--","--","4,204","--","--","--","--","--","--","--","--","--","--","21.0","No","00:02:55.5","4","29.0","--","--","--","--","--","--","--","--","00:27:35","00:27:36","26","48"
Cycling,2019-08-18 09:02:00,false,"Göteborg Cykling","42.45","1,165","02:34:09","140","180","3.0","--","--","16.5","42.2","450","451","--","--","--","--","--","--","--","--","--","--","0.0","--","--","--","--","--","--","--","--","--","--","--","--","--","--","--","--","--","--","--","--","--","--","--","21.0","No","00:07:30.8","9","28.0","--","--","--","--","--","--","--","--","02:26:09","02:34:09","16","164"
Cycling,2019-08-17 11:41:14,false,"Göteborg Cykling","19.72","518","00:58:46","139","170","2.4","--","--","20.1","37.3","117","116","--","--","--","--","--","--","--","--","--","--","0.0","--","--","--","--","--","--","--","--","--","--","--","--","--","--","--","--","--","--","--","--","--","--","--","19.0","No","00:14:30","4","28.0","--","--","--","--","--","--","--","--","00:58:31","00:58:46","82","105"
Cycling,2019-08-16 17:34:16,false,"Göteborg Cykling","19.77","595","00:51:50","155","182","3.9","--","--","22.9","40.6","107","109","--","--","--","--","--","--","--","--","--","--","0.0","--","--","--","--","--","--","--","--","--","--","--","--","--","--","--","--","--","--","--","--","--","--","--","23.0","No","00:12:21","4","29.0","--","--","--","--","--","--","--","--","00:51:27","00:51:50","93","113"
Cycling,2019-08-15 16:12:28,false,"Göteborg Cykling","11.49","359","00:37:23","142","165","2.7","--","--","18.4","42.6","121","123","--","--","--","--","--","--","--","--","--","--","0.0","--","--","--","--","--","--","--","--","--","--","--","--","--","--","--","--","--","--","--","--","--","--","--","20.0","No","00:04:09.7","3","28.0","--","--","--","--","--","--","--","--","00:37:08","00:37:23","93","170"
Cycling,2019-08-13 16:43:06,false,"Göteborg Cykling","40.46","1,135","02:12:19","146","172","3.0","--","--","18.3","44.0","337","342","--","--","--","--","--","--","--","--","--","--","0.0","--","--","--","--","--","--","--","--","--","--","--","--","--","--","--","--","--","--","--","--","--","--","--","23.0","No","00:01:53.5","9","28.0","--","--","--","--","--","--","--","--","02:08:06","02:12:19","94","145"
Cycling,2019-08-12 16:54:05,false,"Göteborg Cykling","19.77","557","00:55:37","145","170","3.0","--","--","21.3","41.3","105","106","--","--","--","--","--","--","--","--","--","--","0.0","--","--","--","--","--","--","--","--","--","--","--","--","--","--","--","--","--","--","--","--","--","--","--","24.0","No","00:11:59","4","29.0","--","--","--","--","--","--","--","--","00:55:33","00:55:37","12","35"
Cycling,2019-08-11 15:53:59,false,"Göteborg Cykling","19.76","642","00:55:05","158","187","4.0","--","--","21.5","41.2","110","112","--","--","--","--","--","--","--","--","--","--","0.0","--","--","--","--","--","--","--","--","--","--","--","--","--","--","--","--","--","--","--","--","--","--","--","23.0","No","00:12:28","4","31.0","--","--","--","--","--","--","--","--","00:55:04","00:55:05","13","33"
Cycling,2019-08-08 17:55:29,false,"Göteborg Cykling","19.73","536","00:54:27","150","170","2.9","--","--","21.7","41.3","114","116","--","--","--","--","--","--","--","--","--","--","0.0","--","--","--","--","--","--","--","--","--","--","--","--","--","--","--","--","--","--","--","--","--","--","--","25.0","No","00:12:46","4","30.0","--","--","--","--","--","--","--","--","00:54:27","00:54:27","14","36"
Cycling,2019-08-07 18:36:10,false,"Göteborg Cykling","12.60","392","00:38:48","150","170","2.8","--","--","19.5","35.7","62","59","--","--","--","--","--","--","--","--","--","--","0.0","--","--","--","--","--","--","--","--","--","--","--","--","--","--","--","--","--","--","--","--","--","--","--","21.0","No","00:08:10.5","3","30.0","--","--","--","--","--","--","--","--","00:38:42","00:38:48","18","39"
Cycling,2019-08-06 16:47:45,false,"Göteborg Cykling","37.67","967","02:14:36","141","172","2.7","--","--","16.8","43.6","286","283","--","--","--","--","--","--","--","--","--","--","0.0","--","--","--","--","--","--","--","--","--","--","--","--","--","--","--","--","--","--","--","--","--","--","--","24.0","No","00:09:12.4","8","30.0","--","--","--","--","--","--","--","--","02:10:06","02:14:36","96","134"
Cycling,2019-08-05 16:56:30,false,"Göteborg Cykling","19.74","540","00:57:43","147","172","3.0","--","--","20.5","39.3","113","110","--","--","--","--","--","--","--","--","--","--","0.0","--","--","--","--","--","--","--","--","--","--","--","--","--","--","--","--","--","--","--","--","--","--","--","25.0","No","00:13:52","4","31.0","--","--","--","--","--","--","--","--","00:57:40","00:57:43","17","38"
Cycling,2019-08-04 11:13:57,false,"Göteborg Cykling","19.75","618","00:58:54","155","177","3.5","--","--","20.1","36.1","110","110","--","--","--","--","--","--","--","--","--","--","0.0","--","--","--","--","--","--","--","--","--","--","--","--","--","--","--","--","--","--","--","--","--","--","--","25.0","No","00:13:45","4","30.0","--","--","--","--","--","--","--","--","00:58:31","00:58:54","15","36"
Cycling,2019-08-02 18:27:35,false,"Göteborg Cykling","23.59","765","01:27:40","145","174","3.0","--","--","16.1","37.7","209","210","--","--","--","--","--","--","--","--","--","--","0.0","--","--","--","--","--","--","--","--","--","--","--","--","--","--","--","--","--","--","--","--","--","--","--","25.0","No","00:11:50","5","31.0","--","--","--","--","--","--","--","--","01:23:36","01:27:40","93","213"
Cycling,2019-08-01 18:56:51,false,"Göteborg Cykling","20.02","186","01:03:33","78","97","1.0","--","--","18.9","35.8","107","107","--","--","--","--","--","--","--","--","--","--","0.0","--","--","--","--","--","--","--","--","--","--","--","--","--","--","--","--","--","--","--","--","--","--","--","25.0","No","00:00:03.6","5","29.0","--","--","--","--","--","--","--","--","01:03:32","01:03:34","16","37"
Cycling,2019-07-30 19:30:40,false,"Göteborg Cykling","10.15","321","00:33:13","144","159","2.4","--","--","18.3","28.3","47","44","--","--","--","--","--","--","--","--","--","--","0.0","--","--","--","--","--","--","--","--","--","--","--","--","--","--","--","--","--","--","--","--","--","--","--","20.0","No","00:00:45.4","3","28.0","--","--","--","--","--","--","--","--","00:33:12","00:33:13","15","33"
Cycling,2019-07-29 18:07:13,false,"Göteborg Cykling","19.83","363","01:05:58","113","131","1.4","--","--","18.0","31.8","97","97","--","--","--","--","--","--","--","--","--","--","0.0","--","--","--","--","--","--","--","--","--","--","--","--","--","--","--","--","--","--","--","--","--","--","--","30.0","No","00:15:16","4","34.0","--","--","--","--","--","--","--","--","01:05:33","01:05:58","14","34"
Cycling,2019-07-24 17:37:10,false,"Göteborg Cykling","16.90","329","00:59:36","113","124","1.4","--","--","17.0","35.3","106","110","--","--","--","--","--","--","--","--","--","--","0.0","--","--","--","--","--","--","--","--","--","--","--","--","--","--","--","--","--","--","--","--","--","--","--","29.0","No","00:06:49.6","4","32.0","--","--","--","--","--","--","--","--","00:59:34","00:59:36","92","138"
Cycling,2019-07-23 20:32:04,false,"Göteborg Cykling","12.74","426","00:37:08","156","180","3.5","--","--","20.6","38.0","63","63","--","--","--","--","--","--","--","--","--","--","0.0","--","--","--","--","--","--","--","--","--","--","--","--","--","--","--","--","--","--","--","--","--","--","--","24.0","No","00:07:53.1","3","30.0","--","--","--","--","--","--","--","--","00:37:07","00:37:08","7","27"
Cycling,2019-07-21 16:10:09,false,"Göteborg Cykling","19.83","637","01:01:00","146","173","3.2","--","--","19.5","36.9","105","111","--","--","--","--","--","--","--","--","--","--","0.0","--","--","--","--","--","--","--","--","--","--","--","--","--","--","--","--","--","--","--","--","--","--","--","25.0","No","00:13:34","4","29.0","--","--","--","--","--","--","--","--","01:00:45","01:01:00","12","32"
Cycling,2019-07-20 16:16:56,false,"Göteborg Cykling","23.63","888","01:18:50","156","184","4.7","--","--","18.0","37.2","161","158","--","--","--","--","--","--","--","--","--","--","0.0","--","--","--","--","--","--","--","--","--","--","--","--","--","--","--","--","--","--","--","--","--","--","--","28.0","No","00:11:16","5","32.0","--","--","--","--","--","--","--","--","01:17:49","01:18:50","14","56"
Cycling,2019-07-19 10:43:25,false,"Göteborg Cykling","15.75","228","00:53:55","95","109","1.1","--","--","17.5","32.5","89","80","--","--","--","--","--","--","--","--","--","--","0.0","--","--","--","--","--","--","--","--","--","--","--","--","--","--","--","--","--","--","--","--","--","--","--","24.0","No","00:04:57.3","4","29.0","--","--","--","--","--","--","--","--","00:53:20","00:53:56","12","43"
Cycling,2019-07-17 11:50:00,false,"Göteborg Cykling","11.31","427","00:42:15","145","174","3.3","--","--","16.1","41.3","133","135","--","--","--","--","--","--","--","--","--","--","0.0","--","--","--","--","--","--","--","--","--","--","--","--","--","--","--","--","--","--","--","--","--","--","--","27.0","No","00:04:01.6","3","30.0","--","--","--","--","--","--","--","--","00:42:06","00:42:15","9","109"
Cycling,2019-07-16 09:50:46,false,"Göteborg Cykling","19.91","737","01:03:40","155","178","4.0","--","--","18.8","41.2","116","111","--","--","--","--","--","--","--","--","--","--","0.0","--","--","--","--","--","--","--","--","--","--","--","--","--","--","--","--","--","--","--","--","--","--","--","24.0","No","00:14:49","4","28.0","--","--","--","--","--","--","--","--","01:01:16","01:03:40","3","23"
Cycling,2019-07-14 14:30:33,false,"Göteborg Cykling","9.90","333","00:34:51","138","156","2.6","--","--","17.0","32.4","46","45","--","--","--","--","--","--","--","--","--","--","0.0","--","--","--","--","--","--","--","--","--","--","--","--","--","--","--","--","--","--","--","--","--","--","--","25.0","No","00:17:01","2","30.0","--","--","--","--","--","--","--","--","00:33:06","00:34:51","'-6","15"
Cycling,2019-07-13 09:50:45,false,"Göteborg Cykling","18.21","673","00:56:04","157","186","5.0","--","--","19.5","43.5","119","121","--","--","--","--","--","--","--","--","--","--","0.0","--","--","--","--","--","--","--","--","--","--","--","--","--","--","--","--","--","--","--","--","--","--","--","26.0","No","00:10:39","4","31.0","--","--","--","--","--","--","--","--","00:55:30","00:56:04","'-9","10"
Cycling,2019-07-11 09:35:42,false,"Göteborg Cykling","12.50","374","00:37:56","139","164","3.6","--","--","19.8","33.0","57","54","--","--","--","--","--","--","--","--","--","--","0.0","--","--","--","--","--","--","--","--","--","--","--","--","--","--","--","--","--","--","--","--","--","--","--","24.0","No","00:07:57.8","3","30.0","--","--","--","--","--","--","--","--","00:37:50","00:37:56","6","19"
Cycling,2019-07-10 12:23:32,false,"Göteborg Cykling","10.49","175","00:33:05","103","122","1.3","--","--","19.0","31.1","56","54","--","--","--","--","--","--","--","--","--","--","0.0","--","--","--","--","--","--","--","--","--","--","--","--","--","--","--","--","--","--","--","--","--","--","--","26.0","No","00:01:40.2","3","30.0","--","--","--","--","--","--","--","--","00:32:58","00:33:15","2","18"
Cycling,2019-07-08 10:58:09,false,"Göteborg Cykling","7.38","295","00:26:39","148","177","3.8","--","--","16.6","51.0","92","94","--","--","--","--","--","--","--","--","--","--","0.0","--","--","--","--","--","--","--","--","--","--","--","--","--","--","--","--","--","--","--","--","--","--","--","24.0","No","00:06:51.6","2","32.0","--","--","--","--","--","--","--","--","00:26:35","00:26:42","5","80"
Cycling,2019-07-05 13:26:37,false,"Göteborg Cykling","7.46","140","00:23:49","109","121","1.6","--","--","18.8","34.1","53","60","--","--","--","--","--","--","--","--","--","--","0.0","--","--","--","--","--","--","--","--","--","--","--","--","--","--","--","--","--","--","--","--","--","--","--","23.0","No","00:07:58.0","2","27.0","--","--","--","--","--","--","--","--","00:23:46","00:23:57","'-14","20"
Cycling,2019-07-02 09:30:44,false,"Göteborg Cykling","7.03","265","00:25:49","141","171","3.4","--","--","16.3","28.1","55","55","--","--","--","--","--","--","--","--","--","--","0.0","--","--","--","--","--","--","--","--","--","--","--","--","--","--","--","--","--","--","--","--","--","--","--","21.0","No","00:06:57.4","2","29.0","--","--","--","--","--","--","--","--","00:25:47","00:25:49","'-2","25"
Running,2019-06-30 18:43:47,false,"Göteborg Löpning","3.02","250","00:24:42","143","178","3.9","140","169","8:11","5:56","30","21","0.87","--","--","--","--","--","--","--","--","--","0.0","--","--","--","--","--","--","--","--","--","--","--","--","3,422","--","--","--","--","--","--","--","--","--","--","26.0","No","00:00:12.2","4","29.0","--","--","--","--","--","--","--","--","00:24:23","00:24:42","'-3","20"
Cycling,2019-06-20 11:36:08,false,"Göteborg Cykling","6.82","259","00:25:09","142","170","3.7","--","--","16.3","27.7","124","50","--","--","--","--","--","--","--","--","--","--","0.0","--","--","--","--","--","--","--","--","--","--","--","--","--","--","--","--","--","--","--","--","--","--","--","25.0","No","00:06:12.7","2","30.0","--","--","--","--","--","--","--","--","00:25:05","00:25:09","'-3","21"
Cycling,2019-06-12 21:11:11,false,"Göteborg Cykling","9.42","338","00:32:02","146","182","4.3","--","--","17.6","30.9","72","72","--","--","--","--","--","--","--","--","--","--","0.0","--","--","--","--","--","--","--","--","--","--","--","--","--","--","--","--","--","--","--","--","--","--","--","19.0","No","00:13:28","2","29.0","--","--","--","--","--","--","--","--","00:31:49","00:32:02","'-0","25"
Cycling,2019-06-11 16:09:31,false,"Göteborg Cykling","6.71","131","00:23:49","105","127","1.5","--","--","16.9","44.7","56","57","--","--","--","--","--","--","--","--","--","--","0.0","--","--","--","--","--","--","--","--","--","--","--","--","--","--","--","--","--","--","--","--","--","--","--","22.0","No","00:04:34.1","2","30.0","--","--","--","--","--","--","--","--","00:23:36","00:23:49","1","25"
Cycling,2019-06-08 14:10:36,false,"Göteborg Cykling","9.37","180","00:31:36","108","127","1.5","--","--","17.8","24.3","75","73","--","--","--","--","--","--","--","--","--","--","0.0","--","--","--","--","--","--","--","--","--","--","--","--","--","--","--","--","--","--","--","--","--","--","--","25.0","No","00:14:06","2","30.0","--","--","--","--","--","--","--","--","00:31:23","00:31:36","'-0","24"
Cycling,2019-06-07 12:35:01,false,"Göteborg Cykling","7.80","237","00:25:50","133","173","3.5","--","--","18.1","31.9","58","61","--","--","--","--","--","--","--","--","--","--","0.0","--","--","--","--","--","--","--","--","--","--","--","--","--","--","--","--","--","--","--","--","--","--","--","22.0","No","00:04:18.3","3","27.0","--","--","--","--","--","--","--","--","00:25:29","00:25:51","'-27","'-7"
Cycling,2019-06-05 10:36:46,false,"Göteborg Cykling","1.22","37","00:04:18.3","127","154","2.0","--","--","17.0","21.6","10","7","--","--","--","--","--","--","--","--","--","--","0.0","--","--","--","--","--","--","--","--","--","--","--","--","--","--","--","--","--","--","--","--","--","--","--","29.0","No","--:--:--","1","29.0","--","--","--","--","--","--","--","--","00:04:16","00:04:18.3","'-1","9"
Pool Swim,2019-02-20 07:23:53,false,"Bassängsimning","1,000","367","00:19:08","--","--","--","--","--","1:55","0:35","--","--","--","--","--","--","--","--","--","--","--","--","0.0","--","--","--","--","--","--","--","--","--","389","77","20","--","--","--","--","--","--","--","--","--","--","--","--","No","00:12:41","2","--","--","--","--","--","--","--","--","--","00:19:08","00:23:56","--","--"
Pool Swim,2019-02-18 07:43:18,false,"Bassängsimning","700","234","00:17:20","--","--","--","--","--","2:18","0:54","--","--","--","--","--","--","--","--","--","--","--","--","0.0","--","--","--","--","--","--","--","--","--","304","91","19","--","--","--","--","--","--","--","--","--","--","--","--","No","00:01:08.8","5","--","--","--","--","--","--","--","--","--","00:16:06","00:23:46","--","--"
Pool Swim,2019-02-15 07:04:50,false,"Bassängsimning","1,100","350","00:29:09","--","--","--","--","--","2:38","0:43","--","--","--","--","--","--","--","--","--","--","--","--","0.0","--","--","--","--","--","--","--","--","--","525","103","18","--","--","--","--","--","--","--","--","--","--","--","--","No","00:06:22.6","3","--","--","--","--","--","--","--","--","--","00:29:04","00:34:27","--","--"
Pool Swim,2019-02-12 07:41:27,false,"Bassängsimning","900","303","00:19:57","--","--","--","--","--","2:12","0:36","--","--","--","--","--","--","--","--","--","--","--","--","0.0","--","--","--","--","--","--","--","--","--","386","87","19","--","--","--","--","--","--","--","--","--","--","--","--","No","00:02:22.4","3","--","--","--","--","--","--","--","--","--","00:19:49","00:23:37","--","--"
Pool Swim,2019-02-07 07:15:42,false,"Bassängsimning","25","413","00:26:00","--","--","--","--","--","1:44:44","--","--","--","--","--","--","--","--","--","--","--","--","--","0.0","--","--","--","--","--","--","--","--","--","--","--","--","--","--","--","--","--","--","--","--","--","--","--","--","No","--:--:--","1","--","--","--","--","--","--","--","--","--","--:--:--","00:00:00","--","--"
Pool Swim,2019-02-05 07:23:14,false,"Bassängsimning","1,000","340","00:24:55","--","--","--","--","--","2:28","0:34","--","--","--","--","--","--","--","--","--","--","--","--","0.0","--","--","--","--","--","--","--","--","--","458","97","19","--","--","--","--","--","--","--","--","--","--","--","--","No","00:08:20.9","2","--","--","--","--","--","--","--","--","--","00:24:44","00:29:18","--","--"
Pool Swim,2019-02-03 14:42:12,false,"Bassängsimning","1,000","331","00:27:55","--","--","--","--","--","2:48","2:26","--","--","--","--","--","--","--","--","--","--","--","--","0.0","--","--","--","--","--","--","--","--","--","534","110","19","--","--","--","--","--","--","--","--","--","--","--","--","No","00:11:36","3","--","--","--","--","--","--","--","--","--","00:27:55","00:30:30","--","--"
Pool Swim,2019-01-27 14:22:56,false,"Bassängsimning","800","269","00:23:14","--","--","--","--","--","2:54","0:40","--","--","--","--","--","--","--","--","--","--","--","--","0.0","--","--","--","--","--","--","--","--","--","431","114","19","--","--","--","--","--","--","--","--","--","--","--","--","No","--:--:--","4","--","--","--","--","--","--","--","--","--","00:23:14","00:27:25","--","--"
Running,2019-01-24 18:08:48,false,"Göteborg Löpning","1.57","134","00:11:06","158","177","2.9","158","166","7:03","6:05","14","6","0.90","--","--","--","--","--","--","--","--","--","0.0","--","--","--","--","--","--","--","--","--","--","--","--","1,746","--","--","--","--","--","--","--","--","--","--","11.0","No","--:--:--","2","27.0","--","--","--","--","--","--","--","--","00:11:00","00:11:06","2","12"
Running,2019-01-21 19:31:52,false,"Göteborg Löpning","1.73","159","00:12:57","162","185","3.1","157","164","7:29","6:19","19","7","0.85","--","--","--","--","--","--","--","--","--","0.0","--","--","--","--","--","--","--","--","--","--","--","--","2,024","--","--","--","--","--","--","--","--","--","--","13.0","No","--:--:--","2","29.0","--","--","--","--","--","--","--","--","00:12:44","00:12:57","2","14"
Running,2019-01-20 12:30:17,false,"Göteborg Löpning","2.17","201","00:15:57","167","182","3.4","159","166","7:22","6:11","19","11","0.86","--","--","--","--","--","--","--","--","--","0.0","--","--","--","--","--","--","--","--","--","--","--","--","2,526","--","--","--","--","--","--","--","--","--","--","12.0","No","--:--:--","3","29.0","--","--","--","--","--","--","--","--","00:15:34","00:15:57","2","14"
Running,2019-01-17 20:55:46,false,"Göteborg Löpning","2.22","255","00:19:59","164","182","3.6","152","162","9:01","6:13","21","15","0.73","--","--","--","--","--","--","--","--","--","0.0","--","--","--","--","--","--","--","--","--","--","--","--","3,012","--","--","--","--","--","--","--","--","--","--","9.0","No","--:--:--","3","29.0","--","--","--","--","--","--","--","--","00:19:50","00:19:59","2","17"
Running,2019-01-14 21:39:29,false,"Göteborg Löpning","2.19","191","00:15:54","156","163","3.2","157","162","7:17","6:07","20","12","0.88","--","--","--","--","--","--","--","--","--","0.0","--","--","--","--","--","--","--","--","--","--","--","--","2,480","--","--","--","--","--","--","--","--","--","--","14.0","No","--:--:--","3","28.0","--","--","--","--","--","--","--","--","00:15:54","00:15:57","2","15"
Running,2019-01-12 12:08:20,false,"Göteborg Löpning","3.16","342","00:26:11","166","178","5.0","153","162","8:18","7:04","33","21","0.79","--","--","--","--","--","--","--","--","--","0.0","--","--","--","--","--","--","--","--","--","--","--","--","3,992","--","--","--","--","--","--","--","--","--","--","10.0","No","--:--:--","4","27.0","--","--","--","--","--","--","--","--","00:26:14","00:26:11","22","41"
Running,2019-01-10 17:06:31,false,"Göteborg Löpning","2.34","224","00:21:02","147","157","3.6","150","160","8:58","7:12","18","14","0.74","--","--","--","--","--","--","--","--","--","0.0","--","--","--","--","--","--","--","--","--","--","--","--","3,150","--","--","--","--","--","--","--","--","--","--","11.0","No","--:--:--","3","28.0","--","--","--","--","--","--","--","--","00:21:02","00:21:02","2","15"
Running,2019-01-08 19:43:41,false,"Göteborg Löpning","2.05","205","00:18:01","154","185","3.8","146","160","8:49","6:11","25","18","0.78","--","--","--","--","--","--","--","--","--","0.0","--","--","--","--","--","--","--","--","--","--","--","--","2,642","--","--","--","--","--","--","--","--","--","--","10.0","No","--:--:--","3","28.0","--","--","--","--","--","--","--","--","00:18:01","00:18:01","2","16"
Running,2019-01-05 12:32:35,false,"Göteborg Löpning","1.19","124","00:10:59","154","172","3.1","140","169","9:16","6:44","14","7","0.77","--","--","--","--","--","--","--","--","--","0.0","--","--","--","--","--","--","--","--","--","--","--","--","1,516","--","--","--","--","--","--","--","--","--","--","16.0","No","--:--:--","2","27.0","--","--","--","--","--","--","--","--","00:11:00","00:10:59","2","12"
Running,2019-01-03 20:11:42,false,"Göteborg Löpning","2.14","237","00:19:05","157","177","3.6","146","165","8:55","7:07","19","9","0.77","--","--","--","--","--","--","--","--","--","0.0","--","--","--","--","--","--","--","--","--","--","--","--","2,772","--","--","--","--","--","--","--","--","--","--","12.0","No","--:--:--","3","30.0","--","--","--","--","--","--","--","--","00:19:05","00:19:05","2","17"
Running,2019-01-02 10:35:20,false,"Göteborg Löpning","1.75","169","00:13:26","162","177","3.2","149","165","7:40","5:08","19","10","0.87","--","--","--","--","--","--","--","--","--","0.0","--","--","--","--","--","--","--","--","--","--","--","--","1,964","--","--","--","--","--","--","--","--","--","--","14.0","No","--:--:--","2","29.0","--","--","--","--","--","--","--","--","00:13:26","00:13:26","2","13"
Running,2018-08-21 20:18:28,false,"Göteborg Löpning","1.23","94","00:07:46.2","156","190","2.7","157","161","6:20","5:58","12","6","1.01","--","--","--","--","--","--","--","--","--","0.0","--","--","--","--","--","--","--","--","--","--","--","--","1,214","--","--","--","--","--","--","--","--","--","--","22.0","No","--:--:--","2","29.0","--","--","--","--","--","--","--","--","00:07:46","00:07:46.2","1","10"
Running,2018-07-27 21:54:38,false,"Borås Löpning","2.02","197","00:15:12","163","188","3.6","149","159","7:31","5:50","20","114","0.89","--","--","--","--","--","--","--","--","--","0.0","--","--","--","--","--","--","--","--","--","--","--","--","2,298","--","--","--","--","--","--","--","--","--","--","27.0","No","--:--:--","3","29.0","--","--","--","--","--","--","--","--","00:15:06","00:15:13","304","316"
Running,2018-07-11 11:00:39,false,"Borås Löpning","2.33","208","00:16:34","161","195","3.6","139","162","7:06","5:15","27","31","1.01","--","--","--","--","--","--","--","--","--","0.0","--","--","--","--","--","--","--","--","--","--","--","--","2,352","--","--","--","--","--","--","--","--","--","--","28.0","No","--:--:--","3","30.0","--","--","--","--","--","--","--","--","00:16:17","00:16:34","286","309"
Running,2018-07-08 10:56:36,false,"Borås Löpning","2.60","260","00:21:31","160","194","3.7","134","232","8:17","5:12","38","39","0.90","--","--","--","--","--","--","--","--","--","0.0","--","--","--","--","--","--","--","--","--","--","--","--","2,882","--","--","--","--","--","--","--","--","--","--","26.0","No","--:--:--","3","29.0","--","--","--","--","--","--","--","--","00:21:34","00:21:31","298","318"
Running,2018-06-24 18:55:20,false,"Göteborg Löpning","1.17","88","00:07:05.7","156","172","2.6","161","166","6:02","5:12","4","3","1.03","--","--","--","--","--","--","--","--","--","0.0","--","--","--","--","--","--","--","--","--","--","--","--","1,130","--","--","--","--","--","--","--","--","--","--","27.0","No","--:--:--","2","29.0","--","--","--","--","--","--","--","--","00:07:05","00:10:27","'-1","8"
Running,2018-06-19 19:26:53,false,"Göteborg Löpning","1.12","71","00:06:03.5","153","167","2.6","159","164","5:26","4:35","7","9","1.16","--","--","--","--","--","--","--","--","--","0.0","--","--","--","--","--","--","--","--","--","--","--","--","964","--","--","--","--","--","--","--","--","--","--","20.0","No","--:--:--","2","29.0","--","--","--","--","--","--","--","--","00:06:04","00:06:03.5","'-14","12"
Running,2018-06-16 09:36:51,false,"Göteborg Löpning","1.64","135","00:11:23","160","182","3.2","146","166","6:57","5:12","10","6","0.98","--","--","--","--","--","--","--","--","--","0.0","--","--","--","--","--","--","--","--","--","--","--","--","1,666","--","--","--","--","--","--","--","--","--","--","25.0","No","--:--:--","2","29.0","--","--","--","--","--","--","--","--","00:11:23","00:11:23","'-1","9"
Running,2018-06-12 20:20:24,false,"Göteborg Löpning","2.70","247","00:19:34","162","180","4.2","154","160","7:15","5:36","23","15","0.90","--","--","--","--","--","--","--","--","--","0.0","--","--","--","--","--","--","--","--","--","--","--","--","3,000","--","--","--","--","--","--","--","--","--","--","25.0","No","--:--:--","3","30.0","--","--","--","--","--","--","--","--","00:19:34","00:19:34","'-0","20"
Running,2018-06-04 20:34:34,false,"Göteborg Löpning","1.22","100","00:08:22.7","154","174","2.4","149","161","6:51","5:19","11","6","0.98","--","--","--","--","--","--","--","--","--","0.0","--","--","--","--","--","--","--","--","--","--","--","--","1,236","--","--","--","--","--","--","--","--","--","--","27.0","No","--:--:--","2","32.0","--","--","--","--","--","--","--","--","00:08:22","00:08:22.7","1","9"
Running,2018-05-27 19:51:34,false,"Göteborg Löpning","2.72","253","00:19:28","167","185","3.6","151","162","7:10","5:58","24","8","0.92","--","--","--","--","--","--","--","--","--","0.0","--","--","--","--","--","--","--","--","--","--","--","--","2,932","--","--","--","--","--","--","--","--","--","--","26.0","No","--:--:--","3","29.0","--","--","--","--","--","--","--","--","00:19:28","00:19:28","'-2","20"
Running,2018-05-20 19:52:44,false,"Göteborg Löpning","2.01","127","00:12:13","145","190","2.7","155","162","6:05","4:56","24","6","1.06","--","--","--","--","--","--","--","--","--","0.0","--","--","--","--","--","--","--","--","--","--","--","--","1,890","--","--","--","--","--","--","--","--","--","--","25.0","No","--:--:--","3","30.0","--","--","--","--","--","--","--","--","00:12:14","00:12:13","1","21"
Running,2018-05-16 19:41:13,false,"Göteborg Löpning","2.14","130","00:13:18","138","146","2.4","152","162","6:13","0:56","21","6","1.05","--","--","--","--","--","--","--","--","--","0.0","--","--","--","--","--","--","--","--","--","--","--","--","2,020","--","--","--","--","--","--","--","--","--","--","26.0","No","--:--:--","3","30.0","--","--","--","--","--","--","--","--","00:13:29","00:13:18","'-160","'-142"
Running,2018-05-10 15:08:31,false,"Göteborg Löpning","2.19","199","00:15:54","166","193","4.1","144","159","7:16","5:34","20","12","0.95","--","--","--","--","--","--","--","--","--","0.0","--","--","--","--","--","--","--","--","--","--","--","--","2,270","--","--","--","--","--","--","--","--","--","--","29.0","No","--:--:--","3","30.0","--","--","--","--","--","--","--","--","00:15:54","00:15:54","'-132","'-112"
Cycling,2018-05-06 19:59:39,false,"Göteborg Cykling","8.73","372","00:28:38","170","186","5.0","--","--","18.3","26.2","41","33","--","--","--","--","--","--","--","--","--","--","0.0","--","--","--","--","--","--","--","--","--","--","--","--","--","--","--","--","--","--","--","--","--","--","--","22.0","No","--:--:--","2","26.0","--","--","--","--","--","--","--","--","00:28:05","00:28:38","'-142","'-125"
Cycling,2018-05-06 17:08:52,false,"Göteborg Cykling","10.89","544","00:46:42","157","189","5.0","--","--","14.0","26.1","73","66","--","--","--","--","--","--","--","--","--","--","0.0","--","--","--","--","--","--","--","--","--","--","--","--","--","--","--","--","--","--","--","--","--","--","--","24.0","No","--:--:--","3","28.0","--","--","--","--","--","--","--","--","00:45:42","00:46:42","'-154","'-127"
Cycling,2018-04-20 20:52:39,false,"Borås Cykling","2.53","143","00:15:55","133","163","2.3","--","--","9.5","24.1","121","30","--","--","--","--","--","--","--","--","--","--","0.0","--","--","--","--","--","--","--","--","--","--","--","--","--","--","--","--","--","--","--","--","--","--","--","21.0","No","--:--:--","1","27.0","--","--","--","--","--","--","--","--","00:15:55","00:15:55","189","207"
Cycling,2018-04-08 12:24:24,false,"Göteborg Cykling","10.84","328","00:34:51","138","174","3.5","--","--","18.7","33.6","189","45","--","--","--","--","--","--","--","--","--","--","0.0","--","--","--","--","--","--","--","--","--","--","--","--","--","--","--","--","--","--","--","--","--","--","--","23.0","No","--:--:--","3","30.0","--","--","--","--","--","--","--","--","00:34:13","00:34:51","'-104","'-83"
Running,2018-04-02 10:33:12,false,"Göteborg Löpning","2.01","141","00:16:39","135","157","3.0","133","164","8:18","5:41","17","6","0.90","--","--","--","--","--","--","--","--","--","0.0","--","--","--","--","--","--","--","--","--","--","--","--","2,204","--","--","--","--","--","--","--","--","--","--","16.0","No","--:--:--","3","27.0","--","--","--","--","--","--","--","--","00:16:39","00:16:39","'-96","'-82"
Other,2018-03-16 11:41:35,false,"Badminton","0.00","--","00:45:17","--","--","--","--","--","--","--","--","--","--","--","--","--","--","--","--","--","--","--","0.0","--","--","--","--","--","--","--","--","--","--","--","--","--","--","--","--","--","--","--","--","--","--","--","24.0","No","--:--:--","3","27.0","--","--","--","--","--","--","--","--","00:00:00","00:45:17","'-148","'-148"
Resort Skiing/Snowboarding,2018-03-10 08:59:32,false,"Engelberg Skidåkning","0.04","17","00:00:41.0","112","134","1.0","--","--","3.7","14.6","--","19","--","--","--","--","--","--","--","--","--","--","0.0","--","--","--","--","--","--","--","--","--","--","--","--","--","--","--","--","--","--","--","--","--","--","--","26.0","No","--:--:--","1","30.0","--","--","--","--","--","--","--","--","00:00:41.0","00:07:24.0","1,148","1,681"
Resort Skiing/Snowboarding,2018-03-09 14:26:46,false,"Engelberg Skidåkning","10.89","389","00:41:50","86","115","1.2","--","--","15.6","46.5","--","2,055","--","--","--","--","--","--","--","--","--","--","0.0","--","--","--","--","--","--","--","--","--","--","--","--","--","--","--","--","--","--","--","--","--","--","--","13.0","No","--:--:--","2","18.0","--","--","--","--","--","--","--","--","00:42:33","01:33:18","894","2,926"
Cross Country Classic Skiing,2018-03-04 16:35:28,false,"Borås Längdskidor","2.31","177","00:19:00","136","161","2.8","48","155","7.3","21.2","17","46","2.52","--","--","--","--","--","--","--","--","--","0.0","--","--","--","--","--","--","--","--","--","--","--","--","664","--","--","--","--","--","--","--","--","--","--","23.0","No","--:--:--","1","28.0","--","--","--","--","--","--","--","--","00:17:27","00:19:00","225","260"
Cross Country Classic Skiing,2018-03-04 15:22:41,false,"Borås Längdskidor","2.15","216","00:22:27","139","169","3.0","59","159","5.7","16.9","32","19","1.63","--","--","--","--","--","--","--","--","--","0.0","--","--","--","--","--","--","--","--","--","--","--","--","702","--","--","--","--","--","--","--","--","--","--","23.0","No","--:--:--","1","28.0","--","--","--","--","--","--","--","--","00:20:51","00:22:27","240","264"
Pool Swim,2018-02-26 07:07:38,false,"Bassängsimning","200","69","00:08:42.5","--","--","--","--","--","2:20","1:54","--","--","--","--","--","--","--","--","--","--","--","--","0.0","--","--","--","--","--","--","--","--","--","80","90","17","--","--","--","--","--","--","--","--","--","--","--","--","No","--:--:--","4","--","--","--","--","--","--","--","--","--","00:04:40.4","00:21:44","--","--"
Pool Swim,2018-02-19 07:27:31,false,"Bassängsimning","750","259","00:17:24","--","--","--","--","--","2:19","1:09","--","--","--","--","--","--","--","--","--","--","--","--","0.0","--","--","--","--","--","--","--","--","--","289","89","17","--","--","--","--","--","--","--","--","--","--","--","--","No","--:--:--","3","--","--","--","--","--","--","--","--","--","00:17:24","00:23:15","--","--"
Pool Swim,2018-01-22 07:43:27,false,"Bassängsimning","850","242","00:19:49","--","--","--","--","--","2:13","0:34","--","--","--","--","--","--","--","--","--","--","--","--","0.0","--","--","--","--","--","--","--","--","--","327","86","17","--","--","--","--","--","--","--","--","--","--","--","--","No","--:--:--","3","--","--","--","--","--","--","--","--","--","00:18:48","00:25:00","--","--"
Pool Swim,2018-01-18 07:32:43,false,"Bassängsimning","1,250","386","00:27:17","--","--","--","--","--","2:09","0:40","--","--","--","--","--","--","--","--","--","--","--","--","0.0","--","--","--","--","--","--","--","--","--","477","84","18","--","--","--","--","--","--","--","--","--","--","--","--","No","--:--:--","3","--","--","--","--","--","--","--","--","--","00:26:55","00:32:29","--","--"
Pool Swim,2018-01-15 07:07:56,false,"Bassängsimning","850","254","00:21:55","--","--","--","--","--","2:26","0:49","--","--","--","--","--","--","--","--","--","--","--","--","0.0","--","--","--","--","--","--","--","--","--","351","94","17","--","--","--","--","--","--","--","--","--","--","--","--","No","--:--:--","2","--","--","--","--","--","--","--","--","--","00:20:40","00:26:51","--","--"
Pool Swim,2018-01-09 12:04:43,false,"Bassängsimning","1,100","353","00:24:56","--","--","--","--","--","2:01","0:37","--","--","--","--","--","--","--","--","--","--","--","--","0.0","--","--","--","--","--","--","--","--","--","398","79","18","--","--","--","--","--","--","--","--","--","--","--","--","No","--:--:--","3","--","--","--","--","--","--","--","--","--","00:22:11","00:27:33","--","--"
Pool Swim,2017-09-19 07:26:17,false,"Bassängsimning","1,050","333","00:24:29","--","--","--","--","--","2:07","0:32","--","--","--","--","--","--","--","--","--","--","--","--","0.0","--","--","--","--","--","--","--","--","--","373","81","17","--","--","--","--","--","--","--","--","--","--","--","--","No","--:--:--","2","--","--","--","--","--","--","--","--","--","00:22:14","00:26:39","--","--"
Pool Swim,2017-09-17 11:23:23,false,"Bassängsimning","1,200","364","00:30:18","--","--","--","--","--","2:23","0:29","--","--","--","--","--","--","--","--","--","--","--","--","0.0","--","--","--","--","--","--","--","--","--","517","93","18","--","--","--","--","--","--","--","--","--","--","--","--","No","--:--:--","--","--","--","--","--","--","--","--","--","--","00:28:40","00:35:57","--","--"
Pool Swim,2017-09-14 07:19:55,false,"Bassängsimning","500","147","00:28:12","--","--","--","--","--","2:37","2:16","--","--","--","--","--","--","--","--","--","--","--","--","0.0","--","--","--","--","--","--","--","--","--","209","99","16","--","--","--","--","--","--","--","--","--","--","--","--","No","--:--:--","--","--","--","--","--","--","--","--","--","--","00:13:05","00:29:05","--","--"
Pool Swim,2017-09-12 07:09:52,false,"Bassängsimning","800","245","00:21:11","--","--","--","--","--","2:33","1:29","--","--","--","--","--","--","--","--","--","--","--","--","0.0","--","--","--","--","--","--","--","--","--","366","99","18","--","--","--","--","--","--","--","--","--","--","--","--","No","--:--:--","--","--","--","--","--","--","--","--","--","--","00:20:23","00:22:44","--","--"
Pool Swim,2017-08-29 07:22:04,false,"Bassängsimning","600","178","00:16:50","--","--","--","--","--","2:48","1:56","--","--","--","--","--","--","--","--","--","--","--","--","0.0","--","--","--","--","--","--","--","--","--","300","109","18","--","--","--","--","--","--","--","--","--","--","--","--","No","--:--:--","--","--","--","--","--","--","--","--","--","--","00:16:50","00:19:04","--","--"
Running,2017-07-13 10:18:39,false,"Sävedalen Running","2.01","139","00:13:13","159","181","2.6","150","163","6:35","5:18","20","5","1.01","--","--","--","--","--","--","--","--","--","0.0","--","--","--","--","--","--","--","--","--","--","--","--","1,966","--","--","--","--","--","--","--","--","--","--","25.0","No","--:--:--","--","30.0","--","--","--","--","--","--","--","--","--:--:--","00:13:13","'-178","'-159"
Running,2017-06-14 19:54:59,false,"Sävedalen Running","2.99","223","00:20:21","160","177","3.0","151","162","6:49","5:14","23","15","0.97","--","--","--","--","--","--","--","--","--","0.0","--","--","--","--","--","--","--","--","--","--","--","--","3,062","--","--","--","--","--","--","--","--","--","--","23.0","No","--:--:--","--","28.0","--","--","--","--","--","--","--","--","--:--:--","00:20:21","'-151","'-128"
Running,2017-06-06 17:02:54,false,"Sävedalen Running","3.57","261","00:25:15","157","179","3.0","151","164","7:04","5:44","19","24","0.94","--","--","--","--","--","--","--","--","--","0.0","--","--","--","--","--","--","--","--","--","--","--","--","3,790","--","--","--","--","--","--","--","--","--","--","26.0","No","--:--:--","--","29.0","--","--","--","--","--","--","--","--","--:--:--","00:25:15","'-68","'-55"
Running,2017-05-31 20:40:37,false,"Sävedalen Running","1.37","77","00:08:37.8","144","164","1.9","156","166","6:18","5:25","91","5","1.01","--","--","--","--","--","--","--","--","--","0.0","--","--","--","--","--","--","--","--","--","--","--","--","1,342","--","--","--","--","--","--","--","--","--","--","21.0","No","--:--:--","--","29.0","--","--","--","--","--","--","--","--","--:--:--","00:08:37.8","'-49","'-40"
Running,2017-05-26 20:37:10,false,"Sävedalen Running","4.94","318","00:35:46","152","179","2.7","148","175","7:14","4:40","61","59","0.93","--","--","--","--","--","--","--","--","--","0.0","--","--","--","--","--","--","--","--","--","--","--","--","5,248","--","--","--","--","--","--","--","--","--","--","22.0","No","--:--:--","--","27.0","--","--","--","--","--","--","--","--","--:--:--","00:35:46","'-40","9"
Running,2017-05-22 20:23:42,false,"Sävedalen Running","1.53","95","00:10:35","145","168","2.0","163","171","6:56","5:40","10","4","0.89","--","--","--","--","--","--","--","--","--","0.0","--","--","--","--","--","--","--","--","--","--","--","--","1,718","--","--","--","--","--","--","--","--","--","--","19.0","No","--:--:--","--","30.0","--","--","--","--","--","--","--","--","--:--:--","00:11:06","'-38","'-28"
Running,2017-05-20 14:21:41,false,"Hisings Backa Running","21.44","1,885","02:30:41","177","201","5.0","150","166","7:02","4:50","164","186","0.95","--","--","--","--","--","--","--","--","--","0.0","--","--","--","--","--","--","--","--","--","--","--","--","22,514","--","--","--","--","--","--","--","--","--","--","21.0","No","--:--:--","--","27.0","--","--","--","--","--","--","--","--","--:--:--","02:32:25","'-31","30"
Running,2017-05-18 19:41:26,false,"Sävedalen Running","4.81","400","00:35:19","160","185","4.6","150","198","7:21","4:02","70","66","0.91","--","--","--","--","--","--","--","--","--","0.0","--","--","--","--","--","--","--","--","--","--","--","--","5,260","--","--","--","--","--","--","--","--","--","--","25.0","No","--:--:--","--","30.0","--","--","--","--","--","--","--","--","--:--:--","00:36:51","25","72"
Running,2017-05-15 18:12:26,false,"Sävedalen Running","11.41","865","01:27:26","151","176","4.2","146","164","7:40","4:48","46","60","--","--","--","--","--","--","--","--","--","--","0.0","--","--","--","--","--","--","--","--","--","--","--","--","12,670","--","--","--","--","--","--","--","--","--","--","21.0","No","--:--:--","--","29.0","--","--","--","--","--","--","--","--","--:--:--","01:39:50","'-11","22"
Running,2017-05-12 18:29:20,false,"Sävedalen Running","6.05","519","00:46:54","154","173","5.0","146","159","7:45","5:17","85","83","0.89","--","--","--","--","--","--","--","--","--","0.0","--","--","--","--","--","--","--","--","--","--","--","--","6,810","--","--","--","--","--","--","--","--","--","--","19.0","No","--:--:--","--","26.0","--","--","--","--","--","--","--","--","--:--:--","00:46:54","4","77"
Running,2017-05-08 19:28:05,false,"Sävedalen Running","2.06","154","00:14:13","149","165","3.4","149","244","6:54","4:59","15","14","0.98","--","--","--","--","--","--","--","--","--","0.0","--","--","--","--","--","--","--","--","--","--","--","--","2,096","--","--","--","--","--","--","--","--","--","--","12.0","No","--:--:--","--","16.0","--","--","--","--","--","--","--","--","--:--:--","00:14:13","16","31"
Running,2017-05-02 19:04:58,false,"Sävedalen Running","3.12","249","00:21:40","155","166","3.6","153","163","6:56","5:20","22","15","0.95","--","--","--","--","--","--","--","--","--","0.0","--","--","--","--","--","--","--","--","--","--","--","--","3,300","--","--","--","--","--","--","--","--","--","--","21.0","No","--:--:--","--","28.0","--","--","--","--","--","--","--","--","--:--:--","00:21:40","'-54","'-31"
Running,2017-04-22 14:16:46,false,"Sävedalen Running","3.24","244","00:22:38","152","175","3.3","151","166","7:00","4:54","13","24","0.96","--","--","--","--","--","--","--","--","--","0.0","--","--","--","--","--","--","--","--","--","--","--","--","3,374","--","--","--","--","--","--","--","--","--","--","17.0","No","--:--:--","--","26.0","--","--","--","--","--","--","--","--","--:--:--","00:22:38","'-56","'-41"
Running,2017-04-20 19:58:00,false,"Sävedalen Running","3.00","220","00:18:58","158","173","3.1","157","166","6:19","4:10","5","15","1.20","--","--","--","--","--","--","--","--","--","0.0","--","--","--","--","--","--","--","--","--","--","--","--","2,968","--","--","--","--","--","--","--","--","--","--","15.0","No","--:--:--","--","30.0","--","--","--","--","--","--","--","--","--:--:--","00:18:58","'-81","'-71"
Running,2017-03-31 18:32:59,false,"Sävedalen Running","3.86","293","00:28:56","151","178","3.1","143","175","7:30","5:54","63","37","0.94","--","--","--","--","--","--","--","--","--","0.0","--","--","--","--","--","--","--","--","--","--","--","--","4,096","--","--","--","--","--","--","--","--","--","--","18.0","No","--:--:--","--","28.0","--","--","--","--","--","--","--","--","--:--:--","00:28:56","'-10","41"
Running,2017-03-27 20:26:53,false,"Sävedalen Running","5.61","463","00:38:34","158","181","4.0","156","164","6:53","4:45","54","56","0.93","--","--","--","--","--","--","--","--","--","0.0","--","--","--","--","--","--","--","--","--","--","--","--","6,020","--","--","--","--","--","--","--","--","--","--","15.0","No","--:--:--","--","30.0","--","--","--","--","--","--","--","--","--:--:--","00:41:05","'-17","28"
Running,2017-03-25 15:50:05,false,"Sävedalen Running","4.75","375","00:31:57","157","185","3.5","153","169","6:43","5:05","20","38","0.99","--","--","--","--","--","--","--","--","--","0.0","--","--","--","--","--","--","--","--","--","--","--","--","4,806","--","--","--","--","--","--","--","--","--","--","18.0","No","--:--:--","--","28.0","--","--","--","--","--","--","--","--","--:--:--","00:31:57","'-30","'-17"
Running,2017-03-20 18:47:13,false,"Sävedalen Löpning","5.11","355","00:32:32","153","174","3.5","162","171","6:22","4:35","69","61","0.97","--","--","--","--","--","--","--","--","--","0.0","--","--","--","--","--","--","--","--","--","--","--","--","5,254","--","--","--","--","--","--","--","--","--","--","13.0","No","--:--:--","--","29.0","--","--","--","--","--","--","--","--","--:--:--","00:32:32","46","97"
Running,2017-03-18 12:31:03,false,"Sävedalen Löpning","13.51","1,057","01:34:16","158","176","4.1","149","168","6:59","4:29","68","84","0.96","--","--","--","--","--","--","--","--","--","0.0","--","--","--","--","--","--","--","--","--","--","--","--","14,034","--","--","--","--","--","--","--","--","--","--","14.0","No","--:--:--","--","29.0","--","--","--","--","--","--","--","--","--:--:--","01:55:07","33","71"
Pool Swim,2017-03-17 07:49:00,false,"Lap Swimming","700","209","00:18:54","--","--","--","--","--","2:30","1:29","--","--","--","--","--","--","--","--","--","--","--","--","0.0","--","--","--","--","--","--","--","--","--","338","99","19","--","--","--","--","--","--","--","--","--","--","--","--","No","--:--:--","--","--","--","--","--","--","--","--","--","--","--:--:--","00:19:16","--","--"
Running,2017-03-14 19:36:17,false,"Sävedalen Running","4.79","365","00:29:33","167","180","3.8","157","171","6:10","4:48","58","51","1.03","--","--","--","--","--","--","--","--","--","0.0","--","--","--","--","--","--","--","--","--","--","--","--","4,634","--","--","--","--","--","--","--","--","--","--","13.0","No","--:--:--","--","30.0","--","--","--","--","--","--","--","--","--:--:--","00:33:41","37","81"
Pool Swim,2017-03-13 08:16:32,false,"Lap Swimming","950","274","00:23:45","--","--","--","--","--","2:07","0:29","--","--","--","--","--","--","--","--","--","--","--","--","0.0","--","--","--","--","--","--","--","--","--","377","84","19","--","--","--","--","--","--","--","--","--","--","--","--","No","--:--:--","--","--","--","--","--","--","--","--","--","--","--:--:--","00:25:32","--","--"
Running,2017-03-11 19:51:43,false,"Sävedalen Running","5.55","442","00:41:29","148","165","3.1","158","169","7:28","5:17","63","61","0.85","--","--","--","--","--","--","--","--","--","0.0","--","--","--","--","--","--","--","--","--","--","--","--","6,564","--","--","--","--","--","--","--","--","--","--","11.0","No","--:--:--","--","27.0","--","--","--","--","--","--","--","--","--:--:--","00:44:25","8","56"
Running,2017-03-09 19:46:23,false,"Sävedalen Running","5.53","426","00:34:13","166","180","4.3","157","171","6:11","4:46","63","71","1.03","--","--","--","--","--","--","--","--","--","0.0","--","--","--","--","--","--","--","--","--","--","--","--","5,354","--","--","--","--","--","--","--","--","--","--","14.0","No","--:--:--","--","28.0","--","--","--","--","--","--","--","--","--:--:--","00:34:20","11","66"
Running,2017-03-04 11:25:08,false,"Sävedalen Running","14.48","1,091","01:41:45","150","188","4.2","149","181","7:01","4:19","86","84","0.96","--","--","--","--","--","--","--","--","--","0.0","--","--","--","--","--","--","--","--","--","--","--","--","15,066","--","--","--","--","--","--","--","--","--","--","14.0","No","--:--:--","--","26.0","--","--","--","--","--","--","--","--","--:--:--","01:41:45","3","30"
Pool Swim,2017-03-02 08:38:08,false,"Lap Swimming","700","208","00:21:26","--","--","--","--","--","2:32","1:30","--","--","--","--","--","--","--","--","--","--","--","--","0.0","--","--","--","--","--","--","--","--","--","335","100","19","--","--","--","--","--","--","--","--","--","--","--","--","No","--:--:--","--","--","--","--","--","--","--","--","--","--","--:--:--","00:24:34","--","--"
Running,2017-02-28 20:59:28,false,"Göteborg Running","8.07","649","00:58:56","150","173","3.7","145","169","7:18","4:47","292","59","0.95","--","--","--","--","--","--","--","--","--","0.0","--","--","--","--","--","--","--","--","--","--","--","--","8,484","--","--","--","--","--","--","--","--","--","--","14.0","No","--:--:--","--","29.0","--","--","--","--","--","--","--","--","--:--:--","00:58:56","22","62"
Pool Swim,2017-02-27 08:01:40,false,"Lap Swimming","1,250","353","00:32:45","--","--","--","--","--","2:22","0:59","--","--","--","--","--","--","--","--","--","--","--","--","0.0","--","--","--","--","--","--","--","--","--","537","92","18","--","--","--","--","--","--","--","--","--","--","--","--","No","--:--:--","--","--","--","--","--","--","--","--","--","--","--:--:--","00:32:54","--","--"
Running,2017-02-25 11:20:21,false,"Sävedalen Running","6.00","522","00:40:38","156","177","5.0","151","175","6:47","4:44","57","59","0.98","--","--","--","--","--","--","--","--","--","0.0","--","--","--","--","--","--","--","--","--","--","--","--","6,118","--","--","--","--","--","--","--","--","--","--","15.0","No","--:--:--","--","29.0","--","--","--","--","--","--","--","--","--:--:--","00:40:38","7","52"
Running,2017-02-24 16:57:02,false,"Sävedalen Running","2.98","177","00:16:37","142","180","3.5","159","168","5:34","4:23","24","14","1.13","--","--","--","--","--","--","--","--","--","0.0","--","--","--","--","--","--","--","--","--","--","--","--","2,646","--","--","--","--","--","--","--","--","--","--","8.0","No","--:--:--","--","29.0","--","--","--","--","--","--","--","--","--:--:--","00:16:37","22","47"
Pool Swim,2017-02-21 07:45:47,false,"Lap Swimming","2,150","696","00:45:28","--","--","--","--","--","1:55","0:37","--","--","--","--","--","--","--","--","--","--","--","--","0.0","--","--","--","--","--","--","--","--","--","717","74","17","--","--","--","--","--","--","--","--","--","--","--","--","No","--:--:--","--","--","--","--","--","--","--","--","--","--","--:--:--","00:48:25","--","--"
Running,2017-02-19 13:04:28,false,"Sävedalen Running","10.51","901","01:12:46","152","187","5.0","146","166","6:55","4:44","103","107","1.01","--","--","--","--","--","--","--","--","--","0.0","--","--","--","--","--","--","--","--","--","--","--","--","10,430","--","--","--","--","--","--","--","--","--","--","13.0","No","--:--:--","--","25.0","--","--","--","--","--","--","--","--","--:--:--","01:12:47","'-9","68"
Running,2017-02-16 20:15:40,false,"Sävedalen Running","2.50","221","00:17:25","137","166","2.7","157","162","6:58","5:58","26","11","0.92","--","--","--","--","--","--","--","--","--","0.0","--","--","--","--","--","--","--","--","--","--","--","--","2,720","--","--","--","--","--","--","--","--","--","--","14.0","No","--:--:--","--","29.0","--","--","--","--","--","--","--","--","--:--:--","00:17:25","16","36"
Pool Swim,2017-02-16 08:31:20,false,"Lap Swimming","1,000","307","00:30:12","--","--","--","--","--","2:36","1:21","--","--","--","--","--","--","--","--","--","--","--","--","0.0","--","--","--","--","--","--","--","--","--","494","103","19","--","--","--","--","--","--","--","--","--","--","--","--","No","--:--:--","--","--","--","--","--","--","--","--","--","--","--:--:--","00:30:25","--","--"
Running,2017-02-11 13:17:00,false,"Running","9.36","878","01:32:25","131","167","--","--","--","9:52","--","--","--","--","--","--","--","--","--","--","--","--","--","0.0","--","--","--","--","--","--","--","--","--","--","--","--","9,656","--","--","--","--","--","--","--","--","--","--","--","No","--:--:--","--","--","--","--","--","--","--","--","--","--","--:--:--","01:32:25","--","--"
Running,2017-02-09 19:50:00,false,"Running","4.95","434","00:37:01","144","171","--","--","--","7:29","--","--","--","--","--","--","--","--","--","--","--","--","--","0.0","--","--","--","--","--","--","--","--","--","--","--","--","4,906","--","--","--","--","--","--","--","--","--","--","--","No","--:--:--","--","--","--","--","--","--","--","--","--","--","--:--:--","00:37:01","--","--"
Walking,2016-07-09 16:59:33,false,"Walking","0.99","346","00:32:27","131","164","--","--","--","32:49","--","--","--","--","--","--","--","--","--","--","--","--","--","0.0","--","--","--","--","--","--","--","--","--","--","--","--","1,244","--","--","--","--","--","--","--","--","--","--","--","No","--:--:--","--","--","--","--","--","--","--","--","--","--","--:--:--","00:32:27","--","--"
Walking,2016-07-09 08:02:00,false,"Walking","1.77","471","00:47:24","130","162","--","--","--","26:50","--","--","--","--","--","--","--","--","--","--","--","--","--","0.0","--","--","--","--","--","--","--","--","--","--","--","--","2,224","--","--","--","--","--","--","--","--","--","--","--","No","--:--:--","--","--","--","--","--","--","--","--","--","--","--:--:--","00:47:24","--","--"
Running,2016-07-03 18:40:43,false,"Running","4.05","386","00:33:17","144","182","--","--","--","8:13","--","--","--","--","--","--","--","--","--","--","--","--","--","0.0","--","--","--","--","--","--","--","--","--","--","--","--","4,184","--","--","--","--","--","--","--","--","--","--","--","No","--:--:--","--","--","--","--","--","--","--","--","--","--","--:--:--","00:33:17","--","--"
Running,2016-06-30 10:31:00,false,"Running","5.68","676","01:01:55","134","177","--","--","--","10:54","--","--","--","--","--","--","--","--","--","--","--","--","--","0.0","--","--","--","--","--","--","--","--","--","--","--","--","5,954","--","--","--","--","--","--","--","--","--","--","--","No","--:--:--","--","--","--","--","--","--","--","--","--","--","--:--:--","01:01:55","--","--"
Other,2016-06-26 20:19:44,false,"Other","--","60","00:13:41","94","116","--","--","--","--","--","--","--","--","--","--","--","--","--","--","--","--","--","0.0","--","--","--","--","--","--","--","--","--","--","--","--","--","--","--","--","--","--","--","--","--","--","--","--","No","--:--:--","--","--","--","--","--","--","--","--","--","--","--:--:--","00:13:41","--","--"
Running,2016-06-26 19:02:48,false,"Running","6.91","757","01:16:48","129","173","--","--","--","11:07","--","--","--","--","--","--","--","--","--","--","--","--","--","0.0","--","--","--","--","--","--","--","--","--","--","--","--","6,960","--","--","--","--","--","--","--","--","--","--","--","No","--:--:--","--","--","--","--","--","--","--","--","--","--","--:--:--","01:16:48","--","--"
Running,2016-01-05 22:51:25,false,"Sävedalen Löpning","5.62","318","00:55:25","126","177","3.3","117","160","9:51","5:31","71","70","0.86","--","--","--","--","--","--","--","--","--","0.0","--","--","--","--","--","--","--","--","--","--","--","--","6,524","--","--","--","--","--","--","--","--","--","--","23.0","No","--:--:--","--","27.0","--","--","--","--","--","--","--","--","14395:23:54","00:55:25","'-378","'-312"
Running,2016-01-01 02:01:08,false,"Sävedalen Running","5.12","551","00:33:27","157","175","4.2","155","166","6:32","4:34","64","61","0.99","--","--","--","--","--","--","--","--","--","0.0","--","--","--","--","--","--","--","--","--","--","--","--","5,188","--","--","--","--","--","--","--","--","--","--","7.0","No","--:--:--","--","29.0","--","--","--","--","--","--","--","--","--:--:--","00:33:27","'-176","'-125"
Running,2015-12-12 17:13:13,false,"Untitled","5.64","640","00:56:47","139","186","--","--","--","10:04","--","--","--","--","--","--","--","--","--","--","--","--","--","0.0","--","--","--","--","--","--","--","--","--","--","--","--","5,914","--","--","--","--","--","--","--","--","--","--","--","No","--:--:--","--","--","--","--","--","--","--","--","--","--","--:--:--","00:NaN:NaN","--","--"
Walking,2015-12-09 08:30:42,false,"Untitled","3.37","356","00:36:18","131","190","--","--","--","10:47","--","--","--","--","--","--","--","--","--","--","--","--","--","0.0","--","--","--","--","--","--","--","--","--","--","--","--","3,612","--","--","--","--","--","--","--","--","--","--","--","No","--:--:--","--","--","--","--","--","--","--","--","--","--","--:--:--","00:NaN:NaN","--","--"
Running,2015-12-06 17:44:22,false,"Untitled","5.17","536","00:38:38","156","181","--","--","--","7:29","--","--","--","--","--","--","--","--","--","--","--","--","--","0.0","--","--","--","--","--","--","--","--","--","--","--","--","5,254","--","--","--","--","--","--","--","--","--","--","--","No","--:--:--","--","--","--","--","--","--","--","--","--","--","--:--:--","00:NaN:NaN","--","--"
Other,2015-12-05 10:11:33,false,"Untitled","0.18","32","00:27:27","79","105","--","--","--","0.4","--","--","--","--","--","--","--","--","--","--","--","--","--","0.0","--","--","--","--","--","--","--","--","--","--","--","--","204","--","--","--","--","--","--","--","--","--","--","--","No","--:--:--","--","--","--","--","--","--","--","--","--","--","--:--:--","00:NaN:NaN","--","--"
